id,week,weekly_sales,forecast,assumed_on_hand,assumed_on_order,assumed_lead_time_weeks,projected_lead_time_demand,available_inventory,stockout_risk,overstock_risk,risk_status
FOODS_1_001_CA_1_validation,2016-03-14,10,4.399460083123886,20.0,0,2,8.798920166247772,20.0,False,False,Normal
FOODS_1_001_CA_1_validation,2016-03-21,6,6.176116301879488,16.0,0,2,12.352232603758976,16.0,False,False,Normal
FOODS_1_001_CA_1_validation,2016-03-28,8,5.985587155853974,16.0,0,2,11.971174311707948,16.0,False,False,Normal
FOODS_1_001_CA_1_validation,2016-04-04,11,6.887114628118825,18.0,0,2,13.77422925623765,18.0,False,False,Normal
FOODS_1_001_CA_1_validation,2016-04-11,6,8.346127354976778,16.0,0,2,16.692254709953556,16.0,True,False,Stockout Risk
FOODS_1_001_CA_1_validation,2016-04-18,8,7.193474946488883,16.0,0,2,14.386949892977766,16.0,False,False,Normal
FOODS_1_002_CA_1_validation,2016-03-14,7,2.9027132287820128,14.0,0,2,5.8054264575640255,14.0,False,False,Normal
FOODS_1_002_CA_1_validation,2016-03-21,2,5.144133555564039,9.0,0,2,10.288267111128079,9.0,True,False,Stockout Risk
FOODS_1_002_CA_1_validation,2016-03-28,1,3.981593446250068,7.0,0,2,7.963186892500136,7.0,True,False,Stockout Risk
FOODS_1_002_CA_1_validation,2016-04-04,1,2.83564727204845,6.0,0,2,5.6712945440969,6.0,False,False,Normal
FOODS_1_002_CA_1_validation,2016-04-11,7,2.542705348512804,6.0,0,2,5.085410697025608,6.0,False,False,Normal
FOODS_1_002_CA_1_validation,2016-04-18,3,4.870734645964787,6.0,0,2,9.741469291929574,6.0,True,False,Stockout Risk
FOODS_1_003_CA_1_validation,2016-03-14,8,3.7746754777996183,16.0,0,2,7.549350955599237,16.0,False,False,Normal
FOODS_1_003_CA_1_validation,2016-03-21,6,5.942655498459721,14.0,0,2,11.885310996919442,14.0,False,False,Normal
FOODS_1_003_CA_1_validation,2016-03-28,6,5.650679950695745,13.0,0,2,11.30135990139149,13.0,False,False,Normal
FOODS_1_003_CA_1_validation,2016-04-04,4,5.632153779673383,12.0,0,2,11.264307559346767,12.0,False,False,Normal
FOODS_1_003_CA_1_validation,2016-04-11,8,5.102585686040489,12.0,0,2,10.205171372080978,12.0,False,False,Normal
FOODS_1_003_CA_1_validation,2016-04-18,4,5.862747591422816,11.0,0,2,11.725495182845632,11.0,True,False,Stockout Risk
FOODS_1_004_CA_1_validation,2016-03-14,0,2.8124554160389974,0.0,0,2,5.624910832077995,0.0,True,False,Stockout Risk
FOODS_1_004_CA_1_validation,2016-03-21,0,4.646110384462717,0.0,0,2,9.292220768925434,0.0,True,False,Stockout Risk
FOODS_1_004_CA_1_validation,2016-03-28,0,2.782367385091742,0.0,0,2,5.564734770183484,0.0,True,False,Stockout Risk
FOODS_1_004_CA_1_validation,2016-04-04,0,0.5470073055823366,0.0,0,2,1.0940146111646731,0.0,True,False,Stockout Risk
FOODS_1_004_CA_1_validation,2016-04-11,0,0.3006084123614305,0.0,0,2,0.601216824722861,0.0,True,False,Stockout Risk
FOODS_1_004_CA_1_validation,2016-04-18,0,0.3006084123614305,0.0,0,2,0.601216824722861,0.0,True,False,Stockout Risk
FOODS_1_005_CA_1_validation,2016-03-14,12,8.842843517369857,24.0,0,2,17.685687034739715,24.0,False,False,Normal
FOODS_1_005_CA_1_validation,2016-03-21,10,10.76286152425665,22.0,0,2,21.5257230485133,22.0,False,False,Normal
FOODS_1_005_CA_1_validation,2016-03-28,5,10.172873963954192,18.0,0,2,20.345747927908384,18.0,True,False,Stockout Risk
FOODS_1_005_CA_1_validation,2016-04-04,7,8.876546489154572,17.0,0,2,17.753092978309144,17.0,True,False,Stockout Risk
FOODS_1_005_CA_1_validation,2016-04-11,10,7.611043096939412,16.0,0,2,15.222086193878823,16.0,False,False,Normal
FOODS_1_005_CA_1_validation,2016-04-18,12,8.034534118258753,17.0,0,2,16.069068236517506,17.0,False,False,Normal
FOODS_1_006_CA_1_validation,2016-03-14,21,12.514403788786453,42.0,0,2,25.028807577572906,42.0,False,False,Normal
FOODS_1_006_CA_1_validation,2016-03-21,4,15.408570266986995,25.0,0,2,30.81714053397399,25.0,True,False,Stockout Risk
FOODS_1_006_CA_1_validation,2016-03-28,12,9.94110156688452,25.0,0,2,19.88220313376904,25.0,False,False,Normal
FOODS_1_006_CA_1_validation,2016-04-04,19,12.862401794208644,28.0,0,2,25.724803588417288,28.0,False,False,Normal
FOODS_1_006_CA_1_validation,2016-04-11,7,13.97257650371523,21.0,0,2,27.94515300743046,21.0,True,False,Stockout Risk
FOODS_1_006_CA_1_validation,2016-04-18,12,10.814224620500683,25.0,0,2,21.628449241001366,25.0,False,False,Normal
FOODS_1_008_CA_1_validation,2016-03-14,1,1.0272999898479327,2.0,0,2,2.0545999796958654,2.0,True,False,Stockout Risk
FOODS_1_008_CA_1_validation,2016-03-21,5,2.3200495624367257,6.0,0,2,4.640099124873451,6.0,False,False,Normal
FOODS_1_008_CA_1_validation,2016-03-28,2,3.615993212241073,5.0,0,2,7.231986424482146,5.0,True,False,Stockout Risk
FOODS_1_008_CA_1_validation,2016-04-04,1,3.4953963269855213,4.0,0,2,6.9907926539710425,4.0,True,False,Stockout Risk
FOODS_1_008_CA_1_validation,2016-04-11,1,2.2590397341787085,4.0,0,2,4.518079468357417,4.0,True,False,Stockout Risk
FOODS_1_008_CA_1_validation,2016-04-18,0,2.2590397341787085,2.0,0,2,4.518079468357417,2.0,True,False,Stockout Risk
FOODS_1_009_CA_1_validation,2016-03-14,0,0.7954777378019543,0.0,0,2,1.5909554756039086,0.0,True,False,Stockout Risk
FOODS_1_009_CA_1_validation,2016-03-21,0,0.5785280209945922,0.0,0,2,1.1570560419891844,0.0,True,False,Stockout Risk
FOODS_1_009_CA_1_validation,2016-03-28,0,0.5023478579953735,0.0,0,2,1.004695715990747,0.0,True,False,Stockout Risk
FOODS_1_009_CA_1_validation,2016-04-04,0,0.5470073055823366,0.0,0,2,1.0940146111646731,0.0,True,False,Stockout Risk
FOODS_1_009_CA_1_validation,2016-04-11,0,0.3006084123614305,0.0,0,2,0.601216824722861,0.0,True,False,Stockout Risk
FOODS_1_009_CA_1_validation,2016-04-18,0,0.3006084123614305,0.0,0,2,0.601216824722861,0.0,True,False,Stockout Risk
FOODS_1_010_CA_1_validation,2016-03-14,1,3.4323455155814124,2.0,0,2,6.864691031162825,2.0,True,False,Stockout Risk
FOODS_1_010_CA_1_validation,2016-03-21,0,2.862704707405826,1.0,0,2,5.725409414811652,1.0,True,False,Stockout Risk
FOODS_1_010_CA_1_validation,2016-03-28,1,0.9994463211354212,1.0,0,2,1.9988926422708424,1.0,True,False,Stockout Risk
FOODS_1_010_CA_1_validation,2016-04-04,4,2.501895058260184,3.0,0,2,5.003790116520368,3.0,True,False,Stockout Risk
FOODS_1_010_CA_1_validation,2016-04-11,0,3.529632518635924,2.0,0,2,7.059265037271848,2.0,True,False,Stockout Risk
FOODS_1_010_CA_1_validation,2016-04-18,2,1.275351689562253,4.0,0,2,2.550703379124506,4.0,False,False,Normal
FOODS_1_011_CA_1_validation,2016-03-14,1,7.531092247957047,2.0,0,2,15.062184495914094,2.0,True,False,Stockout Risk
FOODS_1_011_CA_1_validation,2016-03-21,0,4.663452756336438,1.0,0,2,9.326905512672877,1.0,True,False,Stockout Risk
FOODS_1_011_CA_1_validation,2016-03-28,15,2.5481761254849693,11.0,0,2,5.096352250969939,11.0,False,False,Normal
FOODS_1_011_CA_1_validation,2016-04-04,3,10.825177895392278,10.0,0,2,21.650355790784555,10.0,True,False,Stockout Risk
FOODS_1_011_CA_1_validation,2016-04-11,5,5.431553262654636,12.0,0,2,10.863106525309272,12.0,False,False,Normal
FOODS_1_011_CA_1_validation,2016-04-18,11,5.677212496922079,17.0,0,2,11.354424993844159,17.0,False,False,Normal
FOODS_1_012_CA_1_validation,2016-03-14,22,26.52076003398041,44.0,0,2,53.04152006796082,44.0,True,False,Stockout Risk
FOODS_1_012_CA_1_validation,2016-03-21,26,24.31315557437463,48.0,0,2,48.62631114874926,48.0,True,False,Stockout Risk
FOODS_1_012_CA_1_validation,2016-03-28,15,24.26800617095285,42.0,0,2,48.5360123419057,42.0,True,False,Stockout Risk
FOODS_1_012_CA_1_validation,2016-04-04,23,21.65069945053303,43.0,0,2,43.30139890106606,43.0,True,False,Stockout Risk
FOODS_1_012_CA_1_validation,2016-04-11,13,21.34615886934228,38.0,0,2,42.69231773868456,38.0,True,False,Stockout Risk
FOODS_1_012_CA_1_validation,2016-04-18,26,18.8397149809374,38.0,0,2,37.6794299618748,38.0,False,False,Normal
FOODS_1_013_CA_1_validation,2016-03-14,16,18.134456631456786,32.0,0,2,36.26891326291357,32.0,True,False,Stockout Risk
FOODS_1_013_CA_1_validation,2016-03-21,14,15.228177105761793,30.0,0,2,30.456354211523585,30.0,True,False,Stockout Risk
FOODS_1_013_CA_1_validation,2016-03-28,2,13.714769383927704,21.0,0,2,27.42953876785541,21.0,True,False,Stockout Risk
FOODS_1_013_CA_1_validation,2016-04-04,25,9.970597225789794,28.0,0,2,19.941194451579587,28.0,False,False,Normal
FOODS_1_013_CA_1_validation,2016-04-11,20,17.555504332134024,30.0,0,2,35.11100866426805,30.0,True,False,Stockout Risk
FOODS_1_013_CA_1_validation,2016-04-18,21,15.89336818201874,34.0,0,2,31.78673636403748,34.0,False,False,Normal
FOODS_1_014_CA_1_validation,2016-03-14,5,9.831613254754249,10.0,0,2,19.663226509508497,10.0,True,False,Stockout Risk
FOODS_1_014_CA_1_validation,2016-03-21,19,8.763733540543853,24.0,0,2,17.527467081087707,24.0,False,False,Normal
FOODS_1_014_CA_1_validation,2016-03-28,8,12.787561531883757,21.0,0,2,25.575123063767514,21.0,True,False,Stockout Risk
FOODS_1_014_CA_1_validation,2016-04-04,8,10.814916293056864,20.0,0,2,21.62983258611373,20.0,True,False,Stockout Risk
FOODS_1_014_CA_1_validation,2016-04-11,8,9.464645251522136,22.0,0,2,18.92929050304427,22.0,False,False,Normal
FOODS_1_014_CA_1_validation,2016-04-18,7,9.846110804548177,16.0,0,2,19.692221609096354,16.0,True,False,Stockout Risk
FOODS_1_015_CA_1_validation,2016-03-14,7,4.911717678957801,14.0,0,2,9.823435357915603,14.0,False,False,Normal
FOODS_1_015_CA_1_validation,2016-03-21,5,5.500564274398177,12.0,0,2,11.001128548796354,12.0,False,False,Normal
FOODS_1_015_CA_1_validation,2016-03-28,3,5.407177831654519,10.0,0,2,10.814355663309039,10.0,True,False,Stockout Risk
FOODS_1_015_CA_1_validation,2016-04-04,2,4.932467638756479,8.0,0,2,9.864935277512958,8.0,True,False,Stockout Risk
FOODS_1_015_CA_1_validation,2016-04-11,5,3.87575145329371,8.0,0,2,7.75150290658742,8.0,False,False,Normal
FOODS_1_015_CA_1_validation,2016-04-18,7,4.522046725479519,8.0,0,2,9.044093450959037,8.0,True,False,Stockout Risk
FOODS_1_016_CA_1_validation,2016-03-14,0,8.044448733271713,0.0,0,2,16.088897466543425,0.0,True,False,Stockout Risk
FOODS_1_016_CA_1_validation,2016-03-21,0,4.322441402167745,0.0,0,2,8.64488280433549,0.0,True,False,Stockout Risk
FOODS_1_016_CA_1_validation,2016-03-28,0,2.2134799027180634,0.0,0,2,4.426959805436127,0.0,True,False,Stockout Risk
FOODS_1_016_CA_1_validation,2016-04-04,0,1.8901492964203452,0.0,0,2,3.7802985928406905,0.0,True,False,Stockout Risk
FOODS_1_016_CA_1_validation,2016-04-11,0,0.7437942373318164,0.0,0,2,1.4875884746636328,0.0,True,False,Stockout Risk
FOODS_1_016_CA_1_validation,2016-04-18,5,0.952135116906542,2.0,0,2,1.904270233813084,2.0,False,False,Normal
FOODS_1_017_CA_1_validation,2016-03-14,6,7.619596921954197,12.0,0,2,15.239193843908394,12.0,True,False,Stockout Risk
FOODS_1_017_CA_1_validation,2016-03-21,5,6.765230460527539,11.0,0,2,13.530460921055077,11.0,True,False,Stockout Risk
FOODS_1_017_CA_1_validation,2016-03-28,4,5.859771436319255,10.0,0,2,11.71954287263851,10.0,True,False,Stockout Risk
FOODS_1_017_CA_1_validation,2016-04-04,6,5.941563213904863,10.0,0,2,11.883126427809726,10.0,True,False,Stockout Risk
FOODS_1_017_CA_1_validation,2016-04-11,6,5.670247138289881,10.0,0,2,11.340494276579761,10.0,True,False,Stockout Risk
FOODS_1_017_CA_1_validation,2016-04-18,9,5.642009236194941,12.0,0,2,11.284018472389882,12.0,False,False,Normal
FOODS_1_018_CA_1_validation,2016-03-14,68,68.95283406888235,136.0,0,2,137.9056681377647,136.0,True,False,Stockout Risk
FOODS_1_018_CA_1_validation,2016-03-21,108,66.09875872127036,176.0,0,2,132.19751744254071,176.0,False,False,Normal
FOODS_1_018_CA_1_validation,2016-03-28,79,89.23662193859104,170.0,0,2,178.47324387718209,170.0,True,False,Stockout Risk
FOODS_1_018_CA_1_validation,2016-04-04,35,86.8841409809439,145.0,0,2,173.7682819618878,145.0,True,False,Stockout Risk
FOODS_1_018_CA_1_validation,2016-04-11,38,49.231896873939,130.0,0,2,98.463793747878,130.0,False,False,Normal
FOODS_1_018_CA_1_validation,2016-04-18,81,51.93714956262027,116.0,0,2,103.87429912524054,116.0,False,False,Normal
FOODS_1_019_CA_1_validation,2016-03-14,41,39.66428760809207,82.0,0,2,79.32857521618413,82.0,False,False,Normal
FOODS_1_019_CA_1_validation,2016-03-21,83,37.536806557682034,124.0,0,2,75.07361311536407,124.0,False,False,Normal
FOODS_1_019_CA_1_validation,2016-03-28,61,61.543692924848685,123.0,0,2,123.08738584969737,123.0,True,False,Stockout Risk
FOODS_1_019_CA_1_validation,2016-04-04,56,58.70198722812233,120.0,0,2,117.40397445624465,120.0,False,False,Normal
FOODS_1_019_CA_1_validation,2016-04-11,39,52.92021291013735,120.0,0,2,105.8404258202747,120.0,False,False,Normal
FOODS_1_019_CA_1_validation,2016-04-18,84,48.750392439011584,120.0,0,2,97.50078487802317,120.0,False,False,Normal
FOODS_1_020_CA_1_validation,2016-03-14,7,10.048557394239404,14.0,0,2,20.09711478847881,14.0,True,False,Stockout Risk
FOODS_1_020_CA_1_validation,2016-03-21,9,8.60720311718634,16.0,0,2,17.21440623437268,16.0,True,False,Stockout Risk
FOODS_1_020_CA_1_validation,2016-03-28,5,8.934987859994555,14.0,0,2,17.86997571998911,14.0,True,False,Stockout Risk
FOODS_1_020_CA_1_validation,2016-04-04,6,8.53798006067119,14.0,0,2,17.07596012134238,14.0,True,False,Stockout Risk
FOODS_1_020_CA_1_validation,2016-04-11,13,6.920592471585072,16.0,0,2,13.841184943170145,16.0,False,False,Normal
FOODS_1_020_CA_1_validation,2016-04-18,9,9.053022492946216,16.0,0,2,18.10604498589243,16.0,True,False,Stockout Risk
FOODS_1_021_CA_1_validation,2016-03-14,24,17.867940913899556,48.0,0,2,35.73588182779911,48.0,False,False,Normal
FOODS_1_021_CA_1_validation,2016-03-21,9,16.845264960947127,33.0,0,2,33.69052992189425,33.0,True,False,Stockout Risk
FOODS_1_021_CA_1_validation,2016-03-28,16,14.21891408836806,33.0,0,2,28.43782817673612,33.0,False,False,Normal
FOODS_1_021_CA_1_validation,2016-04-04,2,16.335338754540718,26.0,0,2,32.670677509081436,26.0,True,False,Stockout Risk
FOODS_1_021_CA_1_validation,2016-04-11,10,9.618802017294897,18.0,0,2,19.237604034589793,18.0,True,False,Stockout Risk
FOODS_1_021_CA_1_validation,2016-04-18,12,10.739085140746743,20.0,0,2,21.478170281493487,20.0,True,False,Stockout Risk
FOODS_1_022_CA_1_validation,2016-03-14,0,0.967157905556561,0.0,0,2,1.934315811113122,0.0,True,False,Stockout Risk
FOODS_1_022_CA_1_validation,2016-03-21,0,0.4553433990161183,0.0,0,2,0.9106867980322366,0.0,True,False,Stockout Risk
FOODS_1_022_CA_1_validation,2016-03-28,0,0.4553433990161183,0.0,0,2,0.9106867980322366,0.0,True,False,Stockout Risk
FOODS_1_022_CA_1_validation,2016-04-04,1,0.6371888948395761,0.0,0,2,1.2743777896791522,0.0,True,False,Stockout Risk
FOODS_1_022_CA_1_validation,2016-04-11,1,2.835215051292848,1.0,0,2,5.670430102585696,1.0,True,False,Stockout Risk
FOODS_1_022_CA_1_validation,2016-04-18,0,2.798151310008378,1.0,0,2,5.596302620016756,1.0,True,False,Stockout Risk
FOODS_1_023_CA_1_validation,2016-03-14,0,0.5856604396669023,0.0,0,2,1.1713208793338046,0.0,True,False,Stockout Risk
FOODS_1_023_CA_1_validation,2016-03-21,6,0.3651618097588788,6.0,0,2,0.7303236195177576,6.0,False,False,Normal
FOODS_1_023_CA_1_validation,2016-03-28,5,6.146424886586429,7.0,0,2,12.292849773172858,7.0,True,False,Stockout Risk
FOODS_1_023_CA_1_validation,2016-04-04,0,5.1428713569854425,6.0,0,2,10.285742713970885,6.0,True,False,Stockout Risk
FOODS_1_023_CA_1_validation,2016-04-11,0,1.619533379007174,6.0,0,2,3.239066758014348,6.0,False,False,Normal
FOODS_1_023_CA_1_validation,2016-04-18,3,1.1862701224932115,4.0,0,2,2.372540244986423,4.0,False,False,Normal
FOODS_1_024_CA_1_validation,2016-03-14,4,1.3403782579231784,8.0,0,2,2.680756515846357,8.0,False,False,Normal
FOODS_1_024_CA_1_validation,2016-03-21,5,4.024425107969138,9.0,0,2,8.048850215938277,9.0,False,False,Normal
FOODS_1_024_CA_1_validation,2016-03-28,1,4.782064947281775,7.0,0,2,9.56412989456355,7.0,True,False,Stockout Risk
FOODS_1_024_CA_1_validation,2016-04-04,0,3.213932636468121,5.0,0,2,6.427865272936242,5.0,True,False,Stockout Risk
FOODS_1_024_CA_1_validation,2016-04-11,0,1.253296890830653,3.0,0,2,2.506593781661306,3.0,False,False,Normal
FOODS_1_024_CA_1_validation,2016-04-18,1,0.9191545795286676,1.0,0,2,1.8383091590573353,1.0,True,False,Stockout Risk
FOODS_1_025_CA_1_validation,2016-03-14,0,4.941303083498914,0.0,0,2,9.882606166997828,0.0,True,False,Stockout Risk
FOODS_1_025_CA_1_validation,2016-03-21,0,1.8141229792602784,0.0,0,2,3.628245958520557,0.0,True,False,Stockout Risk
FOODS_1_025_CA_1_validation,2016-03-28,1,0.983707976926116,1.0,0,2,1.967415953852232,1.0,True,False,Stockout Risk
FOODS_1_025_CA_1_validation,2016-04-04,6,2.5907180235735674,4.0,0,2,5.181436047147135,4.0,True,False,Stockout Risk
FOODS_1_025_CA_1_validation,2016-04-11,5,4.430193811211928,6.0,0,2,8.860387622423856,6.0,True,False,Stockout Risk
FOODS_1_025_CA_1_validation,2016-04-18,7,4.46362045702495,10.0,0,2,8.9272409140499,10.0,False,False,Normal
FOODS_1_026_CA_1_validation,2016-03-14,0,0.3651618097588788,0.0,0,2,0.7303236195177576,0.0,True,False,Stockout Risk
FOODS_1_026_CA_1_validation,2016-03-21,0,0.3651618097588788,0.0,0,2,0.7303236195177576,0.0,True,False,Stockout Risk
FOODS_1_026_CA_1_validation,2016-03-28,0,0.3651618097588788,0.0,0,2,0.7303236195177576,0.0,True,False,Stockout Risk
FOODS_1_026_CA_1_validation,2016-04-04,1,0.5470073055823366,0.0,0,2,1.0940146111646731,0.0,True,False,Stockout Risk
FOODS_1_026_CA_1_validation,2016-04-11,9,3.4247393097181598,5.0,0,2,6.8494786194363195,5.0,True,False,Stockout Risk
FOODS_1_026_CA_1_validation,2016-04-18,8,6.589654083833717,9.0,0,2,13.179308167667434,9.0,True,False,Stockout Risk
FOODS_1_027_CA_1_validation,2016-03-14,9,17.323651843103928,18.0,0,2,34.647303686207856,18.0,True,False,Stockout Risk
FOODS_1_027_CA_1_validation,2016-03-21,20,11.819312204264122,29.0,0,2,23.638624408528244,29.0,False,False,Normal
FOODS_1_027_CA_1_validation,2016-03-28,12,16.22209329528566,27.0,0,2,32.44418659057132,27.0,True,False,Stockout Risk
FOODS_1_027_CA_1_validation,2016-04-04,25,14.550197881653224,33.0,0,2,29.100395763306448,33.0,False,False,Normal
FOODS_1_027_CA_1_validation,2016-04-11,21,17.123819198879314,39.0,0,2,34.24763839775863,39.0,False,False,Normal
FOODS_1_027_CA_1_validation,2016-04-18,13,17.677176680015588,36.0,0,2,35.354353360031176,36.0,False,False,Normal
FOODS_1_028_CA_1_validation,2016-03-14,0,0.5856604396669023,0.0,0,2,1.1713208793338046,0.0,True,False,Stockout Risk
FOODS_1_028_CA_1_validation,2016-03-21,0,0.4291420694814084,0.0,0,2,0.8582841389628167,0.0,True,False,Stockout Risk
FOODS_1_028_CA_1_validation,2016-03-28,0,0.438807456804893,0.0,0,2,0.877614913609786,0.0,True,False,Stockout Risk
FOODS_1_028_CA_1_validation,2016-04-04,0,0.5470073055823366,0.0,0,2,1.0940146111646731,0.0,True,False,Stockout Risk
FOODS_1_028_CA_1_validation,2016-04-11,10,0.3006084123614305,5.0,0,2,0.601216824722861,5.0,False,False,Normal
FOODS_1_028_CA_1_validation,2016-04-18,8,10.551606412768535,9.0,0,2,21.10321282553707,9.0,True,False,Stockout Risk
FOODS_1_029_CA_1_validation,2016-03-14,7,3.0125245869490587,14.0,0,2,6.025049173898117,14.0,False,False,Normal
FOODS_1_029_CA_1_validation,2016-03-21,3,4.746844585513077,10.0,0,2,9.493689171026155,10.0,False,False,Normal
FOODS_1_029_CA_1_validation,2016-03-28,2,3.73445465052373,8.0,0,2,7.46890930104746,8.0,False,False,Normal
FOODS_1_029_CA_1_validation,2016-04-04,3,3.3827826410960595,8.0,0,2,6.765565282192119,8.0,False,False,Normal
FOODS_1_029_CA_1_validation,2016-04-11,1,3.591928726142706,4.0,0,2,7.183857452285412,4.0,True,False,Stockout Risk
FOODS_1_029_CA_1_validation,2016-04-18,3,2.305582764493448,4.0,0,2,4.611165528986896,4.0,True,False,Stockout Risk
FOODS_1_030_CA_1_validation,2016-03-14,0,4.347092987190953,0.0,0,2,8.694185974381906,0.0,True,False,Stockout Risk
FOODS_1_030_CA_1_validation,2016-03-21,9,1.3109656041820306,9.0,0,2,2.621931208364061,9.0,False,False,Normal
FOODS_1_030_CA_1_validation,2016-03-28,3,6.771730349303228,8.0,0,2,13.543460698606456,8.0,True,False,Stockout Risk
FOODS_1_030_CA_1_validation,2016-04-04,1,4.474591521236522,6.0,0,2,8.949183042473043,6.0,True,False,Stockout Risk
FOODS_1_030_CA_1_validation,2016-04-11,5,3.155616314163633,9.0,0,2,6.311232628327266,9.0,False,False,Normal
FOODS_1_030_CA_1_validation,2016-04-18,7,4.489696496079652,8.0,0,2,8.979392992159305,8.0,True,False,Stockout Risk
FOODS_1_031_CA_1_validation,2016-03-14,11,9.142773318997262,22.0,0,2,18.285546637994525,22.0,False,False,Normal
FOODS_1_031_CA_1_validation,2016-03-21,3,10.54688893678753,14.0,0,2,21.09377787357506,14.0,True,False,Stockout Risk
FOODS_1_031_CA_1_validation,2016-03-28,7,6.843838935111746,14.0,0,2,13.687677870223492,14.0,False,False,Normal
FOODS_1_031_CA_1_validation,2016-04-04,3,7.409888800683937,12.0,0,2,14.819777601367875,12.0,True,False,Stockout Risk
FOODS_1_031_CA_1_validation,2016-04-11,2,5.93325766930447,8.0,0,2,11.86651533860894,8.0,True,False,Stockout Risk
FOODS_1_031_CA_1_validation,2016-04-18,12,4.834617942406965,12.0,0,2,9.66923588481393,12.0,False,False,Normal
FOODS_1_032_CA_1_validation,2016-03-14,13,19.782395347567377,26.0,0,2,39.564790695134754,26.0,True,False,Stockout Risk
FOODS_1_032_CA_1_validation,2016-03-21,14,19.211623211515956,27.0,0,2,38.42324642303191,27.0,True,False,Stockout Risk
FOODS_1_032_CA_1_validation,2016-03-28,9,18.084435992613383,24.0,0,2,36.168871985226765,24.0,True,False,Stockout Risk
FOODS_1_032_CA_1_validation,2016-04-04,13,14.444015982747056,24.0,0,2,28.88803196549411,24.0,True,False,Stockout Risk
FOODS_1_032_CA_1_validation,2016-04-11,0,12.850941235898548,18.0,0,2,25.701882471797095,18.0,True,False,Stockout Risk
FOODS_1_032_CA_1_validation,2016-04-18,18,5.1575061112648175,20.0,0,2,10.315012222529635,20.0,False,False,Normal
FOODS_1_033_CA_1_validation,2016-03-14,6,7.23107594888021,12.0,0,2,14.46215189776042,12.0,True,False,Stockout Risk
FOODS_1_033_CA_1_validation,2016-03-21,7,6.6514798648568165,13.0,0,2,13.302959729713633,13.0,True,False,Stockout Risk
FOODS_1_033_CA_1_validation,2016-03-28,5,6.767593422300607,12.0,0,2,13.535186844601213,12.0,True,False,Stockout Risk
FOODS_1_033_CA_1_validation,2016-04-04,6,5.989699863499411,12.0,0,2,11.979399726998823,12.0,False,False,Normal
FOODS_1_033_CA_1_validation,2016-04-11,4,6.093997740036484,11.0,0,2,12.187995480072969,11.0,True,False,Stockout Risk
FOODS_1_033_CA_1_validation,2016-04-18,7,5.427352110955084,11.0,0,2,10.854704221910168,11.0,False,False,Normal
FOODS_1_034_CA_1_validation,2016-03-14,2,3.252595281113096,4.0,0,2,6.505190562226192,4.0,True,False,Stockout Risk
FOODS_1_034_CA_1_validation,2016-03-21,4,2.9027132287820128,6.0,0,2,5.8054264575640255,6.0,False,False,Normal
FOODS_1_034_CA_1_validation,2016-03-28,0,3.7031405859802384,4.0,0,2,7.406281171960477,4.0,True,False,Stockout Risk
FOODS_1_034_CA_1_validation,2016-04-04,6,1.2773536928814395,6.0,0,2,2.554707385762879,6.0,False,False,Normal
FOODS_1_034_CA_1_validation,2016-04-11,1,4.85251470293169,6.0,0,2,9.70502940586338,6.0,True,False,Stockout Risk
FOODS_1_034_CA_1_validation,2016-04-18,0,2.7815962545226016,4.0,0,2,5.563192509045203,4.0,True,False,Stockout Risk
FOODS_1_035_CA_1_validation,2016-03-14,10,10.004801696856926,20.0,0,2,20.009603393713853,20.0,True,False,Stockout Risk
FOODS_1_035_CA_1_validation,2016-03-21,14,10.004801696856926,24.0,0,2,20.009603393713853,24.0,False,False,Normal
FOODS_1_035_CA_1_validation,2016-03-28,14,10.967848286970566,25.0,0,2,21.935696573941133,25.0,False,False,Normal
FOODS_1_035_CA_1_validation,2016-04-04,1,11.89653980184334,20.0,0,2,23.79307960368668,20.0,True,False,Stockout Risk
FOODS_1_035_CA_1_validation,2016-04-11,8,7.704710132736725,18.0,0,2,15.40942026547345,18.0,False,False,Normal
FOODS_1_035_CA_1_validation,2016-04-18,20,9.519369502256747,22.0,0,2,19.038739004513495,22.0,False,False,Normal
FOODS_1_036_CA_1_validation,2016-03-14,18,11.132145156483032,36.0,0,2,22.264290312966065,36.0,False,False,Normal
FOODS_1_036_CA_1_validation,2016-03-21,25,13.754515049337616,43.0,0,2,27.509030098675233,43.0,False,False,Normal
FOODS_1_036_CA_1_validation,2016-03-28,8,17.79146243555907,34.0,0,2,35.58292487111814,34.0,True,False,Stockout Risk
FOODS_1_036_CA_1_validation,2016-04-04,12,13.17850973192592,32.0,0,2,26.35701946385184,32.0,False,False,Normal
FOODS_1_036_CA_1_validation,2016-04-11,15,13.18073106883716,30.0,0,2,26.36146213767432,30.0,False,False,Normal
FOODS_1_036_CA_1_validation,2016-04-18,26,13.989613073745288,30.0,0,2,27.979226147490575,30.0,False,False,Normal
FOODS_1_037_CA_1_validation,2016-03-14,13,7.985712275419273,26.0,0,2,15.971424550838545,26.0,False,False,Normal
FOODS_1_037_CA_1_validation,2016-03-21,37,9.023167338779668,50.0,0,2,18.046334677559337,50.0,False,False,Normal
FOODS_1_037_CA_1_validation,2016-03-28,11,24.50700919577036,41.0,0,2,49.01401839154072,41.0,True,False,Stockout Risk
FOODS_1_037_CA_1_validation,2016-04-04,13,14.98326585396395,37.0,0,2,29.9665317079279,37.0,False,False,Normal
FOODS_1_037_CA_1_validation,2016-04-11,18,14.861917055452674,40.0,0,2,29.723834110905347,40.0,False,False,Normal
FOODS_1_037_CA_1_validation,2016-04-18,11,16.02538202266098,26.0,0,2,32.05076404532196,26.0,True,False,Stockout Risk
FOODS_1_038_CA_1_validation,2016-03-14,2,1.343582767527004,4.0,0,2,2.687165535054008,4.0,False,False,Normal
FOODS_1_038_CA_1_validation,2016-03-21,4,3.553720718855176,6.0,0,2,7.107441437710352,6.0,True,False,Stockout Risk
FOODS_1_038_CA_1_validation,2016-03-28,0,3.714498162682213,4.0,0,2,7.428996325364426,4.0,True,False,Stockout Risk
FOODS_1_038_CA_1_validation,2016-04-04,6,1.4221987294632088,6.0,0,2,2.8443974589264176,6.0,False,False,Normal
FOODS_1_038_CA_1_validation,2016-04-11,6,4.731139499657927,8.0,0,2,9.462278999315854,8.0,True,False,Stockout Risk
FOODS_1_038_CA_1_validation,2016-04-18,2,5.093916662148066,7.0,0,2,10.187833324296133,7.0,True,False,Stockout Risk
FOODS_1_039_CA_1_validation,2016-03-14,7,4.741316420071527,14.0,0,2,9.482632840143054,14.0,False,False,Normal
FOODS_1_039_CA_1_validation,2016-03-21,3,5.462781627426556,10.0,0,2,10.925563254853111,10.0,True,False,Stockout Risk
FOODS_1_039_CA_1_validation,2016-03-28,5,4.876260729225274,10.0,0,2,9.752521458450548,10.0,False,False,Normal
FOODS_1_039_CA_1_validation,2016-04-04,5,5.177907204424875,10.0,0,2,10.35581440884975,10.0,True,False,Stockout Risk
FOODS_1_039_CA_1_validation,2016-04-11,5,5.443016693235413,9.0,0,2,10.886033386470826,9.0,True,False,Stockout Risk
FOODS_1_039_CA_1_validation,2016-04-18,3,4.701205647704092,9.0,0,2,9.402411295408184,9.0,True,False,Stockout Risk
FOODS_1_040_CA_1_validation,2016-03-14,22,13.893620362592165,44.0,0,2,27.78724072518433,44.0,False,False,Normal
FOODS_1_040_CA_1_validation,2016-03-21,38,16.19227674414751,60.0,0,2,32.38455348829502,60.0,False,False,Normal
FOODS_1_040_CA_1_validation,2016-03-28,16,27.9907732625446,51.0,0,2,55.9815465250892,51.0,True,False,Stockout Risk
FOODS_1_040_CA_1_validation,2016-04-04,28,20.057753831459337,52.0,0,2,40.115507662918674,52.0,False,False,Normal
FOODS_1_040_CA_1_validation,2016-04-11,2,25.13936848484456,42.0,0,2,50.27873696968912,42.0,True,False,Stockout Risk
FOODS_1_040_CA_1_validation,2016-04-18,26,13.726558281850725,36.0,0,2,27.45311656370145,36.0,False,False,Normal
FOODS_1_041_CA_1_validation,2016-03-14,5,7.62389264872808,10.0,0,2,15.24778529745616,10.0,True,False,Stockout Risk
FOODS_1_041_CA_1_validation,2016-03-21,12,6.307884365068552,17.0,0,2,12.615768730137104,17.0,False,False,Normal
FOODS_1_041_CA_1_validation,2016-03-28,3,8.821181975454593,13.0,0,2,17.642363950909186,13.0,True,False,Stockout Risk
FOODS_1_041_CA_1_validation,2016-04-04,11,6.726559417847899,16.0,0,2,13.453118835695799,16.0,False,False,Normal
FOODS_1_041_CA_1_validation,2016-04-11,6,8.077313603109168,16.0,0,2,16.154627206218336,16.0,True,False,Stockout Risk
FOODS_1_041_CA_1_validation,2016-04-18,8,7.345877634609168,14.0,0,2,14.691755269218335,14.0,True,False,Stockout Risk
FOODS_1_042_CA_1_validation,2016-03-14,20,31.048432442969364,40.0,0,2,62.09686488593873,40.0,True,False,Stockout Risk
FOODS_1_042_CA_1_validation,2016-03-21,28,23.95899071244928,48.0,0,2,47.91798142489856,48.0,False,False,Normal
FOODS_1_042_CA_1_validation,2016-03-28,19,27.30388063883302,45.0,0,2,54.60776127766604,45.0,True,False,Stockout Risk
FOODS_1_042_CA_1_validation,2016-04-04,21,22.856953116253628,44.0,0,2,45.713906232507256,44.0,True,False,Stockout Risk
FOODS_1_042_CA_1_validation,2016-04-11,28,22.408299947040906,48.0,0,2,44.81659989408181,48.0,False,False,Normal
FOODS_1_042_CA_1_validation,2016-04-18,28,25.225641222851745,48.0,0,2,50.45128244570349,48.0,True,False,Stockout Risk
FOODS_1_043_CA_1_validation,2016-03-14,0,2.381740093338476,0.0,0,2,4.763480186676952,0.0,True,False,Stockout Risk
FOODS_1_043_CA_1_validation,2016-03-21,0,3.158107766129183,0.0,0,2,6.316215532258366,0.0,True,False,Stockout Risk
FOODS_1_043_CA_1_validation,2016-03-28,0,0.9064200777080562,0.0,0,2,1.8128401554161124,0.0,True,False,Stockout Risk
FOODS_1_043_CA_1_validation,2016-04-04,0,0.5470073055823366,0.0,0,2,1.0940146111646731,0.0,True,False,Stockout Risk
FOODS_1_043_CA_1_validation,2016-04-11,0,0.3006084123614305,0.0,0,2,0.601216824722861,0.0,True,False,Stockout Risk
FOODS_1_043_CA_1_validation,2016-04-18,0,0.3006084123614305,0.0,0,2,0.601216824722861,0.0,True,False,Stockout Risk
FOODS_1_044_CA_1_validation,2016-03-14,0,0.4259375598775828,0.0,0,2,0.8518751197551656,0.0,True,False,Stockout Risk
FOODS_1_044_CA_1_validation,2016-03-21,0,0.5645226621482606,0.0,0,2,1.1290453242965213,0.0,True,False,Stockout Risk
FOODS_1_044_CA_1_validation,2016-03-28,0,0.4259375598775828,0.0,0,2,0.8518751197551656,0.0,True,False,Stockout Risk
FOODS_1_044_CA_1_validation,2016-04-04,0,0.5470073055823366,0.0,0,2,1.0940146111646731,0.0,True,False,Stockout Risk
FOODS_1_044_CA_1_validation,2016-04-11,9,0.3006084123614305,4.0,0,2,0.601216824722861,4.0,False,False,Normal
FOODS_1_044_CA_1_validation,2016-04-18,11,8.727312859401046,10.0,0,2,17.45462571880209,10.0,True,False,Stockout Risk
FOODS_1_045_CA_1_validation,2016-03-14,33,18.350679019461715,66.0,0,2,36.70135803892343,66.0,False,False,Normal
FOODS_1_045_CA_1_validation,2016-03-21,11,25.34975506942458,44.0,0,2,50.69951013884916,44.0,True,False,Stockout Risk
FOODS_1_045_CA_1_validation,2016-03-28,1,19.194272999385134,30.0,0,2,38.38854599877027,30.0,True,False,Stockout Risk
FOODS_1_045_CA_1_validation,2016-04-04,0,10.045498558200112,22.0,0,2,20.090997116400224,22.0,False,False,Normal
FOODS_1_045_CA_1_validation,2016-04-11,0,3.595196700526613,6.0,0,2,7.190393401053226,6.0,True,False,Stockout Risk
FOODS_1_045_CA_1_validation,2016-04-18,31,2.715908037363898,16.0,0,2,5.431816074727796,16.0,False,False,Normal
FOODS_1_046_CA_1_validation,2016-03-14,56,46.90860484142092,112.0,0,2,93.81720968284183,112.0,False,False,Normal
FOODS_1_046_CA_1_validation,2016-03-21,86,52.32200175423973,142.0,0,2,104.64400350847946,142.0,False,False,Normal
FOODS_1_046_CA_1_validation,2016-03-28,80,68.37192774429059,148.0,0,2,136.74385548858118,148.0,False,False,Normal
FOODS_1_046_CA_1_validation,2016-04-04,58,69.69034523717126,140.0,0,2,139.38069047434252,140.0,False,False,Normal
FOODS_1_046_CA_1_validation,2016-04-11,27,58.711827587831685,126.0,0,2,117.42365517566337,126.0,False,False,Normal
FOODS_1_046_CA_1_validation,2016-04-18,67,44.47156887861205,116.0,0,2,88.9431377572241,116.0,False,False,Normal
FOODS_1_047_CA_1_validation,2016-03-14,6,6.286572039882604,12.0,0,2,12.573144079765209,12.0,True,False,Stockout Risk
FOODS_1_047_CA_1_validation,2016-03-21,4,6.092949519301512,10.0,0,2,12.185899038603024,10.0,True,False,Stockout Risk
FOODS_1_047_CA_1_validation,2016-03-28,5,5.919689308212039,10.0,0,2,11.839378616424078,10.0,True,False,Stockout Risk
FOODS_1_047_CA_1_validation,2016-04-04,6,5.8128920865878895,10.0,0,2,11.625784173175779,10.0,True,False,Stockout Risk
FOODS_1_047_CA_1_validation,2016-04-11,7,5.385197384350377,11.0,0,2,10.770394768700754,11.0,False,False,Normal
FOODS_1_047_CA_1_validation,2016-04-18,6,5.823229839891734,12.0,0,2,11.646459679783469,12.0,False,False,Normal
FOODS_1_048_CA_1_validation,2016-03-14,1,3.8885833715676568,2.0,0,2,7.7771667431353135,2.0,True,False,Stockout Risk
FOODS_1_048_CA_1_validation,2016-03-21,5,2.8430710227687106,6.0,0,2,5.686142045537421,6.0,False,False,Normal
FOODS_1_048_CA_1_validation,2016-03-28,6,4.458468251043258,8.0,0,2,8.916936502086516,8.0,True,False,Stockout Risk
FOODS_1_048_CA_1_validation,2016-04-04,5,5.100238594206549,8.0,0,2,10.200477188413098,8.0,True,False,Stockout Risk
FOODS_1_048_CA_1_validation,2016-04-11,4,4.781379312447832,10.0,0,2,9.562758624895665,10.0,False,False,Normal
FOODS_1_048_CA_1_validation,2016-04-18,6,4.546967342107803,10.0,0,2,9.093934684215606,10.0,False,False,Normal
FOODS_1_049_CA_1_validation,2016-03-14,15,1.651472071341075,30.0,0,2,3.30294414268215,30.0,False,False,Normal
FOODS_1_049_CA_1_validation,2016-03-21,5,10.349365286549368,20.0,0,2,20.698730573098736,20.0,True,False,Stockout Risk
FOODS_1_049_CA_1_validation,2016-03-28,7,6.372208451529008,18.0,0,2,12.744416903058015,18.0,False,False,Normal
FOODS_1_049_CA_1_validation,2016-04-04,7,7.421573515394118,17.0,0,2,14.843147030788236,17.0,False,False,Normal
FOODS_1_049_CA_1_validation,2016-04-11,5,7.229109215107927,12.0,0,2,14.458218430215855,12.0,True,False,Stockout Risk
FOODS_1_049_CA_1_validation,2016-04-18,3,5.659663140787993,11.0,0,2,11.319326281575986,11.0,True,False,Stockout Risk
FOODS_1_050_CA_1_validation,2016-03-14,7,7.206772255329136,14.0,0,2,14.413544510658271,14.0,True,False,Stockout Risk
FOODS_1_050_CA_1_validation,2016-03-21,12,6.798046544924565,19.0,0,2,13.59609308984913,19.0,False,False,Normal
FOODS_1_050_CA_1_validation,2016-03-28,16,8.440035814786452,23.0,0,2,16.880071629572903,23.0,False,False,Normal
FOODS_1_050_CA_1_validation,2016-04-04,7,11.724849696720316,21.0,0,2,23.449699393440632,21.0,True,False,Stockout Risk
FOODS_1_050_CA_1_validation,2016-04-11,4,9.67900185855074,20.0,0,2,19.35800371710148,20.0,False,False,Normal
FOODS_1_050_CA_1_validation,2016-04-18,5,7.822102105938343,16.0,0,2,15.644204211876685,16.0,False,False,Normal
FOODS_1_051_CA_1_validation,2016-03-14,0,5.510863810658702,0.0,0,2,11.021727621317403,0.0,True,False,Stockout Risk
FOODS_1_051_CA_1_validation,2016-03-21,7,2.8823314747237005,7.0,0,2,5.764662949447401,7.0,False,False,Normal
FOODS_1_051_CA_1_validation,2016-03-28,5,6.675258411499423,8.0,0,2,13.350516822998847,8.0,True,False,Stockout Risk
FOODS_1_051_CA_1_validation,2016-04-04,11,6.148691822701247,12.0,0,2,12.297383645402494,12.0,True,False,Stockout Risk
FOODS_1_051_CA_1_validation,2016-04-11,1,8.243911847324027,12.0,0,2,16.487823694648053,12.0,True,False,Stockout Risk
FOODS_1_051_CA_1_validation,2016-04-18,4,4.404509702788645,10.0,0,2,8.80901940557729,10.0,False,False,Normal
FOODS_1_052_CA_1_validation,2016-03-14,6,6.244737632093376,12.0,0,2,12.489475264186751,12.0,True,False,Stockout Risk
FOODS_1_052_CA_1_validation,2016-03-21,13,5.437992137573881,19.0,0,2,10.875984275147761,19.0,False,False,Normal
FOODS_1_052_CA_1_validation,2016-03-28,15,9.416749861417683,23.0,0,2,18.833499722835366,23.0,False,False,Normal
FOODS_1_052_CA_1_validation,2016-04-04,17,10.192076974063806,26.0,0,2,20.38415394812761,26.0,False,False,Normal
FOODS_1_052_CA_1_validation,2016-04-11,11,12.541243794241767,28.0,0,2,25.082487588483534,28.0,False,False,Normal
FOODS_1_052_CA_1_validation,2016-04-18,18,11.227614915728424,30.0,0,2,22.455229831456847,30.0,False,False,Normal
FOODS_1_053_CA_1_validation,2016-03-14,3,3.0738806040298106,6.0,0,2,6.147761208059621,6.0,True,False,Stockout Risk
FOODS_1_053_CA_1_validation,2016-03-21,1,3.786495468087269,4.0,0,2,7.572990936174538,4.0,True,False,Stockout Risk
FOODS_1_053_CA_1_validation,2016-03-28,2,2.4334044897432023,4.0,0,2,4.866808979486405,4.0,True,False,Stockout Risk
FOODS_1_053_CA_1_validation,2016-04-04,1,3.038015694290732,4.0,0,2,6.076031388581464,4.0,True,False,Stockout Risk
FOODS_1_053_CA_1_validation,2016-04-11,3,2.2590397341787085,4.0,0,2,4.518079468357417,4.0,True,False,Stockout Risk
FOODS_1_053_CA_1_validation,2016-04-18,1,3.293704809652118,4.0,0,2,6.587409619304236,4.0,True,False,Stockout Risk
FOODS_1_054_CA_1_validation,2016-03-14,7,8.678909109969869,14.0,0,2,17.357818219939738,14.0,True,False,Stockout Risk
FOODS_1_054_CA_1_validation,2016-03-21,19,8.315205699727773,26.0,0,2,16.630411399455546,26.0,False,False,Normal
FOODS_1_054_CA_1_validation,2016-03-28,17,12.562631663283211,29.0,0,2,25.125263326566422,29.0,False,False,Normal
FOODS_1_054_CA_1_validation,2016-04-04,19,13.21588487727474,31.0,0,2,26.43176975454948,31.0,False,False,Normal
FOODS_1_054_CA_1_validation,2016-04-11,10,14.332859503501057,32.0,0,2,28.665719007002114,32.0,False,False,Normal
FOODS_1_054_CA_1_validation,2016-04-18,17,13.576147282311188,32.0,0,2,27.152294564622377,32.0,False,False,Normal
FOODS_1_055_CA_1_validation,2016-03-14,14,12.24940054666895,28.0,0,2,24.4988010933379,28.0,False,False,Normal
FOODS_1_055_CA_1_validation,2016-03-21,20,12.65442235637686,34.0,0,2,25.30884471275372,34.0,False,False,Normal
FOODS_1_055_CA_1_validation,2016-03-28,7,16.314217204359178,27.0,0,2,32.628434408718356,27.0,True,False,Stockout Risk
FOODS_1_055_CA_1_validation,2016-04-04,10,14.294564525923116,26.0,0,2,28.589129051846232,26.0,True,False,Stockout Risk
FOODS_1_055_CA_1_validation,2016-04-11,9,12.28792529724159,23.0,0,2,24.57585059448318,23.0,True,False,Stockout Risk
FOODS_1_055_CA_1_validation,2016-04-18,30,10.071982368366664,28.0,0,2,20.143964736733327,28.0,False,False,Normal
FOODS_1_056_CA_1_validation,2016-03-14,0,0.4259375598775828,0.0,0,2,0.8518751197551656,0.0,True,False,Stockout Risk
FOODS_1_056_CA_1_validation,2016-03-21,0,0.4259375598775828,0.0,0,2,0.8518751197551656,0.0,True,False,Stockout Risk
FOODS_1_056_CA_1_validation,2016-03-28,0,0.438807456804893,0.0,0,2,0.877614913609786,0.0,True,False,Stockout Risk
FOODS_1_056_CA_1_validation,2016-04-04,0,0.5470073055823366,0.0,0,2,1.0940146111646731,0.0,True,False,Stockout Risk
FOODS_1_056_CA_1_validation,2016-04-11,0,0.3006084123614305,0.0,0,2,0.601216824722861,0.0,True,False,Stockout Risk
FOODS_1_056_CA_1_validation,2016-04-18,0,0.3006084123614305,0.0,0,2,0.601216824722861,0.0,True,False,Stockout Risk
FOODS_1_057_CA_1_validation,2016-03-14,0,0.4291420694814084,0.0,0,2,0.8582841389628167,0.0,True,False,Stockout Risk
FOODS_1_057_CA_1_validation,2016-03-21,0,0.438807456804893,0.0,0,2,0.877614913609786,0.0,True,False,Stockout Risk
FOODS_1_057_CA_1_validation,2016-03-28,0,0.438807456804893,0.0,0,2,0.877614913609786,0.0,True,False,Stockout Risk
FOODS_1_057_CA_1_validation,2016-04-04,0,0.5470073055823366,0.0,0,2,1.0940146111646731,0.0,True,False,Stockout Risk
FOODS_1_057_CA_1_validation,2016-04-11,0,0.3006084123614305,0.0,0,2,0.601216824722861,0.0,True,False,Stockout Risk
FOODS_1_057_CA_1_validation,2016-04-18,0,0.3006084123614305,0.0,0,2,0.601216824722861,0.0,True,False,Stockout Risk
FOODS_1_058_CA_1_validation,2016-03-14,0,1.757517759357966,0.0,0,2,3.515035518715932,0.0,True,False,Stockout Risk
FOODS_1_058_CA_1_validation,2016-03-21,0,1.1698778885875558,0.0,0,2,2.3397557771751116,0.0,True,False,Stockout Risk
FOODS_1_058_CA_1_validation,2016-03-28,0,0.5856604396669023,0.0,0,2,1.1713208793338046,0.0,True,False,Stockout Risk
FOODS_1_058_CA_1_validation,2016-04-04,0,0.5470073055823366,0.0,0,2,1.0940146111646731,0.0,True,False,Stockout Risk
FOODS_1_058_CA_1_validation,2016-04-11,0,0.3006084123614305,0.0,0,2,0.601216824722861,0.0,True,False,Stockout Risk
FOODS_1_058_CA_1_validation,2016-04-18,0,0.3006084123614305,0.0,0,2,0.601216824722861,0.0,True,False,Stockout Risk
FOODS_1_059_CA_1_validation,2016-03-14,3,3.1411582377240936,6.0,0,2,6.282316475448187,6.0,True,False,Stockout Risk
FOODS_1_059_CA_1_validation,2016-03-21,0,3.403738280739385,3.0,0,2,6.80747656147877,3.0,True,False,Stockout Risk
FOODS_1_059_CA_1_validation,2016-03-28,3,1.2132603397672712,4.0,0,2,2.4265206795345424,4.0,False,False,Normal
FOODS_1_059_CA_1_validation,2016-04-04,12,3.498764604304033,9.0,0,2,6.997529208608066,9.0,False,False,Normal
FOODS_1_059_CA_1_validation,2016-04-11,6,6.430086968955402,10.0,0,2,12.860173937910805,10.0,True,False,Stockout Risk
FOODS_1_059_CA_1_validation,2016-04-18,2,6.610753950954216,12.0,0,2,13.221507901908431,12.0,True,False,Stockout Risk
FOODS_1_060_CA_1_validation,2016-03-14,6,9.209356866597489,12.0,0,2,18.418713733194977,12.0,True,False,Stockout Risk
FOODS_1_060_CA_1_validation,2016-03-21,5,7.439459611481663,11.0,0,2,14.878919222963326,11.0,True,False,Stockout Risk
FOODS_1_060_CA_1_validation,2016-03-28,3,7.744697848081745,9.0,0,2,15.48939569616349,9.0,True,False,Stockout Risk
FOODS_1_060_CA_1_validation,2016-04-04,9,5.865794841106311,12.0,0,2,11.731589682212622,12.0,False,False,Normal
FOODS_1_060_CA_1_validation,2016-04-11,6,6.590939750992145,12.0,0,2,13.18187950198429,12.0,True,False,Stockout Risk
FOODS_1_060_CA_1_validation,2016-04-18,5,6.028123633044362,12.0,0,2,12.056247266088723,12.0,True,False,Stockout Risk
FOODS_1_061_CA_1_validation,2016-03-14,8,12.131965987588098,16.0,0,2,24.263931975176195,16.0,True,False,Stockout Risk
FOODS_1_061_CA_1_validation,2016-03-21,20,10.40426274314706,28.0,0,2,20.80852548629412,28.0,False,False,Normal
FOODS_1_061_CA_1_validation,2016-03-28,13,14.388737222699458,27.0,0,2,28.777474445398916,27.0,True,False,Stockout Risk
FOODS_1_061_CA_1_validation,2016-04-04,16,13.163870177954186,28.0,0,2,26.32774035590837,28.0,False,False,Normal
FOODS_1_061_CA_1_validation,2016-04-11,20,13.826943939606938,34.0,0,2,27.653887879213876,34.0,False,False,Normal
FOODS_1_061_CA_1_validation,2016-04-18,12,16.06407459497843,30.0,0,2,32.12814918995686,30.0,True,False,Stockout Risk
FOODS_1_062_CA_1_validation,2016-03-14,1,5.91921130787499,2.0,0,2,11.83842261574998,2.0,True,False,Stockout Risk
FOODS_1_062_CA_1_validation,2016-03-21,22,3.814515920299837,23.0,0,2,7.629031840599674,23.0,False,False,Normal
FOODS_1_062_CA_1_validation,2016-03-28,7,15.988372061283636,20.0,0,2,31.976744122567272,20.0,True,False,Stockout Risk
FOODS_1_062_CA_1_validation,2016-04-04,4,9.24740212479787,17.0,0,2,18.49480424959574,17.0,True,False,Stockout Risk
FOODS_1_062_CA_1_validation,2016-04-11,11,6.889953362469021,22.0,0,2,13.779906724938042,22.0,False,False,Normal
FOODS_1_062_CA_1_validation,2016-04-18,5,8.670629928110671,14.0,0,2,17.341259856221342,14.0,True,False,Stockout Risk
FOODS_1_063_CA_1_validation,2016-03-14,5,7.33565464104506,10.0,0,2,14.67130928209012,10.0,True,False,Stockout Risk
FOODS_1_063_CA_1_validation,2016-03-21,15,5.235620710386409,20.0,0,2,10.471241420772818,20.0,False,False,Normal
FOODS_1_063_CA_1_validation,2016-03-28,6,10.146054017691036,17.0,0,2,20.29210803538207,17.0,True,False,Stockout Risk
FOODS_1_063_CA_1_validation,2016-04-04,4,8.161671734550056,15.0,0,2,16.323343469100113,15.0,True,False,Stockout Risk
FOODS_1_063_CA_1_validation,2016-04-11,9,6.091349940762862,17.0,0,2,12.182699881525725,17.0,False,False,Normal
FOODS_1_063_CA_1_validation,2016-04-18,5,7.764645911920378,12.0,0,2,15.529291823840756,12.0,True,False,Stockout Risk
FOODS_1_064_CA_1_validation,2016-03-14,3,6.885397243194681,6.0,0,2,13.770794486389361,6.0,True,False,Stockout Risk
FOODS_1_064_CA_1_validation,2016-03-21,14,5.984359914022044,17.0,0,2,11.968719828044089,17.0,False,False,Normal
FOODS_1_064_CA_1_validation,2016-03-28,8,9.133871438847384,17.0,0,2,18.26774287769477,17.0,True,False,Stockout Risk
FOODS_1_064_CA_1_validation,2016-04-04,9,8.506738400532566,17.0,0,2,17.01347680106513,17.0,True,False,Stockout Risk
FOODS_1_064_CA_1_validation,2016-04-11,5,7.979895335874263,18.0,0,2,15.959790671748525,18.0,False,False,Normal
FOODS_1_064_CA_1_validation,2016-04-18,7,7.709451386790438,14.0,0,2,15.418902773580877,14.0,True,False,Stockout Risk
FOODS_1_065_CA_1_validation,2016-03-14,4,6.359585009835516,8.0,0,2,12.719170019671031,8.0,True,False,Stockout Risk
FOODS_1_065_CA_1_validation,2016-03-21,1,5.78219775170852,5.0,0,2,11.56439550341704,5.0,True,False,Stockout Risk
FOODS_1_065_CA_1_validation,2016-03-28,3,3.960295445774032,5.0,0,2,7.920590891548064,5.0,True,False,Stockout Risk
FOODS_1_065_CA_1_validation,2016-04-04,4,4.8202934278051615,6.0,0,2,9.640586855610323,6.0,True,False,Stockout Risk
FOODS_1_065_CA_1_validation,2016-04-11,5,4.10746230718028,6.0,0,2,8.21492461436056,6.0,True,False,Stockout Risk
FOODS_1_065_CA_1_validation,2016-04-18,6,4.53142492632137,9.0,0,2,9.06284985264274,9.0,True,False,Stockout Risk
FOODS_1_066_CA_1_validation,2016-03-14,9,12.251064837581977,18.0,0,2,24.502129675163953,18.0,True,False,Stockout Risk
FOODS_1_066_CA_1_validation,2016-03-21,11,10.287022306933189,20.0,0,2,20.574044613866377,20.0,True,False,Stockout Risk
FOODS_1_066_CA_1_validation,2016-03-28,6,11.355198277969247,17.0,0,2,22.710396555938495,17.0,True,False,Stockout Risk
FOODS_1_066_CA_1_validation,2016-04-04,8,10.415077953410648,17.0,0,2,20.830155906821297,17.0,True,False,Stockout Risk
FOODS_1_066_CA_1_validation,2016-04-11,12,8.670566997640233,18.0,0,2,17.341133995280465,18.0,False,False,Normal
FOODS_1_066_CA_1_validation,2016-04-18,10,9.80410962632046,18.0,0,2,19.60821925264092,18.0,True,False,Stockout Risk
FOODS_1_067_CA_1_validation,2016-03-14,17,13.252576364983971,34.0,0,2,26.505152729967943,34.0,False,False,Normal
FOODS_1_067_CA_1_validation,2016-03-21,8,13.124550006139106,25.0,0,2,26.249100012278213,25.0,True,False,Stockout Risk
FOODS_1_067_CA_1_validation,2016-03-28,25,11.96240402851448,33.0,0,2,23.92480805702896,33.0,False,False,Normal
FOODS_1_067_CA_1_validation,2016-04-04,16,17.728571512560706,33.0,0,2,35.45714302512141,33.0,True,False,Stockout Risk
FOODS_1_067_CA_1_validation,2016-04-11,16,15.373641055812827,32.0,0,2,30.747282111625655,32.0,False,False,Normal
FOODS_1_067_CA_1_validation,2016-04-18,13,15.194451012788514,35.0,0,2,30.38890202557703,35.0,False,False,Normal
FOODS_1_068_CA_1_validation,2016-03-14,2,3.4323455155814124,4.0,0,2,6.864691031162825,4.0,True,False,Stockout Risk
FOODS_1_068_CA_1_validation,2016-03-21,1,3.395281774296943,3.0,0,2,6.790563548593886,3.0,True,False,Stockout Risk
FOODS_1_068_CA_1_validation,2016-03-28,0,2.4334044897432023,2.0,0,2,4.866808979486405,2.0,True,False,Stockout Risk
FOODS_1_068_CA_1_validation,2016-04-04,2,1.2091454856713904,2.0,0,2,2.4182909713427807,2.0,True,False,Stockout Risk
FOODS_1_068_CA_1_validation,2016-04-11,0,3.009327206632362,2.0,0,2,6.018654413264724,2.0,True,False,Stockout Risk
FOODS_1_068_CA_1_validation,2016-04-18,0,0.9627465924504832,1.0,0,2,1.9254931849009664,1.0,True,False,Stockout Risk
FOODS_1_069_CA_1_validation,2016-03-14,9,9.904746849796265,18.0,0,2,19.80949369959253,18.0,True,False,Stockout Risk
FOODS_1_069_CA_1_validation,2016-03-21,16,9.162498093915644,25.0,0,2,18.32499618783129,25.0,False,False,Normal
FOODS_1_069_CA_1_validation,2016-03-28,17,11.3520536971413,28.0,0,2,22.7041073942826,28.0,False,False,Normal
FOODS_1_069_CA_1_validation,2016-04-04,11,13.205226233251556,26.0,0,2,26.410452466503113,26.0,True,False,Stockout Risk
FOODS_1_069_CA_1_validation,2016-04-11,7,12.75051694889977,26.0,0,2,25.50103389779954,26.0,False,False,Normal
FOODS_1_069_CA_1_validation,2016-04-18,7,10.43956603892186,21.0,0,2,20.87913207784372,21.0,False,False,Normal
FOODS_1_070_CA_1_validation,2016-03-14,8,1.6840867764046223,16.0,0,2,3.3681735528092447,16.0,False,False,Normal
FOODS_1_070_CA_1_validation,2016-03-21,4,6.6007799946646575,12.0,0,2,13.201559989329315,12.0,True,False,Stockout Risk
FOODS_1_070_CA_1_validation,2016-03-28,0,4.863854730055083,8.0,0,2,9.727709460110166,8.0,True,False,Stockout Risk
FOODS_1_070_CA_1_validation,2016-04-04,14,1.805416197117257,13.0,0,2,3.610832394234514,13.0,False,False,Normal
FOODS_1_070_CA_1_validation,2016-04-11,2,13.416345665203975,10.0,0,2,26.83269133040795,10.0,True,False,Stockout Risk
FOODS_1_070_CA_1_validation,2016-04-18,3,4.891474289921588,10.0,0,2,9.782948579843175,10.0,False,False,Normal
FOODS_1_071_CA_1_validation,2016-03-14,6,9.627504323689722,12.0,0,2,19.255008647379444,12.0,True,False,Stockout Risk
FOODS_1_071_CA_1_validation,2016-03-21,3,7.341750187270643,9.0,0,2,14.683500374541286,9.0,True,False,Stockout Risk
FOODS_1_071_CA_1_validation,2016-03-28,11,6.168997976026665,13.0,0,2,12.33799595205333,13.0,False,False,Normal
FOODS_1_071_CA_1_validation,2016-04-04,4,7.918762497885917,12.0,0,2,15.837524995771833,12.0,True,False,Stockout Risk
FOODS_1_071_CA_1_validation,2016-04-11,6,5.962343085907387,12.0,0,2,11.924686171814773,12.0,False,False,Normal
FOODS_1_071_CA_1_validation,2016-04-18,8,5.687062226343979,14.0,0,2,11.374124452687958,14.0,False,False,Normal
FOODS_1_072_CA_1_validation,2016-03-14,0,0.3651618097588788,0.0,0,2,0.7303236195177576,0.0,True,False,Stockout Risk
FOODS_1_072_CA_1_validation,2016-03-21,0,0.3651618097588788,0.0,0,2,0.7303236195177576,0.0,True,False,Stockout Risk
FOODS_1_072_CA_1_validation,2016-03-28,0,0.3651618097588788,0.0,0,2,0.7303236195177576,0.0,True,False,Stockout Risk
FOODS_1_072_CA_1_validation,2016-04-04,0,0.5470073055823366,0.0,0,2,1.0940146111646731,0.0,True,False,Stockout Risk
FOODS_1_072_CA_1_validation,2016-04-11,0,0.3006084123614305,0.0,0,2,0.601216824722861,0.0,True,False,Stockout Risk
FOODS_1_072_CA_1_validation,2016-04-18,3,0.3006084123614305,2.0,0,2,0.601216824722861,2.0,False,False,Normal
FOODS_1_073_CA_1_validation,2016-03-14,4,8.412675268371137,8.0,0,2,16.825350536742274,8.0,True,False,Stockout Risk
FOODS_1_073_CA_1_validation,2016-03-21,5,6.865888135540383,9.0,0,2,13.731776271080767,9.0,True,False,Stockout Risk
FOODS_1_073_CA_1_validation,2016-03-28,6,6.853660119436863,10.0,0,2,13.707320238873725,10.0,True,False,Stockout Risk
FOODS_1_073_CA_1_validation,2016-04-04,3,6.631082600155636,9.0,0,2,13.262165200311273,9.0,True,False,Stockout Risk
FOODS_1_073_CA_1_validation,2016-04-11,9,4.77102639996193,12.0,0,2,9.54205279992386,12.0,False,False,Normal
FOODS_1_073_CA_1_validation,2016-04-18,8,6.286800247409107,13.0,0,2,12.573600494818214,13.0,False,False,Normal
FOODS_1_074_CA_1_validation,2016-03-14,8,14.290439364118027,16.0,0,2,28.580878728236055,16.0,True,False,Stockout Risk
FOODS_1_074_CA_1_validation,2016-03-21,12,12.722433244879038,20.0,0,2,25.444866489758077,20.0,True,False,Stockout Risk
FOODS_1_074_CA_1_validation,2016-03-28,15,13.22201695750848,23.0,0,2,26.44403391501696,23.0,True,False,Stockout Risk
FOODS_1_074_CA_1_validation,2016-04-04,9,13.93027627933134,22.0,0,2,27.86055255866268,22.0,True,False,Stockout Risk
FOODS_1_074_CA_1_validation,2016-04-11,17,10.866619349902424,26.0,0,2,21.733238699804847,26.0,False,False,Normal
FOODS_1_074_CA_1_validation,2016-04-18,6,14.010465900882002,24.0,0,2,28.020931801764004,24.0,True,False,Stockout Risk
FOODS_1_075_CA_1_validation,2016-03-14,16,6.061401316587782,32.0,0,2,12.122802633175564,32.0,False,False,Normal
FOODS_1_075_CA_1_validation,2016-03-21,16,9.79705024818102,32.0,0,2,19.59410049636204,32.0,False,False,Normal
FOODS_1_075_CA_1_validation,2016-03-28,6,11.074790645738355,25.0,0,2,22.14958129147671,25.0,False,False,Normal
FOODS_1_075_CA_1_validation,2016-04-04,9,9.24093844467552,24.0,0,2,18.48187688935104,24.0,False,False,Normal
FOODS_1_075_CA_1_validation,2016-04-11,7,9.051618315160246,19.0,0,2,18.10323663032049,19.0,False,False,Normal
FOODS_1_075_CA_1_validation,2016-04-18,3,8.748844204771684,12.0,0,2,17.49768840954337,12.0,True,False,Stockout Risk
FOODS_1_076_CA_1_validation,2016-03-14,6,9.689445360436157,12.0,0,2,19.378890720872313,12.0,True,False,Stockout Risk
FOODS_1_076_CA_1_validation,2016-03-21,12,8.615970588372004,18.0,0,2,17.23194117674401,18.0,False,False,Normal
FOODS_1_076_CA_1_validation,2016-03-28,12,9.21394667618981,20.0,0,2,18.42789335237962,20.0,False,False,Normal
FOODS_1_076_CA_1_validation,2016-04-04,19,9.926664935398277,24.0,0,2,19.853329870796554,24.0,False,False,Normal
FOODS_1_076_CA_1_validation,2016-04-11,9,12.446518670209416,26.0,0,2,24.893037340418832,26.0,False,False,Normal
FOODS_1_076_CA_1_validation,2016-04-18,10,11.372102509784758,25.0,0,2,22.744205019569517,25.0,False,False,Normal
FOODS_1_077_CA_1_validation,2016-03-14,1,1.4396898865029029,2.0,0,2,2.8793797730058057,2.0,True,False,Stockout Risk
FOODS_1_077_CA_1_validation,2016-03-21,0,2.366592592751465,1.0,0,2,4.73318518550293,1.0,True,False,Stockout Risk
FOODS_1_077_CA_1_validation,2016-03-28,1,1.0272999898479327,1.0,0,2,2.0545999796958654,1.0,True,False,Stockout Risk
FOODS_1_077_CA_1_validation,2016-04-04,1,3.081613944513754,2.0,0,2,6.163227889027508,2.0,True,False,Stockout Risk
FOODS_1_077_CA_1_validation,2016-04-11,1,2.2590397341787085,2.0,0,2,4.518079468357417,2.0,True,False,Stockout Risk
FOODS_1_077_CA_1_validation,2016-04-18,2,2.3688510923457544,2.0,0,2,4.737702184691509,2.0,True,False,Stockout Risk
FOODS_1_078_CA_1_validation,2016-03-14,0,3.449159536519452,0.0,0,2,6.898319073038904,0.0,True,False,Stockout Risk
FOODS_1_078_CA_1_validation,2016-03-21,9,1.3255239063385214,9.0,0,2,2.6510478126770427,9.0,False,False,Normal
FOODS_1_078_CA_1_validation,2016-03-28,14,6.771730349303228,15.0,0,2,13.543460698606456,15.0,False,False,Normal
FOODS_1_078_CA_1_validation,2016-04-04,1,8.891750804184035,12.0,0,2,17.78350160836807,12.0,True,False,Stockout Risk
FOODS_1_078_CA_1_validation,2016-04-11,6,5.540047891375237,15.0,0,2,11.080095782750474,15.0,False,False,Normal
FOODS_1_078_CA_1_validation,2016-04-18,2,6.087572828416358,12.0,0,2,12.175145656832717,12.0,True,False,Stockout Risk
FOODS_1_079_CA_1_validation,2016-03-14,0,4.021869774006724,0.0,0,2,8.043739548013448,0.0,True,False,Stockout Risk
FOODS_1_079_CA_1_validation,2016-03-21,1,1.1241322714248425,1.0,0,2,2.248264542849685,1.0,True,False,Stockout Risk
FOODS_1_079_CA_1_validation,2016-03-28,0,3.4892927071156072,1.0,0,2,6.9785854142312145,1.0,True,False,Stockout Risk
FOODS_1_079_CA_1_validation,2016-04-04,0,1.2091454856713904,0.0,0,2,2.4182909713427807,0.0,True,False,Stockout Risk
FOODS_1_079_CA_1_validation,2016-04-11,0,1.064996876750888,0.0,0,2,2.129993753501776,0.0,True,False,Stockout Risk
FOODS_1_079_CA_1_validation,2016-04-18,0,0.9026045081591122,0.0,0,2,1.8052090163182244,0.0,True,False,Stockout Risk
FOODS_1_080_CA_1_validation,2016-03-14,8,5.561080349508999,16.0,0,2,11.122160699017998,16.0,False,False,Normal
FOODS_1_080_CA_1_validation,2016-03-21,8,6.048710161708933,16.0,0,2,12.097420323417866,16.0,False,False,Normal
FOODS_1_080_CA_1_validation,2016-03-28,4,7.427118176216799,13.0,0,2,14.854236352433597,13.0,True,False,Stockout Risk
FOODS_1_080_CA_1_validation,2016-04-04,4,6.287215591747427,12.0,0,2,12.574431183494854,12.0,True,False,Stockout Risk
FOODS_1_080_CA_1_validation,2016-04-11,7,4.961895946185926,12.0,0,2,9.923791892371852,12.0,False,False,Normal
FOODS_1_080_CA_1_validation,2016-04-18,8,5.616042606419741,12.0,0,2,11.232085212839483,12.0,False,False,Normal
FOODS_1_081_CA_1_validation,2016-03-14,6,8.17026071601821,12.0,0,2,16.34052143203642,12.0,True,False,Stockout Risk
FOODS_1_081_CA_1_validation,2016-03-21,10,7.630530286346188,16.0,0,2,15.261060572692376,16.0,False,False,Normal
FOODS_1_081_CA_1_validation,2016-03-28,6,8.384016752711029,15.0,0,2,16.768033505422057,15.0,True,False,Stockout Risk
FOODS_1_081_CA_1_validation,2016-04-04,5,7.866668482408552,14.0,0,2,15.733336964817104,14.0,True,False,Stockout Risk
FOODS_1_081_CA_1_validation,2016-04-11,7,6.369977467813153,14.0,0,2,12.739954935626306,14.0,False,False,Normal
FOODS_1_081_CA_1_validation,2016-04-18,12,7.479511122407305,15.0,0,2,14.95902224481461,15.0,False,False,Normal
FOODS_1_082_CA_1_validation,2016-03-14,56,66.09489102245264,112.0,0,2,132.1897820449053,112.0,True,False,Stockout Risk
FOODS_1_082_CA_1_validation,2016-03-21,101,64.36127681131595,157.0,0,2,128.7225536226319,157.0,False,False,Normal
FOODS_1_082_CA_1_validation,2016-03-28,59,77.88103011385401,144.0,0,2,155.76206022770802,144.0,True,False,Stockout Risk
FOODS_1_082_CA_1_validation,2016-04-04,49,72.16895565917113,132.0,0,2,144.33791131834226,132.0,True,False,Stockout Risk
FOODS_1_082_CA_1_validation,2016-04-11,37,57.65643347684499,123.0,0,2,115.31286695368998,123.0,False,False,Normal
FOODS_1_082_CA_1_validation,2016-04-18,62,46.87242330148744,104.0,0,2,93.74484660297487,104.0,False,False,Normal
FOODS_1_083_CA_1_validation,2016-03-14,10,11.07503428863713,20.0,0,2,22.15006857727426,20.0,True,False,Stockout Risk
FOODS_1_083_CA_1_validation,2016-03-21,4,11.534480718169922,14.0,0,2,23.068961436339844,14.0,True,False,Stockout Risk
FOODS_1_083_CA_1_validation,2016-03-28,10,9.01281322189534,16.0,0,2,18.02562644379068,16.0,True,False,Stockout Risk
FOODS_1_083_CA_1_validation,2016-04-04,2,10.419309080829906,13.0,0,2,20.838618161659813,13.0,True,False,Stockout Risk
FOODS_1_083_CA_1_validation,2016-04-11,9,6.2770899448833815,12.0,0,2,12.554179889766763,12.0,True,False,Stockout Risk
FOODS_1_083_CA_1_validation,2016-04-18,5,7.418021610504219,13.0,0,2,14.836043221008438,13.0,True,False,Stockout Risk
FOODS_1_084_CA_1_validation,2016-03-14,0,0.4553433990161183,0.0,0,2,0.9106867980322366,0.0,True,False,Stockout Risk
FOODS_1_084_CA_1_validation,2016-03-21,0,0.438807456804893,0.0,0,2,0.877614913609786,0.0,True,False,Stockout Risk
FOODS_1_084_CA_1_validation,2016-03-28,0,0.438807456804893,0.0,0,2,0.877614913609786,0.0,True,False,Stockout Risk
FOODS_1_084_CA_1_validation,2016-04-04,0,0.620652952628351,0.0,0,2,1.241305905256702,0.0,True,False,Stockout Risk
FOODS_1_084_CA_1_validation,2016-04-11,0,0.3006084123614305,0.0,0,2,0.601216824722861,0.0,True,False,Stockout Risk
FOODS_1_084_CA_1_validation,2016-04-18,0,0.3006084123614305,0.0,0,2,0.601216824722861,0.0,True,False,Stockout Risk
FOODS_1_085_CA_1_validation,2016-03-14,82,81.88452975361089,164.0,0,2,163.76905950722178,164.0,False,False,Normal
FOODS_1_085_CA_1_validation,2016-03-21,73,79.87040206181616,155.0,0,2,159.74080412363233,155.0,True,False,Stockout Risk
FOODS_1_085_CA_1_validation,2016-03-28,76,82.97924419519806,154.0,0,2,165.95848839039613,154.0,True,False,Stockout Risk
FOODS_1_085_CA_1_validation,2016-04-04,52,92.87030633297448,142.0,0,2,185.74061266594896,142.0,True,False,Stockout Risk
FOODS_1_085_CA_1_validation,2016-04-11,52,64.28238266906652,126.0,0,2,128.56476533813304,126.0,True,False,Stockout Risk
FOODS_1_085_CA_1_validation,2016-04-18,68,60.85546662264626,124.0,0,2,121.71093324529252,124.0,False,False,Normal
FOODS_1_086_CA_1_validation,2016-03-14,26,32.61881695940095,52.0,0,2,65.2376339188019,52.0,True,False,Stockout Risk
FOODS_1_086_CA_1_validation,2016-03-21,59,27.57038231981047,85.0,0,2,55.14076463962094,85.0,False,False,Normal
FOODS_1_086_CA_1_validation,2016-03-28,14,46.85584980032004,66.0,0,2,93.71169960064007,66.0,True,False,Stockout Risk
FOODS_1_086_CA_1_validation,2016-04-04,48,28.45480421894602,74.0,0,2,56.90960843789204,74.0,False,False,Normal
FOODS_1_086_CA_1_validation,2016-04-11,11,36.37695986853846,66.0,0,2,72.75391973707691,66.0,True,False,Stockout Risk
FOODS_1_086_CA_1_validation,2016-04-18,58,24.16909597608284,66.0,0,2,48.33819195216568,66.0,False,False,Normal
FOODS_1_087_CA_1_validation,2016-03-14,24,24.296530028399552,48.0,0,2,48.593060056799104,48.0,True,False,Stockout Risk
FOODS_1_087_CA_1_validation,2016-03-21,7,23.5171933745379,31.0,0,2,47.0343867490758,31.0,True,False,Stockout Risk
FOODS_1_087_CA_1_validation,2016-03-28,23,16.065100490677345,36.0,0,2,32.13020098135469,36.0,False,False,Normal
FOODS_1_087_CA_1_validation,2016-04-04,32,22.67933165197412,43.0,0,2,45.35866330394824,43.0,True,False,Stockout Risk
FOODS_1_087_CA_1_validation,2016-04-11,20,24.09772596371537,41.0,0,2,48.19545192743074,41.0,True,False,Stockout Risk
FOODS_1_087_CA_1_validation,2016-04-18,22,22.156693412415848,48.0,0,2,44.313386824831696,48.0,False,False,Normal
FOODS_1_088_CA_1_validation,2016-03-14,19,10.246684965571474,38.0,0,2,20.493369931142947,38.0,False,False,Normal
FOODS_1_088_CA_1_validation,2016-03-21,4,13.409066973048423,23.0,0,2,26.818133946096847,23.0,True,False,Stockout Risk
FOODS_1_088_CA_1_validation,2016-03-28,6,9.462094425523224,19.0,0,2,18.92418885104645,19.0,False,False,Normal
FOODS_1_088_CA_1_validation,2016-04-04,3,10.006496999539426,16.0,0,2,20.01299399907885,16.0,True,False,Stockout Risk
FOODS_1_088_CA_1_validation,2016-04-11,7,6.535493722376608,10.0,0,2,13.070987444753216,10.0,True,False,Stockout Risk
FOODS_1_088_CA_1_validation,2016-04-18,16,6.791020831997597,16.0,0,2,13.582041663995193,16.0,False,False,Normal
FOODS_1_089_CA_1_validation,2016-03-14,0,0.967157905556561,0.0,0,2,1.934315811113122,0.0,True,False,Stockout Risk
FOODS_1_089_CA_1_validation,2016-03-21,8,0.967157905556561,8.0,0,2,1.934315811113122,8.0,False,False,Normal
FOODS_1_089_CA_1_validation,2016-03-28,1,6.882757547210745,6.0,0,2,13.76551509442149,6.0,True,False,Stockout Risk
FOODS_1_089_CA_1_validation,2016-04-04,1,3.210812353723586,5.0,0,2,6.421624707447172,5.0,True,False,Stockout Risk
FOODS_1_089_CA_1_validation,2016-04-11,8,2.65251670667985,9.0,0,2,5.3050334133597,9.0,False,False,Normal
FOODS_1_089_CA_1_validation,2016-04-18,4,5.276156830491661,7.0,0,2,10.552313660983321,7.0,True,False,Stockout Risk
FOODS_1_090_CA_1_validation,2016-03-14,6,6.605764288792059,12.0,0,2,13.211528577584119,12.0,True,False,Stockout Risk
FOODS_1_090_CA_1_validation,2016-03-21,8,5.992261463664438,14.0,0,2,11.984522927328875,14.0,False,False,Normal
FOODS_1_090_CA_1_validation,2016-03-28,6,6.862606745330275,13.0,0,2,13.72521349066055,13.0,True,False,Stockout Risk
FOODS_1_090_CA_1_validation,2016-04-04,3,7.001144789565714,12.0,0,2,14.002289579131428,12.0,True,False,Stockout Risk
FOODS_1_090_CA_1_validation,2016-04-11,6,5.555337627862019,12.0,0,2,11.110675255724038,12.0,False,False,Normal
FOODS_1_090_CA_1_validation,2016-04-18,8,5.293822577534791,12.0,0,2,10.587645155069582,12.0,False,False,Normal
FOODS_1_091_CA_1_validation,2016-03-14,0,0.4259375598775828,0.0,0,2,0.8518751197551656,0.0,True,False,Stockout Risk
FOODS_1_091_CA_1_validation,2016-03-21,0,0.4259375598775828,0.0,0,2,0.8518751197551656,0.0,True,False,Stockout Risk
FOODS_1_091_CA_1_validation,2016-03-28,0,0.5023478579953735,0.0,0,2,1.004695715990747,0.0,True,False,Stockout Risk
FOODS_1_091_CA_1_validation,2016-04-04,0,0.5470073055823366,0.0,0,2,1.0940146111646731,0.0,True,False,Stockout Risk
FOODS_1_091_CA_1_validation,2016-04-11,0,0.3006084123614305,0.0,0,2,0.601216824722861,0.0,True,False,Stockout Risk
FOODS_1_091_CA_1_validation,2016-04-18,0,0.3006084123614305,0.0,0,2,0.601216824722861,0.0,True,False,Stockout Risk
FOODS_1_092_CA_1_validation,2016-03-14,7,7.688770489426367,14.0,0,2,15.377540978852734,14.0,True,False,Stockout Risk
FOODS_1_092_CA_1_validation,2016-03-21,10,8.028641580358212,17.0,0,2,16.057283160716423,17.0,False,False,Normal
FOODS_1_092_CA_1_validation,2016-03-28,8,8.62438522766985,17.0,0,2,17.2487704553397,17.0,True,False,Stockout Risk
FOODS_1_092_CA_1_validation,2016-04-04,8,8.418471358452873,16.0,0,2,16.836942716905746,16.0,True,False,Stockout Risk
FOODS_1_092_CA_1_validation,2016-04-11,4,8.046906886840963,15.0,0,2,16.093813773681926,15.0,True,False,Stockout Risk
FOODS_1_092_CA_1_validation,2016-04-18,11,6.706569245163131,16.0,0,2,13.413138490326261,16.0,False,False,Normal
FOODS_1_093_CA_1_validation,2016-03-14,4,1.1241322714248425,8.0,0,2,2.248264542849685,8.0,False,False,Normal
FOODS_1_093_CA_1_validation,2016-03-21,5,3.8295958744319982,9.0,0,2,7.6591917488639965,9.0,False,False,Normal
FOODS_1_093_CA_1_validation,2016-03-28,3,4.176122726194593,8.0,0,2,8.352245452389186,8.0,True,False,Stockout Risk
FOODS_1_093_CA_1_validation,2016-04-04,3,4.528295468890504,8.0,0,2,9.056590937781008,8.0,True,False,Stockout Risk
FOODS_1_093_CA_1_validation,2016-04-11,2,3.591928726142706,6.0,0,2,7.183857452285412,6.0,True,False,Stockout Risk
FOODS_1_093_CA_1_validation,2016-04-18,1,3.1363837478751533,4.0,0,2,6.272767495750307,4.0,True,False,Stockout Risk
FOODS_1_094_CA_1_validation,2016-03-14,8,7.350858780225175,16.0,0,2,14.70171756045035,16.0,False,False,Normal
FOODS_1_094_CA_1_validation,2016-03-21,6,7.940467621591283,14.0,0,2,15.880935243182567,14.0,True,False,Stockout Risk
FOODS_1_094_CA_1_validation,2016-03-28,5,7.144576574843937,13.0,0,2,14.289153149687873,13.0,True,False,Stockout Risk
FOODS_1_094_CA_1_validation,2016-04-04,4,6.772070816832346,12.0,0,2,13.544141633664692,12.0,True,False,Stockout Risk
FOODS_1_094_CA_1_validation,2016-04-11,6,5.438825707224465,10.0,0,2,10.87765141444893,10.0,True,False,Stockout Risk
FOODS_1_094_CA_1_validation,2016-04-18,5,5.732421942442766,10.0,0,2,11.464843884885532,10.0,True,False,Stockout Risk
FOODS_1_095_CA_1_validation,2016-03-14,2,0.9393042368440488,4.0,0,2,1.8786084736880977,4.0,False,False,Normal
FOODS_1_095_CA_1_validation,2016-03-21,2,3.0738806040298106,4.0,0,2,6.147761208059621,4.0,True,False,Stockout Risk
FOODS_1_095_CA_1_validation,2016-03-28,1,3.395281774296943,3.0,0,2,6.790563548593886,3.0,True,False,Stockout Risk
FOODS_1_095_CA_1_validation,2016-04-04,0,3.044550203229284,2.0,0,2,6.089100406458568,2.0,True,False,Stockout Risk
FOODS_1_095_CA_1_validation,2016-04-11,1,0.9627465924504832,2.0,0,2,1.9254931849009664,2.0,False,False,Normal
FOODS_1_095_CA_1_validation,2016-04-18,0,2.2554961650392777,1.0,0,2,4.5109923300785555,1.0,True,False,Stockout Risk
FOODS_1_096_CA_1_validation,2016-03-14,2,4.653584834150223,4.0,0,2,9.307169668300446,4.0,True,False,Stockout Risk
FOODS_1_096_CA_1_validation,2016-03-21,2,4.052479061642478,4.0,0,2,8.104958123284955,4.0,True,False,Stockout Risk
FOODS_1_096_CA_1_validation,2016-03-28,6,3.655253961713601,7.0,0,2,7.310507923427202,7.0,True,False,Stockout Risk
FOODS_1_096_CA_1_validation,2016-04-04,2,4.82683644270606,6.0,0,2,9.65367288541212,6.0,True,False,Stockout Risk
FOODS_1_096_CA_1_validation,2016-04-11,6,3.683713499338086,8.0,0,2,7.367426998676172,8.0,False,False,Normal
FOODS_1_096_CA_1_validation,2016-04-18,3,5.017843196701027,8.0,0,2,10.035686393402054,8.0,True,False,Stockout Risk
FOODS_1_097_CA_1_validation,2016-03-14,14,12.468029722038732,28.0,0,2,24.936059444077465,28.0,False,False,Normal
FOODS_1_097_CA_1_validation,2016-03-21,17,13.307040788495266,31.0,0,2,26.614081576990532,31.0,False,False,Normal
FOODS_1_097_CA_1_validation,2016-03-28,17,14.681314526534369,32.0,0,2,29.362629053068737,32.0,False,False,Normal
FOODS_1_097_CA_1_validation,2016-04-04,13,15.40596462959186,30.0,0,2,30.81192925918372,30.0,True,False,Stockout Risk
FOODS_1_097_CA_1_validation,2016-04-11,9,14.169871154930386,28.0,0,2,28.33974230986077,28.0,True,False,Stockout Risk
FOODS_1_097_CA_1_validation,2016-04-18,16,12.818247163923198,28.0,0,2,25.636494327846396,28.0,False,False,Normal
FOODS_1_098_CA_1_validation,2016-03-14,1,1.478963360193856,2.0,0,2,2.957926720387712,2.0,True,False,Stockout Risk
FOODS_1_098_CA_1_validation,2016-03-21,0,3.4892927071156072,1.0,0,2,6.9785854142312145,1.0,True,False,Stockout Risk
FOODS_1_098_CA_1_validation,2016-03-28,1,0.9994463211354212,1.0,0,2,1.9988926422708424,1.0,True,False,Stockout Risk
FOODS_1_098_CA_1_validation,2016-04-04,1,3.7357319915368,2.0,0,2,7.4714639830736,2.0,True,False,Stockout Risk
FOODS_1_098_CA_1_validation,2016-04-11,3,2.380414937452472,2.0,0,2,4.760829874904944,2.0,True,False,Stockout Risk
FOODS_1_098_CA_1_validation,2016-04-18,0,3.721942070689821,2.0,0,2,7.443884141379642,2.0,True,False,Stockout Risk
FOODS_1_099_CA_1_validation,2016-03-14,63,72.99317631075292,126.0,0,2,145.98635262150583,126.0,True,False,Stockout Risk
FOODS_1_099_CA_1_validation,2016-03-21,93,74.11465664896551,156.0,0,2,148.22931329793101,156.0,False,False,Normal
FOODS_1_099_CA_1_validation,2016-03-28,100,89.70136789164087,171.0,0,2,179.40273578328174,171.0,True,False,Stockout Risk
FOODS_1_099_CA_1_validation,2016-04-04,53,81.90807367588609,154.0,0,2,163.81614735177217,154.0,True,False,Stockout Risk
FOODS_1_099_CA_1_validation,2016-04-11,26,65.51762479432318,136.0,0,2,131.03524958864637,136.0,False,False,Normal
FOODS_1_099_CA_1_validation,2016-04-18,73,47.36514211440579,126.0,0,2,94.73028422881158,126.0,False,False,Normal
FOODS_1_101_CA_1_validation,2016-03-14,0,0.4553433990161183,0.0,0,2,0.9106867980322366,0.0,True,False,Stockout Risk
FOODS_1_101_CA_1_validation,2016-03-21,0,0.438807456804893,0.0,0,2,0.877614913609786,0.0,True,False,Stockout Risk
FOODS_1_101_CA_1_validation,2016-03-28,0,0.3651618097588788,0.0,0,2,0.7303236195177576,0.0,True,False,Stockout Risk
FOODS_1_101_CA_1_validation,2016-04-04,0,0.5470073055823366,0.0,0,2,1.0940146111646731,0.0,True,False,Stockout Risk
FOODS_1_101_CA_1_validation,2016-04-11,0,0.3006084123614305,0.0,0,2,0.601216824722861,0.0,True,False,Stockout Risk
FOODS_1_101_CA_1_validation,2016-04-18,0,0.3006084123614305,0.0,0,2,0.601216824722861,0.0,True,False,Stockout Risk
FOODS_1_102_CA_1_validation,2016-03-14,6,0.3651618097588788,12.0,0,2,0.7303236195177576,12.0,False,False,Normal
FOODS_1_102_CA_1_validation,2016-03-21,5,6.146424886586429,11.0,0,2,12.292849773172858,11.0,True,False,Stockout Risk
FOODS_1_102_CA_1_validation,2016-03-28,2,4.961025861161985,9.0,0,2,9.92205172232397,9.0,True,False,Stockout Risk
FOODS_1_102_CA_1_validation,2016-04-04,7,4.224098174344855,10.0,0,2,8.44819634868971,10.0,False,False,Normal
FOODS_1_102_CA_1_validation,2016-04-11,3,5.155785534942349,8.0,0,2,10.311571069884698,8.0,True,False,Stockout Risk
FOODS_1_102_CA_1_validation,2016-04-18,1,4.342832213230333,6.0,0,2,8.685664426460667,6.0,True,False,Stockout Risk
FOODS_1_103_CA_1_validation,2016-03-14,20,7.5136372058762975,40.0,0,2,15.027274411752595,40.0,False,False,Normal
FOODS_1_103_CA_1_validation,2016-03-21,11,12.91831846218118,31.0,0,2,25.83663692436236,31.0,False,False,Normal
FOODS_1_103_CA_1_validation,2016-03-28,8,11.047310977168626,26.0,0,2,22.094621954337253,26.0,False,False,Normal
FOODS_1_103_CA_1_validation,2016-04-04,11,10.40578016235538,25.0,0,2,20.81156032471076,25.0,False,False,Normal
FOODS_1_103_CA_1_validation,2016-04-11,7,11.29897417683164,18.0,0,2,22.59794835366328,18.0,True,False,Stockout Risk
FOODS_1_103_CA_1_validation,2016-04-18,14,8.925435169061016,20.0,0,2,17.850870338122032,20.0,False,False,Normal
FOODS_1_104_CA_1_validation,2016-03-14,1,10.044662221566714,2.0,0,2,20.089324443133428,2.0,True,False,Stockout Risk
FOODS_1_104_CA_1_validation,2016-03-21,1,6.5357094083510825,2.0,0,2,13.071418816702165,2.0,True,False,Stockout Risk
FOODS_1_104_CA_1_validation,2016-03-28,2,5.473888173411751,3.0,0,2,10.947776346823503,3.0,True,False,Stockout Risk
FOODS_1_104_CA_1_validation,2016-04-04,9,7.877943052571797,6.0,0,2,15.755886105143594,6.0,True,False,Stockout Risk
FOODS_1_104_CA_1_validation,2016-04-11,22,6.674041266662128,17.0,0,2,13.348082533324256,17.0,False,False,Normal
FOODS_1_104_CA_1_validation,2016-04-18,9,13.961311832384984,21.0,0,2,27.92262366476997,21.0,True,False,Stockout Risk
FOODS_1_105_CA_1_validation,2016-03-14,5,5.204242297147418,10.0,0,2,10.408484594294835,10.0,True,False,Stockout Risk
FOODS_1_105_CA_1_validation,2016-03-21,12,5.588550905902529,17.0,0,2,11.177101811805057,17.0,False,False,Normal
FOODS_1_105_CA_1_validation,2016-03-28,7,8.79604853766987,16.0,0,2,17.59209707533974,16.0,True,False,Stockout Risk
FOODS_1_105_CA_1_validation,2016-04-04,15,7.342733295970832,20.0,0,2,14.685466591941664,20.0,False,False,Normal
FOODS_1_105_CA_1_validation,2016-04-11,9,10.713470539326948,22.0,0,2,21.426941078653897,22.0,False,False,Normal
FOODS_1_105_CA_1_validation,2016-04-18,12,9.43408411241932,22.0,0,2,18.86816822483864,22.0,False,False,Normal
FOODS_1_106_CA_1_validation,2016-03-14,11,6.994603649228885,22.0,0,2,13.98920729845777,22.0,False,False,Normal
FOODS_1_106_CA_1_validation,2016-03-21,10,9.41687926720942,21.0,0,2,18.83375853441884,21.0,False,False,Normal
FOODS_1_106_CA_1_validation,2016-03-28,13,9.361561115761573,23.0,0,2,18.723122231523146,23.0,False,False,Normal
FOODS_1_106_CA_1_validation,2016-04-04,10,9.80407455138255,22.0,0,2,19.6081491027651,22.0,False,False,Normal
FOODS_1_106_CA_1_validation,2016-04-11,9,9.840590371618168,21.0,0,2,19.681180743236336,21.0,False,False,Normal
FOODS_1_106_CA_1_validation,2016-04-18,11,9.607022258059756,22.0,0,2,19.21404451611951,22.0,False,False,Normal
FOODS_1_107_CA_1_validation,2016-03-14,0,0.3651618097588788,0.0,0,2,0.7303236195177576,0.0,True,False,Stockout Risk
FOODS_1_107_CA_1_validation,2016-03-21,0,0.3651618097588788,0.0,0,2,0.7303236195177576,0.0,True,False,Stockout Risk
FOODS_1_107_CA_1_validation,2016-03-28,0,0.3651618097588788,0.0,0,2,0.7303236195177576,0.0,True,False,Stockout Risk
FOODS_1_107_CA_1_validation,2016-04-04,0,0.5470073055823366,0.0,0,2,1.0940146111646731,0.0,True,False,Stockout Risk
FOODS_1_107_CA_1_validation,2016-04-11,0,0.3006084123614305,0.0,0,2,0.601216824722861,0.0,True,False,Stockout Risk
FOODS_1_107_CA_1_validation,2016-04-18,0,0.3006084123614305,0.0,0,2,0.601216824722861,0.0,True,False,Stockout Risk
FOODS_1_108_CA_1_validation,2016-03-14,8,9.394247464477916,16.0,0,2,18.78849492895583,16.0,True,False,Stockout Risk
FOODS_1_108_CA_1_validation,2016-03-21,17,8.868876371226074,25.0,0,2,17.737752742452148,25.0,False,False,Normal
FOODS_1_108_CA_1_validation,2016-03-28,10,11.758219644738256,23.0,0,2,23.516439289476512,23.0,True,False,Stockout Risk
FOODS_1_108_CA_1_validation,2016-04-04,10,11.042223657147291,22.0,0,2,22.084447314294582,22.0,True,False,Stockout Risk
FOODS_1_108_CA_1_validation,2016-04-11,16,10.206265189471678,26.0,0,2,20.412530378943355,26.0,False,False,Normal
FOODS_1_108_CA_1_validation,2016-04-18,8,12.274343025360212,22.0,0,2,24.548686050720423,22.0,True,False,Stockout Risk
FOODS_1_109_CA_1_validation,2016-03-14,9,5.650077808431004,18.0,0,2,11.300155616862009,18.0,False,False,Normal
FOODS_1_109_CA_1_validation,2016-03-21,8,6.354433425906701,17.0,0,2,12.708866851813402,17.0,False,False,Normal
FOODS_1_109_CA_1_validation,2016-03-28,6,7.125153216328982,15.0,0,2,14.250306432657965,15.0,False,False,Normal
FOODS_1_109_CA_1_validation,2016-04-04,6,6.680525485642806,14.0,0,2,13.361050971285612,14.0,False,False,Normal
FOODS_1_109_CA_1_validation,2016-04-11,2,6.585199782956414,11.0,0,2,13.170399565912827,11.0,True,False,Stockout Risk
FOODS_1_109_CA_1_validation,2016-04-18,7,4.410576203439964,10.0,0,2,8.821152406879929,10.0,False,False,Normal
FOODS_1_110_CA_1_validation,2016-03-14,0,1.948253582625476,0.0,0,2,3.896507165250952,0.0,True,False,Stockout Risk
FOODS_1_110_CA_1_validation,2016-03-21,0,1.255211013950687,0.0,0,2,2.510422027901374,0.0,True,False,Stockout Risk
FOODS_1_110_CA_1_validation,2016-03-28,0,0.5995775396240428,0.0,0,2,1.1991550792480856,0.0,True,False,Stockout Risk
FOODS_1_110_CA_1_validation,2016-04-04,0,0.5470073055823366,0.0,0,2,1.0940146111646731,0.0,True,False,Stockout Risk
FOODS_1_110_CA_1_validation,2016-04-11,0,0.3006084123614305,0.0,0,2,0.601216824722861,0.0,True,False,Stockout Risk
FOODS_1_110_CA_1_validation,2016-04-18,0,0.3006084123614305,0.0,0,2,0.601216824722861,0.0,True,False,Stockout Risk
FOODS_1_111_CA_1_validation,2016-03-14,6,5.431061186140938,12.0,0,2,10.862122372281876,12.0,False,False,Normal
FOODS_1_111_CA_1_validation,2016-03-21,4,5.370134619106184,10.0,0,2,10.740269238212369,10.0,True,False,Stockout Risk
FOODS_1_111_CA_1_validation,2016-03-28,4,4.824662208986744,9.0,0,2,9.649324417973489,9.0,True,False,Stockout Risk
FOODS_1_111_CA_1_validation,2016-04-04,5,5.075327034669081,10.0,0,2,10.150654069338161,10.0,True,False,Stockout Risk
FOODS_1_111_CA_1_validation,2016-04-11,0,4.983166447044463,6.0,0,2,9.966332894088927,6.0,True,False,Stockout Risk
FOODS_1_111_CA_1_validation,2016-04-18,4,1.7592349691863145,6.0,0,2,3.518469938372629,6.0,False,False,Normal
FOODS_1_112_CA_1_validation,2016-03-14,15,14.140196886906857,30.0,0,2,28.280393773813714,30.0,False,False,Normal
FOODS_1_112_CA_1_validation,2016-03-21,21,14.76242206502635,36.0,0,2,29.5248441300527,36.0,False,False,Normal
FOODS_1_112_CA_1_validation,2016-03-28,15,17.225822417004913,34.0,0,2,34.45164483400983,34.0,True,False,Stockout Risk
FOODS_1_112_CA_1_validation,2016-04-04,15,15.726667064295542,33.0,0,2,31.453334128591084,33.0,False,False,Normal
FOODS_1_112_CA_1_validation,2016-04-11,10,15.20375788946163,30.0,0,2,30.40751577892326,30.0,True,False,Stockout Risk
FOODS_1_112_CA_1_validation,2016-04-18,17,13.530576931936135,28.0,0,2,27.06115386387227,28.0,False,False,Normal
FOODS_1_113_CA_1_validation,2016-03-14,3,11.04935824675364,6.0,0,2,22.09871649350728,6.0,True,False,Stockout Risk
FOODS_1_113_CA_1_validation,2016-03-21,9,7.702025273623604,12.0,0,2,15.404050547247207,12.0,True,False,Stockout Risk
FOODS_1_113_CA_1_validation,2016-03-28,5,8.93559249896334,11.0,0,2,17.87118499792668,11.0,True,False,Stockout Risk
FOODS_1_113_CA_1_validation,2016-04-04,6,8.084232881906757,12.0,0,2,16.168465763813515,12.0,True,False,Stockout Risk
FOODS_1_113_CA_1_validation,2016-04-11,1,6.504094521940329,10.0,0,2,13.008189043880659,10.0,True,False,Stockout Risk
FOODS_1_113_CA_1_validation,2016-04-18,0,4.387672567262682,6.0,0,2,8.775345134525365,6.0,True,False,Stockout Risk
FOODS_1_114_CA_1_validation,2016-03-14,0,5.919702021989844,0.0,0,2,11.839404043979687,0.0,True,False,Stockout Risk
FOODS_1_114_CA_1_validation,2016-03-21,0,2.896336833570032,0.0,0,2,5.792673667140064,0.0,True,False,Stockout Risk
FOODS_1_114_CA_1_validation,2016-03-28,0,2.025782478626813,0.0,0,2,4.051564957253626,0.0,True,False,Stockout Risk
FOODS_1_114_CA_1_validation,2016-04-04,3,1.9663294594195635,2.0,0,2,3.932658918839127,2.0,True,False,Stockout Risk
FOODS_1_114_CA_1_validation,2016-04-11,5,4.768359164151016,4.0,0,2,9.536718328302031,4.0,True,False,Stockout Risk
FOODS_1_114_CA_1_validation,2016-04-18,4,4.475470827433306,6.0,0,2,8.950941654866613,6.0,True,False,Stockout Risk
FOODS_1_115_CA_1_validation,2016-03-14,2,1.3399050869597011,4.0,0,2,2.6798101739194022,4.0,False,False,Normal
FOODS_1_115_CA_1_validation,2016-03-21,3,3.0738806040298106,5.0,0,2,6.147761208059621,5.0,True,False,Stockout Risk
FOODS_1_115_CA_1_validation,2016-03-28,8,3.3582582070495666,9.0,0,2,6.716516414099133,9.0,False,False,Normal
FOODS_1_115_CA_1_validation,2016-04-04,3,6.481626434839653,8.0,0,2,12.963252869679305,8.0,True,False,Stockout Risk
FOODS_1_115_CA_1_validation,2016-04-11,3,4.563373623673829,8.0,0,2,9.126747247347659,8.0,True,False,Stockout Risk
FOODS_1_115_CA_1_validation,2016-04-18,1,3.6877103685765458,8.0,0,2,7.3754207371530915,8.0,False,False,Normal
FOODS_1_116_CA_1_validation,2016-03-14,3,6.855925938048199,6.0,0,2,13.711851876096398,6.0,True,False,Stockout Risk
FOODS_1_116_CA_1_validation,2016-03-21,9,5.58558696598712,12.0,0,2,11.17117393197424,12.0,False,False,Normal
FOODS_1_116_CA_1_validation,2016-03-28,8,7.127553668444781,13.0,0,2,14.255107336889562,13.0,True,False,Stockout Risk
FOODS_1_116_CA_1_validation,2016-04-04,11,7.611537410143882,16.0,0,2,15.223074820287763,16.0,False,False,Normal
FOODS_1_116_CA_1_validation,2016-04-11,9,8.406100281270238,18.0,0,2,16.812200562540475,18.0,False,False,Normal
FOODS_1_116_CA_1_validation,2016-04-18,6,8.543463933003238,17.0,0,2,17.086927866006477,17.0,True,False,Stockout Risk
FOODS_1_117_CA_1_validation,2016-03-14,9,9.178743937618917,18.0,0,2,18.357487875237833,18.0,True,False,Stockout Risk
FOODS_1_117_CA_1_validation,2016-03-21,3,9.201239743865562,12.0,0,2,18.402479487731124,12.0,True,False,Stockout Risk
FOODS_1_117_CA_1_validation,2016-03-28,14,7.380764991943912,17.0,0,2,14.761529983887824,17.0,False,False,Normal
FOODS_1_117_CA_1_validation,2016-04-04,13,9.80209221160454,20.0,0,2,19.60418442320908,20.0,False,False,Normal
FOODS_1_117_CA_1_validation,2016-04-11,7,9.73965515245278,18.0,0,2,19.47931030490556,18.0,True,False,Stockout Risk
FOODS_1_117_CA_1_validation,2016-04-18,12,9.361450862920991,23.0,0,2,18.722901725841982,23.0,False,False,Normal
FOODS_1_118_CA_1_validation,2016-03-14,9,9.676714740928768,18.0,0,2,19.353429481857535,18.0,True,False,Stockout Risk
FOODS_1_118_CA_1_validation,2016-03-21,9,10.090748663344,18.0,0,2,20.181497326688,18.0,True,False,Stockout Risk
FOODS_1_118_CA_1_validation,2016-03-28,5,8.7380547802065,15.0,0,2,17.476109560413,15.0,True,False,Stockout Risk
FOODS_1_118_CA_1_validation,2016-04-04,10,7.946117096592815,16.0,0,2,15.89223419318563,16.0,False,False,Normal
FOODS_1_118_CA_1_validation,2016-04-11,4,8.36901815868048,14.0,0,2,16.73803631736096,14.0,True,False,Stockout Risk
FOODS_1_118_CA_1_validation,2016-04-18,17,6.605584336560887,18.0,0,2,13.211168673121774,18.0,False,False,Normal
FOODS_1_119_CA_1_validation,2016-03-14,4,5.0708938815604405,8.0,0,2,10.141787763120881,8.0,True,False,Stockout Risk
FOODS_1_119_CA_1_validation,2016-03-21,0,4.953997613956445,4.0,0,2,9.90799522791289,4.0,True,False,Stockout Risk
FOODS_1_119_CA_1_validation,2016-03-28,0,1.7487139893164492,3.0,0,2,3.4974279786328983,3.0,True,False,Stockout Risk
FOODS_1_119_CA_1_validation,2016-04-04,0,1.5254282633504617,2.0,0,2,3.0508565267009233,2.0,True,False,Stockout Risk
FOODS_1_119_CA_1_validation,2016-04-11,0,1.0448697848720363,0.0,0,2,2.0897395697440726,0.0,True,False,Stockout Risk
FOODS_1_119_CA_1_validation,2016-04-18,0,0.3742540594074448,0.0,0,2,0.7485081188148895,0.0,True,False,Stockout Risk
FOODS_1_120_CA_1_validation,2016-03-14,0,0.7853412390471699,0.0,0,2,1.5706824780943398,0.0,True,False,Stockout Risk
FOODS_1_120_CA_1_validation,2016-03-21,0,0.5023478579953735,0.0,0,2,1.004695715990747,0.0,True,False,Stockout Risk
FOODS_1_120_CA_1_validation,2016-03-28,0,0.5023478579953735,0.0,0,2,1.004695715990747,0.0,True,False,Stockout Risk
FOODS_1_120_CA_1_validation,2016-04-04,0,0.5470073055823366,0.0,0,2,1.0940146111646731,0.0,True,False,Stockout Risk
FOODS_1_120_CA_1_validation,2016-04-11,0,0.3006084123614305,0.0,0,2,0.601216824722861,0.0,True,False,Stockout Risk
FOODS_1_120_CA_1_validation,2016-04-18,0,0.3006084123614305,0.0,0,2,0.601216824722861,0.0,True,False,Stockout Risk
FOODS_1_121_CA_1_validation,2016-03-14,7,5.202493530579296,14.0,0,2,10.404987061158591,14.0,False,False,Normal
FOODS_1_121_CA_1_validation,2016-03-21,5,6.068205140115791,12.0,0,2,12.136410280231582,12.0,True,False,Stockout Risk
FOODS_1_121_CA_1_validation,2016-03-28,3,6.1950953869289735,10.0,0,2,12.390190773857947,10.0,True,False,Stockout Risk
FOODS_1_121_CA_1_validation,2016-04-04,8,5.599118380965482,12.0,0,2,11.198236761930964,12.0,False,False,Normal
FOODS_1_121_CA_1_validation,2016-04-11,5,5.625571683860203,10.0,0,2,11.251143367720406,10.0,True,False,Stockout Risk
FOODS_1_121_CA_1_validation,2016-04-18,11,5.46469469185006,14.0,0,2,10.92938938370012,14.0,False,False,Normal
FOODS_1_122_CA_1_validation,2016-03-14,7,8.85314678711178,14.0,0,2,17.70629357422356,14.0,True,False,Stockout Risk
FOODS_1_122_CA_1_validation,2016-03-21,14,8.33437679325017,21.0,0,2,16.66875358650034,21.0,False,False,Normal
FOODS_1_122_CA_1_validation,2016-03-28,8,10.091794684853614,19.0,0,2,20.183589369707228,19.0,True,False,Stockout Risk
FOODS_1_122_CA_1_validation,2016-04-04,6,10.435759163339188,18.0,0,2,20.871518326678377,18.0,True,False,Stockout Risk
FOODS_1_122_CA_1_validation,2016-04-11,8,7.840368843527219,18.0,0,2,15.680737687054439,18.0,False,False,Normal
FOODS_1_122_CA_1_validation,2016-04-18,4,8.149935006895362,13.0,0,2,16.299870013790724,13.0,True,False,Stockout Risk
FOODS_1_123_CA_1_validation,2016-03-14,1,5.917429290705414,2.0,0,2,11.834858581410828,2.0,True,False,Stockout Risk
FOODS_1_123_CA_1_validation,2016-03-21,4,4.064448631586581,5.0,0,2,8.128897263173162,5.0,True,False,Stockout Risk
FOODS_1_123_CA_1_validation,2016-03-28,0,4.953991803607149,3.0,0,2,9.907983607214298,3.0,True,False,Stockout Risk
FOODS_1_123_CA_1_validation,2016-04-04,3,2.361795293885526,4.0,0,2,4.723590587771052,4.0,True,False,Stockout Risk
FOODS_1_123_CA_1_validation,2016-04-11,3,3.6684489193222336,5.0,0,2,7.336897838644467,5.0,True,False,Stockout Risk
FOODS_1_123_CA_1_validation,2016-04-18,3,3.772199657523353,4.0,0,2,7.544399315046706,4.0,True,False,Stockout Risk
FOODS_1_124_CA_1_validation,2016-03-14,9,8.303910708794639,18.0,0,2,16.607821417589278,18.0,False,False,Normal
FOODS_1_124_CA_1_validation,2016-03-21,10,8.604603085151286,19.0,0,2,17.209206170302572,19.0,False,False,Normal
FOODS_1_124_CA_1_validation,2016-03-28,5,9.295182842443747,16.0,0,2,18.590365684887495,16.0,True,False,Stockout Risk
FOODS_1_124_CA_1_validation,2016-04-04,6,8.17449430201349,15.0,0,2,16.34898860402698,15.0,True,False,Stockout Risk
FOODS_1_124_CA_1_validation,2016-04-11,8,7.0998145175009055,14.0,0,2,14.199629035001811,14.0,True,False,Stockout Risk
FOODS_1_124_CA_1_validation,2016-04-18,19,7.191709709336386,19.0,0,2,14.383419418672773,19.0,False,False,Normal
FOODS_1_125_CA_1_validation,2016-03-14,3,4.264655374577223,6.0,0,2,8.529310749154446,6.0,True,False,Stockout Risk
FOODS_1_125_CA_1_validation,2016-03-21,13,3.75823507877235,16.0,0,2,7.5164701575447,16.0,False,False,Normal
FOODS_1_125_CA_1_validation,2016-03-28,11,7.467986814523003,18.0,0,2,14.935973629046005,18.0,False,False,Normal
FOODS_1_125_CA_1_validation,2016-04-04,6,9.000772618401475,16.0,0,2,18.00154523680295,16.0,True,False,Stockout Risk
FOODS_1_125_CA_1_validation,2016-04-11,16,7.453412615993226,23.0,0,2,14.906825231986453,23.0,False,False,Normal
FOODS_1_125_CA_1_validation,2016-04-18,5,10.278988777089664,19.0,0,2,20.557977554179327,19.0,True,False,Stockout Risk
FOODS_1_126_CA_1_validation,2016-03-14,0,0.5856604396669023,0.0,0,2,1.1713208793338046,0.0,True,False,Stockout Risk
FOODS_1_126_CA_1_validation,2016-03-21,0,0.4291420694814084,0.0,0,2,0.8582841389628167,0.0,True,False,Stockout Risk
FOODS_1_126_CA_1_validation,2016-03-28,0,0.4259375598775828,0.0,0,2,0.8518751197551656,0.0,True,False,Stockout Risk
FOODS_1_126_CA_1_validation,2016-04-04,0,0.5470073055823366,0.0,0,2,1.0940146111646731,0.0,True,False,Stockout Risk
FOODS_1_126_CA_1_validation,2016-04-11,0,0.3006084123614305,0.0,0,2,0.601216824722861,0.0,True,False,Stockout Risk
FOODS_1_126_CA_1_validation,2016-04-18,0,0.3006084123614305,0.0,0,2,0.601216824722861,0.0,True,False,Stockout Risk
FOODS_1_127_CA_1_validation,2016-03-14,3,4.473327266668618,6.0,0,2,8.946654533337236,6.0,True,False,Stockout Risk
FOODS_1_127_CA_1_validation,2016-03-21,7,5.851742494247846,10.0,0,2,11.703484988495692,10.0,True,False,Stockout Risk
FOODS_1_127_CA_1_validation,2016-03-28,9,5.965345353872589,13.0,0,2,11.930690707745178,13.0,False,False,Normal
FOODS_1_127_CA_1_validation,2016-04-04,6,7.43169703322356,12.0,0,2,14.86339406644712,12.0,True,False,Stockout Risk
FOODS_1_127_CA_1_validation,2016-04-11,4,6.686853944006413,13.0,0,2,13.373707888012826,13.0,True,False,Stockout Risk
FOODS_1_127_CA_1_validation,2016-04-18,4,6.245712019084821,12.0,0,2,12.491424038169642,12.0,True,False,Stockout Risk
FOODS_1_128_CA_1_validation,2016-03-14,6,2.370136161890896,12.0,0,2,4.740272323781792,12.0,False,False,Normal
FOODS_1_128_CA_1_validation,2016-03-21,8,4.4562655310939645,14.0,0,2,8.912531062187929,14.0,False,False,Normal
FOODS_1_128_CA_1_validation,2016-03-28,4,5.877149743775055,12.0,0,2,11.75429948755011,12.0,False,False,Normal
FOODS_1_128_CA_1_validation,2016-04-04,6,5.434604805822624,12.0,0,2,10.869209611645248,12.0,False,False,Normal
FOODS_1_128_CA_1_validation,2016-04-11,1,4.952384024045864,10.0,0,2,9.904768048091729,10.0,False,False,Normal
FOODS_1_128_CA_1_validation,2016-04-18,5,3.4361873214245358,8.0,0,2,6.8723746428490715,8.0,False,False,Normal
FOODS_1_129_CA_1_validation,2016-03-14,5,6.159324920671756,10.0,0,2,12.318649841343513,10.0,True,False,Stockout Risk
FOODS_1_129_CA_1_validation,2016-03-21,6,6.055359113482457,11.0,0,2,12.110718226964915,11.0,True,False,Stockout Risk
FOODS_1_129_CA_1_validation,2016-03-28,5,5.887048135528299,11.0,0,2,11.774096271056598,11.0,True,False,Stockout Risk
FOODS_1_129_CA_1_validation,2016-04-04,7,5.804898959738254,12.0,0,2,11.609797919476508,12.0,False,False,Normal
FOODS_1_129_CA_1_validation,2016-04-11,11,5.676558681530564,14.0,0,2,11.353117363061129,14.0,False,False,Normal
FOODS_1_129_CA_1_validation,2016-04-18,5,7.764363657882381,14.0,0,2,15.528727315764762,14.0,True,False,Stockout Risk
FOODS_1_130_CA_1_validation,2016-03-14,25,12.928208930769989,50.0,0,2,25.856417861539978,50.0,False,False,Normal
FOODS_1_130_CA_1_validation,2016-03-21,31,17.804218527167293,56.0,0,2,35.60843705433459,56.0,False,False,Normal
FOODS_1_130_CA_1_validation,2016-03-28,8,23.314303894599988,43.0,0,2,46.628607789199975,43.0,True,False,Stockout Risk
FOODS_1_130_CA_1_validation,2016-04-04,18,15.924147582886768,41.0,0,2,31.848295165773536,41.0,False,False,Normal
FOODS_1_130_CA_1_validation,2016-04-11,12,16.879335534522983,34.0,0,2,33.75867106904597,34.0,False,False,Normal
FOODS_1_130_CA_1_validation,2016-04-18,18,14.701298880383224,28.0,0,2,29.402597760766447,28.0,True,False,Stockout Risk
FOODS_1_131_CA_1_validation,2016-03-14,2,5.086965418694197,4.0,0,2,10.173930837388394,4.0,True,False,Stockout Risk
FOODS_1_131_CA_1_validation,2016-03-21,6,4.33443986098285,8.0,0,2,8.6688797219657,8.0,True,False,Stockout Risk
FOODS_1_131_CA_1_validation,2016-03-28,5,5.257960408154867,9.0,0,2,10.515920816309734,9.0,True,False,Stockout Risk
FOODS_1_131_CA_1_validation,2016-04-04,5,5.370255080119932,9.0,0,2,10.740510160239864,9.0,True,False,Stockout Risk
FOODS_1_131_CA_1_validation,2016-04-11,4,5.1185146951143095,10.0,0,2,10.237029390228619,10.0,True,False,Stockout Risk
FOODS_1_131_CA_1_validation,2016-04-18,6,5.067771737395537,10.0,0,2,10.135543474791074,10.0,True,False,Stockout Risk
FOODS_1_132_CA_1_validation,2016-03-14,4,4.8752253079165,8.0,0,2,9.750450615833,8.0,True,False,Stockout Risk
FOODS_1_132_CA_1_validation,2016-03-21,17,4.5087247293957855,21.0,0,2,9.017449458791571,21.0,False,False,Normal
FOODS_1_132_CA_1_validation,2016-03-28,6,9.920801795410426,18.0,0,2,19.841603590820853,18.0,True,False,Stockout Risk
FOODS_1_132_CA_1_validation,2016-04-04,10,8.081132096954128,18.0,0,2,16.162264193908257,18.0,False,False,Normal
FOODS_1_132_CA_1_validation,2016-04-11,10,8.201343263242142,22.0,0,2,16.402686526484285,22.0,False,False,Normal
FOODS_1_132_CA_1_validation,2016-04-18,7,9.027802956400862,16.0,0,2,18.055605912801724,16.0,True,False,Stockout Risk
FOODS_1_133_CA_1_validation,2016-03-14,5,2.5413035371386936,10.0,0,2,5.082607074277387,10.0,False,False,Normal
FOODS_1_133_CA_1_validation,2016-03-21,12,4.074369770962397,17.0,0,2,8.148739541924794,17.0,False,False,Normal
FOODS_1_133_CA_1_validation,2016-03-28,6,8.12737846362583,15.0,0,2,16.25475692725166,15.0,True,False,Stockout Risk
FOODS_1_133_CA_1_validation,2016-04-04,3,5.715188603119109,13.0,0,2,11.430377206238218,13.0,False,False,Normal
FOODS_1_133_CA_1_validation,2016-04-11,6,4.940679052250235,14.0,0,2,9.88135810450047,14.0,False,False,Normal
FOODS_1_133_CA_1_validation,2016-04-18,8,5.785152700138557,12.0,0,2,11.570305400277114,12.0,False,False,Normal
FOODS_1_134_CA_1_validation,2016-03-14,2,8.786563838827977,4.0,0,2,17.573127677655954,4.0,True,False,Stockout Risk
FOODS_1_134_CA_1_validation,2016-03-21,5,6.025677370226858,7.0,0,2,12.051354740453716,7.0,True,False,Stockout Risk
FOODS_1_134_CA_1_validation,2016-03-28,4,6.766014799561695,7.0,0,2,13.53202959912339,7.0,True,False,Stockout Risk
FOODS_1_134_CA_1_validation,2016-04-04,2,6.374698515999665,6.0,0,2,12.74939703199933,6.0,True,False,Stockout Risk
FOODS_1_134_CA_1_validation,2016-04-11,2,4.041673811762973,6.0,0,2,8.083347623525945,6.0,True,False,Stockout Risk
FOODS_1_134_CA_1_validation,2016-04-18,2,3.947735740923835,5.0,0,2,7.89547148184767,5.0,True,False,Stockout Risk
FOODS_1_135_CA_1_validation,2016-03-14,5,5.092946837200804,10.0,0,2,10.185893674401608,10.0,True,False,Stockout Risk
FOODS_1_135_CA_1_validation,2016-03-21,6,4.509582556128671,11.0,0,2,9.019165112257342,11.0,False,False,Normal
FOODS_1_135_CA_1_validation,2016-03-28,3,4.952825571695968,9.0,0,2,9.905651143391935,9.0,True,False,Stockout Risk
FOODS_1_135_CA_1_validation,2016-04-04,4,4.756560196639172,9.0,0,2,9.513120393278344,9.0,True,False,Stockout Risk
FOODS_1_135_CA_1_validation,2016-04-11,2,4.976735303962861,8.0,0,2,9.953470607925722,8.0,True,False,Stockout Risk
FOODS_1_135_CA_1_validation,2016-04-18,3,3.5575820616400144,6.0,0,2,7.115164123280029,6.0,True,False,Stockout Risk
FOODS_1_136_CA_1_validation,2016-03-14,3,3.5334293149934206,6.0,0,2,7.066858629986841,6.0,True,False,Stockout Risk
FOODS_1_136_CA_1_validation,2016-03-21,4,3.481771179152926,7.0,0,2,6.963542358305852,7.0,False,False,Normal
FOODS_1_136_CA_1_validation,2016-03-28,4,3.717698888136729,7.0,0,2,7.435397776273458,7.0,True,False,Stockout Risk
FOODS_1_136_CA_1_validation,2016-04-04,1,4.1760082835796135,6.0,0,2,8.352016567159227,6.0,True,False,Stockout Risk
FOODS_1_136_CA_1_validation,2016-04-11,5,2.640906514668038,7.0,0,2,5.281813029336076,7.0,False,False,Normal
FOODS_1_136_CA_1_validation,2016-04-18,7,4.219203909258581,8.0,0,2,8.438407818517161,8.0,True,False,Stockout Risk
FOODS_1_137_CA_1_validation,2016-03-14,0,7.78187600569974,0.0,0,2,15.56375201139948,0.0,True,False,Stockout Risk
FOODS_1_137_CA_1_validation,2016-03-21,0,4.823261039021506,0.0,0,2,9.646522078043011,0.0,True,False,Stockout Risk
FOODS_1_137_CA_1_validation,2016-03-28,0,1.8981943462291684,0.0,0,2,3.7963886924583368,0.0,True,False,Stockout Risk
FOODS_1_137_CA_1_validation,2016-04-04,0,1.6797715198535623,0.0,0,2,3.3595430397071246,0.0,True,False,Stockout Risk
FOODS_1_137_CA_1_validation,2016-04-11,0,0.9215581200922124,0.0,0,2,1.8431162401844248,0.0,True,False,Stockout Risk
FOODS_1_137_CA_1_validation,2016-04-18,17,1.113363057455714,8.0,0,2,2.226726114911428,8.0,False,False,Normal
FOODS_1_138_CA_1_validation,2016-03-14,3,4.638447931981704,6.0,0,2,9.276895863963407,6.0,True,False,Stockout Risk
FOODS_1_138_CA_1_validation,2016-03-21,7,4.037179190709662,10.0,0,2,8.074358381419325,10.0,False,False,Normal
FOODS_1_138_CA_1_validation,2016-03-28,5,5.221208638597774,10.0,0,2,10.442417277195547,10.0,True,False,Stockout Risk
FOODS_1_138_CA_1_validation,2016-04-04,1,5.589023327477977,8.0,0,2,11.178046654955955,8.0,True,False,Stockout Risk
FOODS_1_138_CA_1_validation,2016-04-11,11,3.646474015829517,12.0,0,2,7.292948031659034,12.0,False,False,Normal
FOODS_1_138_CA_1_validation,2016-04-18,2,6.38436106311175,10.0,0,2,12.7687221262235,10.0,True,False,Stockout Risk
FOODS_1_139_CA_1_validation,2016-03-14,12,30.046937504867422,24.0,0,2,60.093875009734845,24.0,True,False,Stockout Risk
FOODS_1_139_CA_1_validation,2016-03-21,35,20.898668048548945,47.0,0,2,41.79733609709789,47.0,False,False,Normal
FOODS_1_139_CA_1_validation,2016-03-28,8,28.596391515240605,37.0,0,2,57.19278303048121,37.0,True,False,Stockout Risk
FOODS_1_139_CA_1_validation,2016-04-04,38,19.849387984240145,46.0,0,2,39.69877596848029,46.0,False,False,Normal
FOODS_1_139_CA_1_validation,2016-04-11,15,30.019403651587577,48.0,0,2,60.038807303175155,48.0,True,False,Stockout Risk
FOODS_1_139_CA_1_validation,2016-04-18,44,23.27068926457698,52.0,0,2,46.54137852915396,52.0,False,False,Normal
FOODS_1_140_CA_1_validation,2016-03-14,0,0.3651618097588788,0.0,0,2,0.7303236195177576,0.0,True,False,Stockout Risk
FOODS_1_140_CA_1_validation,2016-03-21,0,0.3651618097588788,0.0,0,2,0.7303236195177576,0.0,True,False,Stockout Risk
FOODS_1_140_CA_1_validation,2016-03-28,0,0.3651618097588788,0.0,0,2,0.7303236195177576,0.0,True,False,Stockout Risk
FOODS_1_140_CA_1_validation,2016-04-04,2,0.5470073055823366,1.0,0,2,1.0940146111646731,1.0,True,False,Stockout Risk
FOODS_1_140_CA_1_validation,2016-04-11,8,3.957316376609276,5.0,0,2,7.914632753218552,5.0,True,False,Stockout Risk
FOODS_1_140_CA_1_validation,2016-04-18,10,6.148211142374075,10.0,0,2,12.29642228474815,10.0,True,False,Stockout Risk
FOODS_1_141_CA_1_validation,2016-03-14,2,5.398288402663336,4.0,0,2,10.796576805326673,4.0,True,False,Stockout Risk
FOODS_1_141_CA_1_validation,2016-03-21,4,4.28240457835381,6.0,0,2,8.56480915670762,6.0,True,False,Stockout Risk
FOODS_1_141_CA_1_validation,2016-03-28,2,4.481278951636086,5.0,0,2,8.962557903272172,5.0,True,False,Stockout Risk
FOODS_1_141_CA_1_validation,2016-04-04,5,3.904614163137887,6.0,0,2,7.809228326275774,6.0,True,False,Stockout Risk
FOODS_1_141_CA_1_validation,2016-04-11,4,4.219203909258581,8.0,0,2,8.438407818517161,8.0,True,False,Stockout Risk
FOODS_1_141_CA_1_validation,2016-04-18,7,4.134859879614965,9.0,0,2,8.26971975922993,9.0,False,False,Normal
FOODS_1_142_CA_1_validation,2016-03-14,7,6.468678642235584,14.0,0,2,12.937357284471169,14.0,False,False,Normal
FOODS_1_142_CA_1_validation,2016-03-21,16,6.685896622065792,23.0,0,2,13.371793244131585,23.0,False,False,Normal
FOODS_1_142_CA_1_validation,2016-03-28,3,10.91425573301212,17.0,0,2,21.82851146602424,17.0,True,False,Stockout Risk
FOODS_1_142_CA_1_validation,2016-04-04,16,7.907297764354971,21.0,0,2,15.814595528709942,21.0,False,False,Normal
FOODS_1_142_CA_1_validation,2016-04-11,4,10.270125728110338,20.0,0,2,20.540251456220677,20.0,True,False,Stockout Risk
FOODS_1_142_CA_1_validation,2016-04-18,9,8.149128171411578,16.0,0,2,16.298256342823155,16.0,True,False,Stockout Risk
FOODS_1_143_CA_1_validation,2016-03-14,10,11.109147070483791,20.0,0,2,22.218294140967583,20.0,True,False,Stockout Risk
FOODS_1_143_CA_1_validation,2016-03-21,7,11.782158767847744,17.0,0,2,23.564317535695487,17.0,True,False,Stockout Risk
FOODS_1_143_CA_1_validation,2016-03-28,7,10.917034393226382,16.0,0,2,21.834068786452764,16.0,True,False,Stockout Risk
FOODS_1_143_CA_1_validation,2016-04-04,12,8.9026049046431,18.0,0,2,17.8052098092862,18.0,False,False,Normal
FOODS_1_143_CA_1_validation,2016-04-11,3,9.610939455380196,14.0,0,2,19.221878910760392,14.0,True,False,Stockout Risk
FOODS_1_143_CA_1_validation,2016-04-18,10,6.664692321612526,16.0,0,2,13.329384643225051,16.0,False,False,Normal
FOODS_1_144_CA_1_validation,2016-03-14,7,4.997708868071562,14.0,0,2,9.995417736143123,14.0,False,False,Normal
FOODS_1_144_CA_1_validation,2016-03-21,6,5.3196738730129205,13.0,0,2,10.639347746025841,13.0,False,False,Normal
FOODS_1_144_CA_1_validation,2016-03-28,9,5.838250079849632,15.0,0,2,11.676500159699264,15.0,False,False,Normal
FOODS_1_144_CA_1_validation,2016-04-04,9,6.889373144079984,16.0,0,2,13.778746288159969,16.0,False,False,Normal
FOODS_1_144_CA_1_validation,2016-04-11,5,7.732843686528573,14.0,0,2,15.465687373057145,14.0,True,False,Stockout Risk
FOODS_1_144_CA_1_validation,2016-04-18,4,6.5676793697503815,14.0,0,2,13.135358739500763,14.0,False,False,Normal
FOODS_1_145_CA_1_validation,2016-03-14,14,12.317797248711438,28.0,0,2,24.635594497422876,28.0,False,False,Normal
FOODS_1_145_CA_1_validation,2016-03-21,9,13.20775549604187,23.0,0,2,26.41551099208374,23.0,True,False,Stockout Risk
FOODS_1_145_CA_1_validation,2016-03-28,11,11.16473948600547,23.0,0,2,22.32947897201094,23.0,False,False,Normal
FOODS_1_145_CA_1_validation,2016-04-04,7,11.238311641823964,20.0,0,2,22.47662328364793,20.0,True,False,Stockout Risk
FOODS_1_145_CA_1_validation,2016-04-11,17,10.305056076867812,22.0,0,2,20.610112153735624,22.0,False,False,Normal
FOODS_1_145_CA_1_validation,2016-04-18,7,12.750173665186948,21.0,0,2,25.500347330373895,21.0,True,False,Stockout Risk
FOODS_1_146_CA_1_validation,2016-03-14,13,9.374924240543931,26.0,0,2,18.749848481087863,26.0,False,False,Normal
FOODS_1_146_CA_1_validation,2016-03-21,7,9.93155586460985,20.0,0,2,19.8631117292197,20.0,False,False,Normal
FOODS_1_146_CA_1_validation,2016-03-28,9,8.925149631675957,19.0,0,2,17.850299263351914,19.0,False,False,Normal
FOODS_1_146_CA_1_validation,2016-04-04,6,9.658463870930673,18.0,0,2,19.316927741861345,18.0,True,False,Stockout Risk
FOODS_1_146_CA_1_validation,2016-04-11,6,8.086042470244596,14.0,0,2,16.172084940489192,14.0,True,False,Stockout Risk
FOODS_1_146_CA_1_validation,2016-04-18,7,7.069145216630692,14.0,0,2,14.138290433261384,14.0,True,False,Stockout Risk
FOODS_1_147_CA_1_validation,2016-03-14,0,4.724246642209372,0.0,0,2,9.448493284418744,0.0,True,False,Stockout Risk
FOODS_1_147_CA_1_validation,2016-03-21,7,1.6123993587944916,7.0,0,2,3.224798717588983,7.0,False,False,Normal
FOODS_1_147_CA_1_validation,2016-03-28,5,5.535194747243802,8.0,0,2,11.070389494487603,8.0,True,False,Stockout Risk
FOODS_1_147_CA_1_validation,2016-04-04,2,5.088113801344486,7.0,0,2,10.176227602688972,7.0,True,False,Stockout Risk
FOODS_1_147_CA_1_validation,2016-04-11,11,4.077318438556231,12.0,0,2,8.154636877112463,12.0,False,False,Normal
FOODS_1_147_CA_1_validation,2016-04-18,0,6.694718832888946,9.0,0,2,13.389437665777892,9.0,True,False,Stockout Risk
FOODS_1_148_CA_1_validation,2016-03-14,1,3.4892927071156072,2.0,0,2,6.9785854142312145,2.0,True,False,Stockout Risk
FOODS_1_148_CA_1_validation,2016-03-21,0,2.4334044897432023,1.0,0,2,4.866808979486405,1.0,True,False,Stockout Risk
FOODS_1_148_CA_1_validation,2016-03-28,1,1.1241322714248425,1.0,0,2,2.248264542849685,1.0,True,False,Stockout Risk
FOODS_1_148_CA_1_validation,2016-04-04,0,2.501895058260184,1.0,0,2,5.003790116520368,1.0,True,False,Stockout Risk
FOODS_1_148_CA_1_validation,2016-04-11,2,0.9627465924504832,2.0,0,2,1.9254931849009664,2.0,False,False,Normal
FOODS_1_148_CA_1_validation,2016-04-18,0,3.957316376609276,2.0,0,2,7.914632753218552,2.0,True,False,Stockout Risk
FOODS_1_149_CA_1_validation,2016-03-14,9,7.23107594888021,18.0,0,2,14.46215189776042,18.0,False,False,Normal
FOODS_1_149_CA_1_validation,2016-03-21,23,7.34361298264913,32.0,0,2,14.68722596529826,32.0,False,False,Normal
FOODS_1_149_CA_1_validation,2016-03-28,11,14.175671416517032,29.0,0,2,28.351342833034064,29.0,False,False,Normal
FOODS_1_149_CA_1_validation,2016-04-04,7,11.02636054010813,25.0,0,2,22.05272108021626,25.0,False,False,Normal
FOODS_1_149_CA_1_validation,2016-04-11,20,10.749399331077456,30.0,0,2,21.49879866215491,30.0,False,False,Normal
FOODS_1_149_CA_1_validation,2016-04-18,10,14.149207590946409,24.0,0,2,28.298415181892818,24.0,True,False,Stockout Risk
FOODS_1_150_CA_1_validation,2016-03-14,10,10.73365456746127,20.0,0,2,21.46730913492254,20.0,True,False,Stockout Risk
FOODS_1_150_CA_1_validation,2016-03-21,8,11.05541895042397,18.0,0,2,22.11083790084794,18.0,True,False,Stockout Risk
FOODS_1_150_CA_1_validation,2016-03-28,8,10.416445586543391,17.0,0,2,20.832891173086782,17.0,True,False,Stockout Risk
FOODS_1_150_CA_1_validation,2016-04-04,9,10.556327810657407,18.0,0,2,21.112655621314815,18.0,True,False,Stockout Risk
FOODS_1_150_CA_1_validation,2016-04-11,3,9.041889019124625,14.0,0,2,18.08377803824925,14.0,True,False,Stockout Risk
FOODS_1_150_CA_1_validation,2016-04-18,7,6.619626072292464,14.0,0,2,13.239252144584928,14.0,False,False,Normal
FOODS_1_151_CA_1_validation,2016-03-14,3,2.3235931315761564,6.0,0,2,4.647186263152313,6.0,False,False,Normal
FOODS_1_151_CA_1_validation,2016-03-21,2,3.1370042323475986,5.0,0,2,6.274008464695197,5.0,True,False,Stockout Risk
FOODS_1_151_CA_1_validation,2016-03-28,4,2.9775454017410365,6.0,0,2,5.955090803482073,6.0,False,False,Normal
FOODS_1_151_CA_1_validation,2016-04-04,0,3.838443051488957,4.0,0,2,7.676886102977914,4.0,True,False,Stockout Risk
FOODS_1_151_CA_1_validation,2016-04-11,2,1.0309547996605335,4.0,0,2,2.061909599321067,4.0,False,False,Normal
FOODS_1_151_CA_1_validation,2016-04-18,0,2.7880732319303947,3.0,0,2,5.576146463860789,3.0,True,False,Stockout Risk
FOODS_1_152_CA_1_validation,2016-03-14,1,2.370136161890896,2.0,0,2,4.740272323781792,2.0,True,False,Stockout Risk
FOODS_1_152_CA_1_validation,2016-03-21,5,2.370136161890896,6.0,0,2,4.740272323781792,6.0,False,False,Normal
FOODS_1_152_CA_1_validation,2016-03-28,3,3.94193876157381,6.0,0,2,7.88387752314762,6.0,True,False,Stockout Risk
FOODS_1_152_CA_1_validation,2016-04-04,1,3.803512518769854,5.0,0,2,7.607025037539708,5.0,True,False,Stockout Risk
FOODS_1_152_CA_1_validation,2016-04-11,8,2.542705348512804,8.0,0,2,5.085410697025608,8.0,False,False,Normal
FOODS_1_152_CA_1_validation,2016-04-18,7,5.276156830491661,10.0,0,2,10.552313660983321,10.0,True,False,Stockout Risk
FOODS_1_153_CA_1_validation,2016-03-14,19,17.893027119448313,38.0,0,2,35.786054238896625,38.0,False,False,Normal
FOODS_1_153_CA_1_validation,2016-03-21,32,17.718146395864082,51.0,0,2,35.436292791728164,51.0,False,False,Normal
FOODS_1_153_CA_1_validation,2016-03-28,11,24.240589827455167,41.0,0,2,48.481179654910335,41.0,True,False,Stockout Risk
FOODS_1_153_CA_1_validation,2016-04-04,39,19.05078004023181,50.0,0,2,38.10156008046362,50.0,False,False,Normal
FOODS_1_153_CA_1_validation,2016-04-11,1,28.61499094472698,42.0,0,2,57.22998188945396,42.0,True,False,Stockout Risk
FOODS_1_153_CA_1_validation,2016-04-18,33,13.405939883470516,42.0,0,2,26.811879766941033,42.0,False,False,Normal
FOODS_1_154_CA_1_validation,2016-03-14,30,28.394842140166915,60.0,0,2,56.78968428033383,60.0,False,False,Normal
FOODS_1_154_CA_1_validation,2016-03-21,30,28.3789295479046,60.0,0,2,56.7578590958092,60.0,False,False,Normal
FOODS_1_154_CA_1_validation,2016-03-28,13,28.11582318457968,49.0,0,2,56.23164636915936,49.0,True,False,Stockout Risk
FOODS_1_154_CA_1_validation,2016-04-04,32,22.664121947420348,52.0,0,2,45.328243894840696,52.0,False,False,Normal
FOODS_1_154_CA_1_validation,2016-04-11,20,28.15032733902417,48.0,0,2,56.30065467804834,48.0,True,False,Stockout Risk
FOODS_1_154_CA_1_validation,2016-04-18,18,23.33151833733937,42.0,0,2,46.66303667467874,42.0,True,False,Stockout Risk
FOODS_1_155_CA_1_validation,2016-03-14,12,14.68099261087389,24.0,0,2,29.36198522174778,24.0,True,False,Stockout Risk
FOODS_1_155_CA_1_validation,2016-03-21,23,12.329095687888438,35.0,0,2,24.658191375776877,35.0,False,False,Normal
FOODS_1_155_CA_1_validation,2016-03-28,7,17.647597163112902,28.0,0,2,35.295194326225804,28.0,True,False,Stockout Risk
FOODS_1_155_CA_1_validation,2016-04-04,12,13.404463440001996,27.0,0,2,26.80892688000399,27.0,False,False,Normal
FOODS_1_155_CA_1_validation,2016-04-11,9,12.78228141441264,26.0,0,2,25.56456282882528,26.0,False,False,Normal
FOODS_1_155_CA_1_validation,2016-04-18,9,12.478366778557064,18.0,0,2,24.956733557114127,18.0,True,False,Stockout Risk
FOODS_1_156_CA_1_validation,2016-03-14,4,9.262666459958734,8.0,0,2,18.525332919917467,8.0,True,False,Stockout Risk
FOODS_1_156_CA_1_validation,2016-03-21,13,7.567753360174424,17.0,0,2,15.135506720348848,17.0,False,False,Normal
FOODS_1_156_CA_1_validation,2016-03-28,16,9.55583991861207,22.0,0,2,19.11167983722414,22.0,False,False,Normal
FOODS_1_156_CA_1_validation,2016-04-04,6,11.616259006128317,20.0,0,2,23.232518012256634,20.0,True,False,Stockout Risk
FOODS_1_156_CA_1_validation,2016-04-11,11,9.53904784393439,23.0,0,2,19.07809568786878,23.0,False,False,Normal
FOODS_1_156_CA_1_validation,2016-04-18,8,9.72130848997703,20.0,0,2,19.44261697995406,20.0,False,False,Normal
FOODS_1_157_CA_1_validation,2016-03-14,4,3.5094928119950795,8.0,0,2,7.018985623990159,8.0,False,False,Normal
FOODS_1_157_CA_1_validation,2016-03-21,1,3.7031405859802384,5.0,0,2,7.406281171960477,5.0,True,False,Stockout Risk
FOODS_1_157_CA_1_validation,2016-03-28,1,2.74773984706413,4.0,0,2,5.49547969412826,4.0,True,False,Stockout Risk
FOODS_1_157_CA_1_validation,2016-04-04,5,2.551981657714354,6.0,0,2,5.103963315428708,6.0,False,False,Normal
FOODS_1_157_CA_1_validation,2016-04-11,0,3.8351054291777182,4.0,0,2,7.6702108583554365,4.0,True,False,Stockout Risk
FOODS_1_157_CA_1_validation,2016-04-18,5,1.0914708747713573,6.0,0,2,2.1829417495427146,6.0,False,False,Normal
FOODS_1_158_CA_1_validation,2016-03-14,4,4.221138884571485,8.0,0,2,8.44227776914297,8.0,True,False,Stockout Risk
FOODS_1_158_CA_1_validation,2016-03-21,5,4.45706659355529,9.0,0,2,8.91413318711058,9.0,False,False,Normal
FOODS_1_158_CA_1_validation,2016-03-28,7,4.509582556128671,11.0,0,2,9.019165112257342,11.0,False,False,Normal
FOODS_1_158_CA_1_validation,2016-04-04,8,5.32561679792224,12.0,0,2,10.65123359584448,12.0,False,False,Normal
FOODS_1_158_CA_1_validation,2016-04-11,2,5.941876829312841,11.0,0,2,11.883753658625682,11.0,True,False,Stockout Risk
FOODS_1_158_CA_1_validation,2016-04-18,0,4.831555326120968,8.0,0,2,9.663110652241937,8.0,True,False,Stockout Risk
FOODS_1_159_CA_1_validation,2016-03-14,3,2.4756844247418464,6.0,0,2,4.951368849483693,6.0,False,False,Normal
FOODS_1_159_CA_1_validation,2016-03-21,2,3.786495468087269,5.0,0,2,7.572990936174538,5.0,True,False,Stockout Risk
FOODS_1_159_CA_1_validation,2016-03-28,1,3.0774241731692413,4.0,0,2,6.154848346338483,4.0,True,False,Stockout Risk
FOODS_1_159_CA_1_validation,2016-04-04,5,2.7266926021015827,6.0,0,2,5.453385204203165,6.0,False,False,Normal
FOODS_1_159_CA_1_validation,2016-04-11,2,4.009816373564949,5.0,0,2,8.019632747129897,5.0,True,False,Stockout Risk
FOODS_1_159_CA_1_validation,2016-04-18,0,3.45880542044891,4.0,0,2,6.91761084089782,4.0,True,False,Stockout Risk
FOODS_1_160_CA_1_validation,2016-03-14,3,4.615273894863175,6.0,0,2,9.23054778972635,6.0,True,False,Stockout Risk
FOODS_1_160_CA_1_validation,2016-03-21,6,4.367955345160631,9.0,0,2,8.735910690321262,9.0,False,False,Normal
FOODS_1_160_CA_1_validation,2016-03-28,2,5.001879301293822,7.0,0,2,10.003758602587643,7.0,True,False,Stockout Risk
FOODS_1_160_CA_1_validation,2016-04-04,6,4.461314682798822,8.0,0,2,8.922629365597643,8.0,True,False,Stockout Risk
FOODS_1_160_CA_1_validation,2016-04-11,3,5.157933359731557,8.0,0,2,10.315866719463115,8.0,True,False,Stockout Risk
FOODS_1_160_CA_1_validation,2016-04-18,4,4.249598422195971,8.0,0,2,8.499196844391943,8.0,True,False,Stockout Risk
FOODS_1_161_CA_1_validation,2016-03-14,126,71.7445873448773,252.0,0,2,143.4891746897546,252.0,False,False,Normal
FOODS_1_161_CA_1_validation,2016-03-21,142,98.1474237714673,268.0,0,2,196.2948475429346,268.0,False,False,Normal
FOODS_1_161_CA_1_validation,2016-03-28,75,117.0734001629688,229.0,0,2,234.1468003259376,229.0,True,False,Stockout Risk
FOODS_1_161_CA_1_validation,2016-04-04,23,84.91665626158579,183.0,0,2,169.83331252317157,183.0,False,False,Normal
FOODS_1_161_CA_1_validation,2016-04-11,23,49.32133131382503,132.0,0,2,98.64266262765005,132.0,False,False,Normal
FOODS_1_161_CA_1_validation,2016-04-18,8,41.800404316743546,64.0,0,2,83.60080863348709,64.0,True,False,Stockout Risk
FOODS_1_162_CA_1_validation,2016-03-14,27,29.736377781041124,54.0,0,2,59.47275556208225,54.0,True,False,Stockout Risk
FOODS_1_162_CA_1_validation,2016-03-21,31,26.39345017732642,58.0,0,2,52.78690035465284,58.0,False,False,Normal
FOODS_1_162_CA_1_validation,2016-03-28,9,27.485207421207484,45.0,0,2,54.97041484241497,45.0,True,False,Stockout Risk
FOODS_1_162_CA_1_validation,2016-04-04,14,21.599262943589903,40.0,0,2,43.198525887179805,40.0,True,False,Stockout Risk
FOODS_1_162_CA_1_validation,2016-04-11,33,17.767704662392973,44.0,0,2,35.535409324785945,44.0,False,False,Normal
FOODS_1_162_CA_1_validation,2016-04-18,23,23.886817531240546,40.0,0,2,47.77363506248109,40.0,True,False,Stockout Risk
FOODS_1_163_CA_1_validation,2016-03-14,9,9.57086323815134,18.0,0,2,19.14172647630268,18.0,True,False,Stockout Risk
FOODS_1_163_CA_1_validation,2016-03-21,4,10.056108569499512,13.0,0,2,20.112217138999025,13.0,True,False,Stockout Risk
FOODS_1_163_CA_1_validation,2016-03-28,9,7.1565838778484,15.0,0,2,14.3131677556968,15.0,False,False,Normal
FOODS_1_163_CA_1_validation,2016-04-04,6,9.213634474052752,14.0,0,2,18.427268948105503,14.0,True,False,Stockout Risk
FOODS_1_163_CA_1_validation,2016-04-11,7,7.248586664034789,13.0,0,2,14.497173328069579,13.0,True,False,Stockout Risk
FOODS_1_163_CA_1_validation,2016-04-18,0,6.914902785205195,11.0,0,2,13.82980557041039,11.0,True,False,Stockout Risk
FOODS_1_164_CA_1_validation,2016-03-14,0,0.3651618097588788,0.0,0,2,0.7303236195177576,0.0,True,False,Stockout Risk
FOODS_1_164_CA_1_validation,2016-03-21,0,0.3651618097588788,0.0,0,2,0.7303236195177576,0.0,True,False,Stockout Risk
FOODS_1_164_CA_1_validation,2016-03-28,0,0.3651618097588788,0.0,0,2,0.7303236195177576,0.0,True,False,Stockout Risk
FOODS_1_164_CA_1_validation,2016-04-04,0,0.5470073055823366,0.0,0,2,1.0940146111646731,0.0,True,False,Stockout Risk
FOODS_1_164_CA_1_validation,2016-04-11,0,0.3006084123614305,0.0,0,2,0.601216824722861,0.0,True,False,Stockout Risk
FOODS_1_164_CA_1_validation,2016-04-18,1,0.3006084123614305,0.0,0,2,0.601216824722861,0.0,True,False,Stockout Risk
FOODS_1_166_CA_1_validation,2016-03-14,21,16.71614419693624,42.0,0,2,33.43228839387248,42.0,False,False,Normal
FOODS_1_166_CA_1_validation,2016-03-21,23,17.844723103874713,44.0,0,2,35.68944620774943,44.0,False,False,Normal
FOODS_1_166_CA_1_validation,2016-03-28,11,17.937462247310552,37.0,0,2,35.874924494621105,37.0,False,False,Normal
FOODS_1_166_CA_1_validation,2016-04-04,21,15.572607597390457,38.0,0,2,31.145215194780913,38.0,False,False,Normal
FOODS_1_166_CA_1_validation,2016-04-11,21,19.023774193324517,38.0,0,2,38.047548386649034,38.0,True,False,Stockout Risk
FOODS_1_166_CA_1_validation,2016-04-18,16,19.701195573538705,34.0,0,2,39.40239114707741,34.0,True,False,Stockout Risk
FOODS_1_167_CA_1_validation,2016-03-14,9,2.86070795407654,18.0,0,2,5.72141590815308,18.0,False,False,Normal
FOODS_1_167_CA_1_validation,2016-03-21,2,5.560375708322574,11.0,0,2,11.120751416645149,11.0,True,False,Stockout Risk
FOODS_1_167_CA_1_validation,2016-03-28,1,4.28240457835381,8.0,0,2,8.56480915670762,8.0,True,False,Stockout Risk
FOODS_1_167_CA_1_validation,2016-04-04,2,3.2197457521293136,7.0,0,2,6.439491504258627,7.0,False,False,Normal
FOODS_1_167_CA_1_validation,2016-04-11,3,3.50592392579952,4.0,0,2,7.01184785159904,4.0,True,False,Stockout Risk
FOODS_1_167_CA_1_validation,2016-04-18,6,3.3186746646451546,6.0,0,2,6.637349329290309,6.0,True,False,Stockout Risk
FOODS_1_168_CA_1_validation,2016-03-14,0,5.834524392101467,0.0,0,2,11.669048784202934,0.0,True,False,Stockout Risk
FOODS_1_168_CA_1_validation,2016-03-21,5,2.44249558716645,5.0,0,2,4.8849911743329,5.0,False,False,Normal
FOODS_1_168_CA_1_validation,2016-03-28,6,5.382032104877567,7.0,0,2,10.764064209755134,7.0,True,False,Stockout Risk
FOODS_1_168_CA_1_validation,2016-04-04,3,5.718893175324445,7.0,0,2,11.43778635064889,7.0,True,False,Stockout Risk
FOODS_1_168_CA_1_validation,2016-04-11,5,4.385774810842791,10.0,0,2,8.771549621685581,10.0,False,False,Normal
FOODS_1_168_CA_1_validation,2016-04-18,0,4.79253931230059,7.0,0,2,9.58507862460118,7.0,True,False,Stockout Risk
FOODS_1_169_CA_1_validation,2016-03-14,4,6.659817138057438,8.0,0,2,13.319634276114876,8.0,True,False,Stockout Risk
FOODS_1_169_CA_1_validation,2016-03-21,3,4.826510182121605,7.0,0,2,9.65302036424321,7.0,True,False,Stockout Risk
FOODS_1_169_CA_1_validation,2016-03-28,2,4.215742014737501,6.0,0,2,8.431484029475001,6.0,True,False,Stockout Risk
FOODS_1_169_CA_1_validation,2016-04-04,1,3.653275227917129,5.0,0,2,7.306550455834258,5.0,True,False,Stockout Risk
FOODS_1_169_CA_1_validation,2016-04-11,2,2.589248378827544,4.0,0,2,5.178496757655088,4.0,True,False,Stockout Risk
FOODS_1_169_CA_1_validation,2016-04-18,2,2.838159831384565,4.0,0,2,5.67631966276913,4.0,True,False,Stockout Risk
FOODS_1_170_CA_1_validation,2016-03-14,0,0.967157905556561,0.0,0,2,1.934315811113122,0.0,True,False,Stockout Risk
FOODS_1_170_CA_1_validation,2016-03-21,0,0.4553433990161183,0.0,0,2,0.9106867980322366,0.0,True,False,Stockout Risk
FOODS_1_170_CA_1_validation,2016-03-28,0,0.438807456804893,0.0,0,2,0.877614913609786,0.0,True,False,Stockout Risk
FOODS_1_170_CA_1_validation,2016-04-04,0,0.6371888948395761,0.0,0,2,1.2743777896791522,0.0,True,False,Stockout Risk
FOODS_1_170_CA_1_validation,2016-04-11,0,0.4377944605979251,0.0,0,2,0.8755889211958502,0.0,True,False,Stockout Risk
FOODS_1_170_CA_1_validation,2016-04-18,20,0.3006084123614305,10.0,0,2,0.601216824722861,10.0,False,False,Normal
FOODS_1_171_CA_1_validation,2016-03-14,3,5.974124098520254,6.0,0,2,11.948248197040508,6.0,True,False,Stockout Risk
FOODS_1_171_CA_1_validation,2016-03-21,3,4.079646194661472,6.0,0,2,8.159292389322944,6.0,True,False,Stockout Risk
FOODS_1_171_CA_1_validation,2016-03-28,6,4.09922400799649,8.0,0,2,8.19844801599298,8.0,True,False,Stockout Risk
FOODS_1_171_CA_1_validation,2016-04-04,2,4.97187704168988,7.0,0,2,9.94375408337976,7.0,True,False,Stockout Risk
FOODS_1_171_CA_1_validation,2016-04-11,0,3.9400170348484016,6.0,0,2,7.880034069696803,6.0,True,False,Stockout Risk
FOODS_1_171_CA_1_validation,2016-04-18,2,1.2464122067845822,5.0,0,2,2.4928244135691644,5.0,False,False,Normal
FOODS_1_172_CA_1_validation,2016-03-14,11,24.53016555698483,22.0,0,2,49.06033111396966,22.0,True,False,Stockout Risk
FOODS_1_172_CA_1_validation,2016-03-21,29,20.52997092658096,40.0,0,2,41.05994185316192,40.0,True,False,Stockout Risk
FOODS_1_172_CA_1_validation,2016-03-28,16,25.39019202440172,37.0,0,2,50.78038404880344,37.0,True,False,Stockout Risk
FOODS_1_172_CA_1_validation,2016-04-04,16,22.047348971622032,36.0,0,2,44.094697943244064,36.0,True,False,Stockout Risk
FOODS_1_172_CA_1_validation,2016-04-11,10,17.55229308180611,36.0,0,2,35.10458616361222,36.0,False,False,Normal
FOODS_1_172_CA_1_validation,2016-04-18,19,15.957462193303824,30.0,0,2,31.914924386607648,30.0,True,False,Stockout Risk
FOODS_1_173_CA_1_validation,2016-03-14,26,11.95294255804602,52.0,0,2,23.90588511609204,52.0,False,False,Normal
FOODS_1_173_CA_1_validation,2016-03-21,9,17.611157514738064,35.0,0,2,35.22231502947613,35.0,True,False,Stockout Risk
FOODS_1_173_CA_1_validation,2016-03-28,21,13.810169668933847,37.0,0,2,27.620339337867694,37.0,False,False,Normal
FOODS_1_173_CA_1_validation,2016-04-04,18,18.31944995696128,37.0,0,2,36.63889991392256,37.0,False,False,Normal
FOODS_1_173_CA_1_validation,2016-04-11,33,19.17557502232804,40.0,0,2,38.35115004465608,40.0,False,False,Normal
FOODS_1_173_CA_1_validation,2016-04-18,14,22.01039396539818,43.0,0,2,44.02078793079636,43.0,True,False,Stockout Risk
FOODS_1_174_CA_1_validation,2016-03-14,14,8.132492278116523,28.0,0,2,16.264984556233046,28.0,False,False,Normal
FOODS_1_174_CA_1_validation,2016-03-21,12,9.988966063104092,26.0,0,2,19.977932126208184,26.0,False,False,Normal
FOODS_1_174_CA_1_validation,2016-03-28,8,10.410778499342229,23.0,0,2,20.821556998684457,23.0,False,False,Normal
FOODS_1_174_CA_1_validation,2016-04-04,9,8.954912413994881,22.0,0,2,17.909824827989762,22.0,False,False,Normal
FOODS_1_174_CA_1_validation,2016-04-11,11,9.38309655891672,20.0,0,2,18.76619311783344,20.0,False,False,Normal
FOODS_1_174_CA_1_validation,2016-04-18,11,9.27233961074434,20.0,0,2,18.54467922148868,20.0,False,False,Normal
FOODS_1_175_CA_1_validation,2016-03-14,4,6.05185307858556,8.0,0,2,12.10370615717112,8.0,True,False,Stockout Risk
FOODS_1_175_CA_1_validation,2016-03-21,2,5.365461646106942,6.0,0,2,10.730923292213884,6.0,True,False,Stockout Risk
FOODS_1_175_CA_1_validation,2016-03-28,2,4.376719795981494,5.0,0,2,8.753439591962987,5.0,True,False,Stockout Risk
FOODS_1_175_CA_1_validation,2016-04-04,4,4.179576331988249,6.0,0,2,8.359152663976499,6.0,True,False,Stockout Risk
FOODS_1_175_CA_1_validation,2016-04-11,7,4.524771354590497,8.0,0,2,9.049542709180994,8.0,True,False,Stockout Risk
FOODS_1_175_CA_1_validation,2016-04-18,7,5.24911876890293,10.0,0,2,10.49823753780586,10.0,True,False,Stockout Risk
FOODS_1_176_CA_1_validation,2016-03-14,2,2.366592592751465,4.0,0,2,4.73318518550293,4.0,True,False,Stockout Risk
FOODS_1_176_CA_1_validation,2016-03-21,2,3.175455573196565,4.0,0,2,6.35091114639313,4.0,True,False,Stockout Risk
FOODS_1_176_CA_1_validation,2016-03-28,3,2.9659815566343197,5.0,0,2,5.9319631132686395,5.0,True,False,Stockout Risk
FOODS_1_176_CA_1_validation,2016-04-04,1,3.318849728171057,4.0,0,2,6.637699456342114,4.0,True,False,Stockout Risk
FOODS_1_176_CA_1_validation,2016-04-11,2,2.3013196691773525,4.0,0,2,4.602639338354705,4.0,True,False,Stockout Risk
FOODS_1_176_CA_1_validation,2016-04-18,2,3.0128707757717934,4.0,0,2,6.025741551543587,4.0,True,False,Stockout Risk
FOODS_1_177_CA_1_validation,2016-03-14,10,6.337305742096013,20.0,0,2,12.674611484192026,20.0,False,False,Normal
FOODS_1_177_CA_1_validation,2016-03-21,14,7.484541383950867,24.0,0,2,14.969082767901734,24.0,False,False,Normal
FOODS_1_177_CA_1_validation,2016-03-28,15,9.769093736863072,26.0,0,2,19.538187473726143,26.0,False,False,Normal
FOODS_1_177_CA_1_validation,2016-04-04,5,10.934621774939972,22.0,0,2,21.869243549879943,22.0,False,False,Normal
FOODS_1_177_CA_1_validation,2016-04-11,10,8.693986470378274,22.0,0,2,17.387972940756548,22.0,False,False,Normal
FOODS_1_177_CA_1_validation,2016-04-18,14,9.254972292766004,22.0,0,2,18.509944585532008,22.0,False,False,Normal
FOODS_1_178_CA_1_validation,2016-03-14,5,4.3410281526841805,10.0,0,2,8.682056305368361,10.0,False,False,Normal
FOODS_1_178_CA_1_validation,2016-03-21,5,4.705242969990718,10.0,0,2,9.410485939981436,10.0,False,False,Normal
FOODS_1_178_CA_1_validation,2016-03-28,3,5.183068092511758,9.0,0,2,10.366136185023516,9.0,True,False,Stockout Risk
FOODS_1_178_CA_1_validation,2016-04-04,3,4.589990764305284,8.0,0,2,9.179981528610568,8.0,True,False,Stockout Risk
FOODS_1_178_CA_1_validation,2016-04-11,4,4.057250546500914,8.0,0,2,8.114501093001827,8.0,True,False,Stockout Risk
FOODS_1_178_CA_1_validation,2016-04-18,4,4.122020609336771,7.0,0,2,8.244041218673543,7.0,True,False,Stockout Risk
FOODS_1_179_CA_1_validation,2016-03-14,1,3.899658826575166,2.0,0,2,7.799317653150332,2.0,True,False,Stockout Risk
FOODS_1_179_CA_1_validation,2016-03-21,7,2.659598560997184,8.0,0,2,5.319197121994368,8.0,False,False,Normal
FOODS_1_179_CA_1_validation,2016-03-28,0,4.704564650514434,5.0,0,2,9.409129301028868,5.0,True,False,Stockout Risk
FOODS_1_179_CA_1_validation,2016-04-04,0,1.7766029449023384,4.0,0,2,3.5532058898046768,4.0,False,False,Normal
FOODS_1_179_CA_1_validation,2016-04-11,1,0.9191545795286676,4.0,0,2,1.8383091590573353,4.0,False,False,Normal
FOODS_1_179_CA_1_validation,2016-04-18,2,2.4767501397412457,2.0,0,2,4.953500279482491,2.0,True,False,Stockout Risk
FOODS_1_180_CA_1_validation,2016-03-14,1,9.533437490682726,2.0,0,2,19.06687498136545,2.0,True,False,Stockout Risk
FOODS_1_180_CA_1_validation,2016-03-21,1,5.244744866682183,2.0,0,2,10.489489733364366,2.0,True,False,Stockout Risk
FOODS_1_180_CA_1_validation,2016-03-28,6,5.073953614807827,5.0,0,2,10.147907229615655,5.0,True,False,Stockout Risk
FOODS_1_180_CA_1_validation,2016-04-04,4,9.30599237398608,6.0,0,2,18.61198474797216,6.0,True,False,Stockout Risk
FOODS_1_180_CA_1_validation,2016-04-11,5,4.7171192302855545,8.0,0,2,9.434238460571109,8.0,True,False,Stockout Risk
FOODS_1_180_CA_1_validation,2016-04-18,2,5.141599098726761,8.0,0,2,10.283198197453522,8.0,True,False,Stockout Risk
FOODS_1_181_CA_1_validation,2016-03-14,32,26.888893488285117,64.0,0,2,53.77778697657023,64.0,False,False,Normal
FOODS_1_181_CA_1_validation,2016-03-21,53,28.833120372500908,85.0,0,2,57.666240745001815,85.0,False,False,Normal
FOODS_1_181_CA_1_validation,2016-03-28,28,40.69031484207046,75.0,0,2,81.38062968414091,75.0,True,False,Stockout Risk
FOODS_1_181_CA_1_validation,2016-04-04,28,33.37874716173474,70.0,0,2,66.75749432346949,70.0,False,False,Normal
FOODS_1_181_CA_1_validation,2016-04-11,44,29.624503417908144,76.0,0,2,59.24900683581629,76.0,False,False,Normal
FOODS_1_181_CA_1_validation,2016-04-18,15,37.132609799443685,58.0,0,2,74.26521959888737,58.0,True,False,Stockout Risk
FOODS_1_182_CA_1_validation,2016-03-14,7,4.952825571695968,14.0,0,2,9.905651143391935,14.0,False,False,Normal
FOODS_1_182_CA_1_validation,2016-03-21,8,6.158167530674852,15.0,0,2,12.316335061349704,15.0,False,False,Normal
FOODS_1_182_CA_1_validation,2016-03-28,6,6.502544338996672,14.0,0,2,13.005088677993344,14.0,False,False,Normal
FOODS_1_182_CA_1_validation,2016-04-04,6,6.765852648869035,14.0,0,2,13.53170529773807,14.0,False,False,Normal
FOODS_1_182_CA_1_validation,2016-04-11,14,6.158922752617056,17.0,0,2,12.317845505234112,17.0,False,False,Normal
FOODS_1_182_CA_1_validation,2016-04-18,7,9.353201553948749,16.0,0,2,18.706403107897497,16.0,True,False,Stockout Risk
FOODS_1_183_CA_1_validation,2016-03-14,21,16.891442209082864,42.0,0,2,33.78288441816573,42.0,False,False,Normal
FOODS_1_183_CA_1_validation,2016-03-21,25,18.984474309618747,46.0,0,2,37.968948619237494,46.0,False,False,Normal
FOODS_1_183_CA_1_validation,2016-03-28,17,21.44007524703273,42.0,0,2,42.88015049406546,42.0,True,False,Stockout Risk
FOODS_1_183_CA_1_validation,2016-04-04,13,19.718139915679533,38.0,0,2,39.436279831359066,38.0,True,False,Stockout Risk
FOODS_1_183_CA_1_validation,2016-04-11,20,16.21164496206484,38.0,0,2,32.42328992412968,38.0,False,False,Normal
FOODS_1_183_CA_1_validation,2016-04-18,19,18.05202239051914,34.0,0,2,36.10404478103828,34.0,True,False,Stockout Risk
FOODS_1_184_CA_1_validation,2016-03-14,11,13.83636725140759,22.0,0,2,27.67273450281518,22.0,True,False,Stockout Risk
FOODS_1_184_CA_1_validation,2016-03-21,11,13.004348244663328,22.0,0,2,26.008696489326656,22.0,True,False,Stockout Risk
FOODS_1_184_CA_1_validation,2016-03-28,8,14.091991936456436,20.0,0,2,28.183983872912872,20.0,True,False,Stockout Risk
FOODS_1_184_CA_1_validation,2016-04-04,18,10.2980106562505,24.0,0,2,20.596021312501,24.0,False,False,Normal
FOODS_1_184_CA_1_validation,2016-04-11,7,12.386646687678146,22.0,0,2,24.773293375356293,22.0,True,False,Stockout Risk
FOODS_1_184_CA_1_validation,2016-04-18,20,10.467442395739353,26.0,0,2,20.934884791478705,26.0,False,False,Normal
FOODS_1_185_CA_1_validation,2016-03-14,7,9.01052687240775,14.0,0,2,18.0210537448155,14.0,True,False,Stockout Risk
FOODS_1_185_CA_1_validation,2016-03-21,15,8.536211422223735,22.0,0,2,17.07242284444747,22.0,False,False,Normal
FOODS_1_185_CA_1_validation,2016-03-28,13,10.665166876586731,23.0,0,2,21.330333753173463,23.0,False,False,Normal
FOODS_1_185_CA_1_validation,2016-04-04,9,11.031915832234626,22.0,0,2,22.06383166446925,22.0,True,False,Stockout Risk
FOODS_1_185_CA_1_validation,2016-04-11,12,9.972804434765616,24.0,0,2,19.94560886953123,24.0,False,False,Normal
FOODS_1_185_CA_1_validation,2016-04-18,7,10.411304669718266,20.0,0,2,20.822609339436532,20.0,True,False,Stockout Risk
FOODS_1_186_CA_1_validation,2016-03-14,5,5.554054106879796,10.0,0,2,11.108108213759593,10.0,True,False,Stockout Risk
FOODS_1_186_CA_1_validation,2016-03-21,6,5.230132017193019,11.0,0,2,10.460264034386038,11.0,False,False,Normal
FOODS_1_186_CA_1_validation,2016-03-28,8,5.709989447571923,13.0,0,2,11.419978895143846,13.0,False,False,Normal
FOODS_1_186_CA_1_validation,2016-04-04,3,6.4590266495594895,11.0,0,2,12.918053299118979,11.0,True,False,Stockout Risk
FOODS_1_186_CA_1_validation,2016-04-11,7,5.192005522642933,12.0,0,2,10.384011045285867,12.0,False,False,Normal
FOODS_1_186_CA_1_validation,2016-04-18,7,5.569843329797412,12.0,0,2,11.139686659594824,12.0,False,False,Normal
FOODS_1_187_CA_1_validation,2016-03-14,4,4.040010771163435,8.0,0,2,8.08002154232687,8.0,True,False,Stockout Risk
FOODS_1_187_CA_1_validation,2016-03-21,18,4.603883054144436,22.0,0,2,9.207766108288872,22.0,False,False,Normal
FOODS_1_187_CA_1_validation,2016-03-28,5,10.823704161363136,18.0,0,2,21.64740832272627,18.0,True,False,Stockout Risk
FOODS_1_187_CA_1_validation,2016-04-04,6,7.316395868560895,16.0,0,2,14.63279173712179,16.0,False,False,Normal
FOODS_1_187_CA_1_validation,2016-04-11,5,6.791447356270198,17.0,0,2,13.582894712540396,17.0,False,False,Normal
FOODS_1_187_CA_1_validation,2016-04-18,7,6.813277248753592,12.0,0,2,13.626554497507184,12.0,True,False,Stockout Risk
FOODS_1_188_CA_1_validation,2016-03-14,12,9.797475704766727,24.0,0,2,19.594951409533454,24.0,False,False,Normal
FOODS_1_188_CA_1_validation,2016-03-21,7,10.520426680092765,19.0,0,2,21.04085336018553,19.0,True,False,Stockout Risk
FOODS_1_188_CA_1_validation,2016-03-28,16,9.31741356972644,23.0,0,2,18.63482713945288,23.0,False,False,Normal
FOODS_1_188_CA_1_validation,2016-04-04,16,11.88782683038415,26.0,0,2,23.7756536607683,26.0,False,False,Normal
FOODS_1_188_CA_1_validation,2016-04-11,17,12.95192834416347,28.0,0,2,25.90385668832694,28.0,False,False,Normal
FOODS_1_188_CA_1_validation,2016-04-18,8,12.69027243787529,28.0,0,2,25.38054487575058,28.0,False,False,Normal
FOODS_1_189_CA_1_validation,2016-03-14,4,4.758448585079413,8.0,0,2,9.516897170158826,8.0,True,False,Stockout Risk
FOODS_1_189_CA_1_validation,2016-03-21,3,4.532979392618563,7.0,0,2,9.065958785237125,7.0,True,False,Stockout Risk
FOODS_1_189_CA_1_validation,2016-03-28,8,4.222177205533752,10.0,0,2,8.444354411067504,10.0,False,False,Normal
FOODS_1_189_CA_1_validation,2016-04-04,5,5.803139598287712,10.0,0,2,11.606279196575423,10.0,True,False,Stockout Risk
FOODS_1_189_CA_1_validation,2016-04-11,7,5.324227853744846,12.0,0,2,10.648455707489692,12.0,False,False,Normal
FOODS_1_189_CA_1_validation,2016-04-18,4,5.718838616529207,12.0,0,2,11.437677233058414,12.0,False,False,Normal
FOODS_1_190_CA_1_validation,2016-03-14,1,8.549290025179694,2.0,0,2,17.098580050359388,2.0,True,False,Stockout Risk
FOODS_1_190_CA_1_validation,2016-03-21,13,5.931239699877443,14.0,0,2,11.862479399754886,14.0,False,False,Normal
FOODS_1_190_CA_1_validation,2016-03-28,0,9.32370934039722,9.0,0,2,18.64741868079444,9.0,True,False,Stockout Risk
FOODS_1_190_CA_1_validation,2016-04-04,3,4.404570720762547,8.0,0,2,8.809141441525094,8.0,True,False,Stockout Risk
FOODS_1_190_CA_1_validation,2016-04-11,0,4.75859340039985,8.0,0,2,9.5171868007997,8.0,True,False,Stockout Risk
FOODS_1_190_CA_1_validation,2016-04-18,1,2.334783794955353,2.0,0,2,4.669567589910706,2.0,True,False,Stockout Risk
FOODS_1_191_CA_1_validation,2016-03-14,0,1.4732346345250489,0.0,0,2,2.9464692690500978,0.0,True,False,Stockout Risk
FOODS_1_191_CA_1_validation,2016-03-21,0,1.267373591260215,0.0,0,2,2.53474718252043,0.0,True,False,Stockout Risk
FOODS_1_191_CA_1_validation,2016-03-28,0,0.983707976926116,0.0,0,2,1.967415953852232,0.0,True,False,Stockout Risk
FOODS_1_191_CA_1_validation,2016-04-04,0,0.620652952628351,0.0,0,2,1.241305905256702,0.0,True,False,Stockout Risk
FOODS_1_191_CA_1_validation,2016-04-11,0,0.3742540594074448,0.0,0,2,0.7485081188148895,0.0,True,False,Stockout Risk
FOODS_1_191_CA_1_validation,2016-04-18,1,0.3613841624801346,0.0,0,2,0.7227683249602692,0.0,True,False,Stockout Risk
FOODS_1_192_CA_1_validation,2016-03-14,0,0.4291420694814084,0.0,0,2,0.8582841389628167,0.0,True,False,Stockout Risk
FOODS_1_192_CA_1_validation,2016-03-21,0,0.5023478579953735,0.0,0,2,1.004695715990747,0.0,True,False,Stockout Risk
FOODS_1_192_CA_1_validation,2016-03-28,0,0.5023478579953735,0.0,0,2,1.004695715990747,0.0,True,False,Stockout Risk
FOODS_1_192_CA_1_validation,2016-04-04,0,0.5470073055823366,0.0,0,2,1.0940146111646731,0.0,True,False,Stockout Risk
FOODS_1_192_CA_1_validation,2016-04-11,0,0.3006084123614305,0.0,0,2,0.601216824722861,0.0,True,False,Stockout Risk
FOODS_1_192_CA_1_validation,2016-04-18,0,0.3006084123614305,0.0,0,2,0.601216824722861,0.0,True,False,Stockout Risk
FOODS_1_193_CA_1_validation,2016-03-14,6,7.488467866173766,12.0,0,2,14.976935732347531,12.0,True,False,Stockout Risk
FOODS_1_193_CA_1_validation,2016-03-21,1,7.619489797813617,7.0,0,2,15.238979595627233,7.0,True,False,Stockout Risk
FOODS_1_193_CA_1_validation,2016-03-28,5,4.167358297725226,8.0,0,2,8.334716595450452,8.0,True,False,Stockout Risk
FOODS_1_193_CA_1_validation,2016-04-04,5,5.432234311453745,8.0,0,2,10.86446862290749,8.0,True,False,Stockout Risk
FOODS_1_193_CA_1_validation,2016-04-11,1,5.427543970122622,6.0,0,2,10.855087940245244,6.0,True,False,Stockout Risk
FOODS_1_193_CA_1_validation,2016-04-18,7,3.939488883305829,9.0,0,2,7.878977766611658,9.0,False,False,Normal
FOODS_1_194_CA_1_validation,2016-03-14,24,18.22036022376628,48.0,0,2,36.44072044753256,48.0,False,False,Normal
FOODS_1_194_CA_1_validation,2016-03-21,17,17.2870200548328,41.0,0,2,34.5740401096656,41.0,False,False,Normal
FOODS_1_194_CA_1_validation,2016-03-28,8,17.412154035067633,33.0,0,2,34.82430807013527,33.0,True,False,Stockout Risk
FOODS_1_194_CA_1_validation,2016-04-04,10,14.77018477393169,30.0,0,2,29.54036954786338,30.0,False,False,Normal
FOODS_1_194_CA_1_validation,2016-04-11,28,13.240958365838187,32.0,0,2,26.481916731676375,32.0,False,False,Normal
FOODS_1_194_CA_1_validation,2016-04-18,10,19.049590431825703,28.0,0,2,38.099180863651405,28.0,True,False,Stockout Risk
FOODS_1_195_CA_1_validation,2016-03-14,12,8.843286381024727,24.0,0,2,17.686572762049455,24.0,False,False,Normal
FOODS_1_195_CA_1_validation,2016-03-21,9,9.447353141963069,21.0,0,2,18.894706283926137,21.0,False,False,Normal
FOODS_1_195_CA_1_validation,2016-03-28,8,9.328202582113148,19.0,0,2,18.656405164226296,19.0,False,False,Normal
FOODS_1_195_CA_1_validation,2016-04-04,9,9.247066025817606,19.0,0,2,18.494132051635212,19.0,False,False,Normal
FOODS_1_195_CA_1_validation,2016-04-11,7,9.491159555413065,16.0,0,2,18.98231911082613,16.0,True,False,Stockout Risk
FOODS_1_195_CA_1_validation,2016-04-18,4,8.298125978166048,14.0,0,2,16.596251956332097,14.0,True,False,Stockout Risk
FOODS_1_196_CA_1_validation,2016-03-14,7,7.36938805704008,14.0,0,2,14.73877611408016,14.0,True,False,Stockout Risk
FOODS_1_196_CA_1_validation,2016-03-21,14,7.453823904674825,21.0,0,2,14.90764780934965,21.0,False,False,Normal
FOODS_1_196_CA_1_validation,2016-03-28,7,9.676177674579517,19.0,0,2,19.352355349159033,19.0,True,False,Stockout Risk
FOODS_1_196_CA_1_validation,2016-04-04,11,9.088856481748786,20.0,0,2,18.177712963497573,20.0,False,False,Normal
FOODS_1_196_CA_1_validation,2016-04-11,7,8.93525687134115,20.0,0,2,17.8705137426823,20.0,False,False,Normal
FOODS_1_196_CA_1_validation,2016-04-18,5,8.78562716961777,15.0,0,2,17.57125433923554,15.0,True,False,Stockout Risk
FOODS_1_197_CA_1_validation,2016-03-14,0,4.273378149200264,0.0,0,2,8.546756298400528,0.0,True,False,Stockout Risk
FOODS_1_197_CA_1_validation,2016-03-21,0,1.3109656041820306,0.0,0,2,2.621931208364061,0.0,True,False,Stockout Risk
FOODS_1_197_CA_1_validation,2016-03-28,7,1.1305609597881263,5.0,0,2,2.2611219195762526,5.0,False,False,Normal
FOODS_1_197_CA_1_validation,2016-04-04,5,4.974156626123452,6.0,0,2,9.948313252246905,6.0,True,False,Stockout Risk
FOODS_1_197_CA_1_validation,2016-04-11,0,5.134440668944338,6.0,0,2,10.268881337888676,6.0,True,False,Stockout Risk
FOODS_1_197_CA_1_validation,2016-04-18,4,1.4447526093260512,8.0,0,2,2.8895052186521024,8.0,False,False,Normal
FOODS_1_198_CA_1_validation,2016-03-14,7,6.545801624392496,14.0,0,2,13.091603248784992,14.0,False,False,Normal
FOODS_1_198_CA_1_validation,2016-03-21,9,7.014520030775251,16.0,0,2,14.029040061550502,16.0,False,False,Normal
FOODS_1_198_CA_1_validation,2016-03-28,5,7.858381097167263,14.0,0,2,15.716762194334526,14.0,True,False,Stockout Risk
FOODS_1_198_CA_1_validation,2016-04-04,3,7.832466781950503,12.0,0,2,15.664933563901005,12.0,True,False,Stockout Risk
FOODS_1_198_CA_1_validation,2016-04-11,8,5.202897998240661,12.0,0,2,10.405795996481322,12.0,False,False,Normal
FOODS_1_198_CA_1_validation,2016-04-18,3,6.553573553489001,10.0,0,2,13.107147106978003,10.0,True,False,Stockout Risk
FOODS_1_199_CA_1_validation,2016-03-14,3,4.956335301563557,6.0,0,2,9.912670603127115,6.0,True,False,Stockout Risk
FOODS_1_199_CA_1_validation,2016-03-21,0,4.56361575902268,3.0,0,2,9.12723151804536,3.0,True,False,Stockout Risk
FOODS_1_199_CA_1_validation,2016-03-28,7,1.8599721992543063,7.0,0,2,3.7199443985086127,7.0,False,False,Normal
FOODS_1_199_CA_1_validation,2016-04-04,2,5.916831113365953,6.0,0,2,11.833662226731906,6.0,True,False,Stockout Risk
FOODS_1_199_CA_1_validation,2016-04-11,0,3.744049095013833,4.0,0,2,7.488098190027666,4.0,True,False,Stockout Risk
FOODS_1_199_CA_1_validation,2016-04-18,3,0.9348929237379714,6.0,0,2,1.8697858474759428,6.0,False,False,Normal
FOODS_1_200_CA_1_validation,2016-03-14,101,71.08324167883318,202.0,0,2,142.16648335766635,202.0,False,False,Normal
FOODS_1_200_CA_1_validation,2016-03-21,160,82.13513798024545,261.0,0,2,164.2702759604909,261.0,False,False,Normal
FOODS_1_200_CA_1_validation,2016-03-28,42,115.17741962212044,202.0,0,2,230.35483924424088,202.0,True,False,Stockout Risk
FOODS_1_200_CA_1_validation,2016-04-04,57,62.30582644019343,180.0,0,2,124.61165288038686,180.0,False,False,Normal
FOODS_1_200_CA_1_validation,2016-04-11,68,74.83589922245704,164.0,0,2,149.6717984449141,164.0,False,False,Normal
FOODS_1_200_CA_1_validation,2016-04-18,51,74.89927695900579,109.0,0,2,149.79855391801158,109.0,True,False,Stockout Risk
FOODS_1_201_CA_1_validation,2016-03-14,10,14.234424552327836,20.0,0,2,28.46884910465567,20.0,True,False,Stockout Risk
FOODS_1_201_CA_1_validation,2016-03-21,19,13.576520983972683,29.0,0,2,27.153041967945367,29.0,False,False,Normal
FOODS_1_201_CA_1_validation,2016-03-28,18,15.47134377469336,31.0,0,2,30.94268754938672,31.0,False,False,Normal
FOODS_1_201_CA_1_validation,2016-04-04,5,15.35255764873175,26.0,0,2,30.7051152974635,26.0,True,False,Stockout Risk
FOODS_1_201_CA_1_validation,2016-04-11,16,11.22662660710786,29.0,0,2,22.45325321421572,29.0,False,False,Normal
FOODS_1_201_CA_1_validation,2016-04-18,18,13.809216183758366,28.0,0,2,27.618432367516732,28.0,False,False,Normal
FOODS_1_202_CA_1_validation,2016-03-14,0,6.771134787838067,0.0,0,2,13.542269575676134,0.0,True,False,Stockout Risk
FOODS_1_202_CA_1_validation,2016-03-21,0,2.8469889419248964,0.0,0,2,5.693977883849793,0.0,True,False,Stockout Risk
FOODS_1_202_CA_1_validation,2016-03-28,6,2.068149577930202,4.0,0,2,4.136299155860404,4.0,True,False,Stockout Risk
FOODS_1_202_CA_1_validation,2016-04-04,2,5.123416363866696,4.0,0,2,10.246832727733391,4.0,True,False,Stockout Risk
FOODS_1_202_CA_1_validation,2016-04-11,4,3.87041056844448,6.0,0,2,7.74082113688896,6.0,True,False,Stockout Risk
FOODS_1_202_CA_1_validation,2016-04-18,11,4.270598319582847,12.0,0,2,8.541196639165694,12.0,False,False,Normal
FOODS_1_203_CA_1_validation,2016-03-14,11,9.361765919040623,22.0,0,2,18.723531838081247,22.0,False,False,Normal
FOODS_1_203_CA_1_validation,2016-03-21,8,8.850030031342387,19.0,0,2,17.700060062684773,19.0,False,False,Normal
FOODS_1_203_CA_1_validation,2016-03-28,5,8.415929198243475,16.0,0,2,16.83185839648695,16.0,True,False,Stockout Risk
FOODS_1_203_CA_1_validation,2016-04-04,6,7.869669977633489,15.0,0,2,15.739339955266978,15.0,True,False,Stockout Risk
FOODS_1_203_CA_1_validation,2016-04-11,6,6.431920629756604,12.0,0,2,12.863841259513208,12.0,True,False,Stockout Risk
FOODS_1_203_CA_1_validation,2016-04-18,7,6.212960088826965,12.0,0,2,12.42592017765393,12.0,True,False,Stockout Risk
FOODS_1_204_CA_1_validation,2016-03-14,31,29.103871958660797,62.0,0,2,58.207743917321594,62.0,False,False,Normal
FOODS_1_204_CA_1_validation,2016-03-21,22,28.728771482838045,53.0,0,2,57.45754296567609,53.0,True,False,Stockout Risk
FOODS_1_204_CA_1_validation,2016-03-28,26,28.36575046992346,53.0,0,2,56.73150093984692,53.0,True,False,Stockout Risk
FOODS_1_204_CA_1_validation,2016-04-04,22,27.09102034205177,50.0,0,2,54.18204068410354,50.0,True,False,Stockout Risk
FOODS_1_204_CA_1_validation,2016-04-11,31,24.14425724978545,50.0,0,2,48.2885144995709,50.0,False,False,Normal
FOODS_1_204_CA_1_validation,2016-04-18,16,27.831686288739565,48.0,0,2,55.66337257747913,48.0,True,False,Stockout Risk
FOODS_1_205_CA_1_validation,2016-03-14,1,5.942041247875931,2.0,0,2,11.884082495751862,2.0,True,False,Stockout Risk
FOODS_1_205_CA_1_validation,2016-03-21,9,4.077720302581067,10.0,0,2,8.155440605162134,10.0,False,False,Normal
FOODS_1_205_CA_1_validation,2016-03-28,1,6.269168271719786,7.0,0,2,12.538336543439572,7.0,True,False,Stockout Risk
FOODS_1_205_CA_1_validation,2016-04-04,3,4.3670496316142176,7.0,0,2,8.734099263228435,7.0,True,False,Stockout Risk
FOODS_1_205_CA_1_validation,2016-04-11,3,4.228569774804159,8.0,0,2,8.457139549608318,8.0,True,False,Stockout Risk
FOODS_1_205_CA_1_validation,2016-04-18,5,4.573894534584255,6.0,0,2,9.14778906916851,6.0,True,False,Stockout Risk
FOODS_1_206_CA_1_validation,2016-03-14,10,12.99581519172786,20.0,0,2,25.99163038345572,20.0,True,False,Stockout Risk
FOODS_1_206_CA_1_validation,2016-03-21,24,12.909128023654462,34.0,0,2,25.818256047308925,34.0,False,False,Normal
FOODS_1_206_CA_1_validation,2016-03-28,15,16.225683371209637,33.0,0,2,32.451366742419275,33.0,False,False,Normal
FOODS_1_206_CA_1_validation,2016-04-04,24,15.865212684628773,36.0,0,2,31.730425369257546,36.0,False,False,Normal
FOODS_1_206_CA_1_validation,2016-04-11,10,16.610868173072852,36.0,0,2,33.221736346145704,36.0,False,False,Normal
FOODS_1_206_CA_1_validation,2016-04-18,18,14.86262149432687,34.0,0,2,29.72524298865374,34.0,False,False,Normal
FOODS_1_207_CA_1_validation,2016-03-14,17,13.383799707112455,34.0,0,2,26.76759941422491,34.0,False,False,Normal
FOODS_1_207_CA_1_validation,2016-03-21,32,14.085119025062664,49.0,0,2,28.170238050125327,49.0,False,False,Normal
FOODS_1_207_CA_1_validation,2016-03-28,8,21.0417389196853,38.0,0,2,42.0834778393706,38.0,True,False,Stockout Risk
FOODS_1_207_CA_1_validation,2016-04-04,7,15.04691248448209,32.0,0,2,30.09382496896418,32.0,False,False,Normal
FOODS_1_207_CA_1_validation,2016-04-11,8,13.063879984576142,28.0,0,2,26.127759969152283,28.0,False,False,Normal
FOODS_1_207_CA_1_validation,2016-04-18,10,11.637580112073028,16.0,0,2,23.275160224146056,16.0,True,False,Stockout Risk
FOODS_1_208_CA_1_validation,2016-03-14,13,9.84280445112338,26.0,0,2,19.68560890224676,26.0,False,False,Normal
FOODS_1_208_CA_1_validation,2016-03-21,17,10.431033209610089,30.0,0,2,20.862066419220177,30.0,False,False,Normal
FOODS_1_208_CA_1_validation,2016-03-28,18,13.1695848850443,32.0,0,2,26.3391697700886,32.0,False,False,Normal
FOODS_1_208_CA_1_validation,2016-04-04,12,14.036670213896874,30.0,0,2,28.07334042779375,30.0,False,False,Normal
FOODS_1_208_CA_1_validation,2016-04-11,20,13.084250705222711,34.0,0,2,26.168501410445423,34.0,False,False,Normal
FOODS_1_208_CA_1_validation,2016-04-18,8,15.716004882297836,29.0,0,2,31.432009764595673,29.0,True,False,Stockout Risk
FOODS_1_209_CA_1_validation,2016-03-14,0,0.4259375598775828,0.0,0,2,0.8518751197551656,0.0,True,False,Stockout Risk
FOODS_1_209_CA_1_validation,2016-03-21,0,0.4259375598775828,0.0,0,2,0.8518751197551656,0.0,True,False,Stockout Risk
FOODS_1_209_CA_1_validation,2016-03-28,0,0.438807456804893,0.0,0,2,0.877614913609786,0.0,True,False,Stockout Risk
FOODS_1_209_CA_1_validation,2016-04-04,0,0.5470073055823366,0.0,0,2,1.0940146111646731,0.0,True,False,Stockout Risk
FOODS_1_209_CA_1_validation,2016-04-11,0,0.3006084123614305,0.0,0,2,0.601216824722861,0.0,True,False,Stockout Risk
FOODS_1_209_CA_1_validation,2016-04-18,0,0.3006084123614305,0.0,0,2,0.601216824722861,0.0,True,False,Stockout Risk
FOODS_1_210_CA_1_validation,2016-03-14,0,0.438807456804893,0.0,0,2,0.877614913609786,0.0,True,False,Stockout Risk
FOODS_1_210_CA_1_validation,2016-03-21,0,0.5785280209945922,0.0,0,2,1.1570560419891844,0.0,True,False,Stockout Risk
FOODS_1_210_CA_1_validation,2016-03-28,0,0.4291420694814084,0.0,0,2,0.8582841389628167,0.0,True,False,Stockout Risk
FOODS_1_210_CA_1_validation,2016-04-04,0,0.5470073055823366,0.0,0,2,1.0940146111646731,0.0,True,False,Stockout Risk
FOODS_1_210_CA_1_validation,2016-04-11,0,0.3006084123614305,0.0,0,2,0.601216824722861,0.0,True,False,Stockout Risk
FOODS_1_210_CA_1_validation,2016-04-18,0,0.3006084123614305,0.0,0,2,0.601216824722861,0.0,True,False,Stockout Risk
FOODS_1_211_CA_1_validation,2016-03-14,2,2.3235931315761564,4.0,0,2,4.647186263152313,4.0,True,False,Stockout Risk
FOODS_1_211_CA_1_validation,2016-03-21,0,3.395281774296943,2.0,0,2,6.790563548593886,2.0,True,False,Stockout Risk
FOODS_1_211_CA_1_validation,2016-03-28,0,1.043850061217488,1.0,0,2,2.087700122434976,1.0,True,False,Stockout Risk
FOODS_1_211_CA_1_validation,2016-04-04,1,1.1490034013800197,2.0,0,2,2.2980068027600393,2.0,True,False,Stockout Risk
FOODS_1_211_CA_1_validation,2016-04-11,1,2.2554961650392777,1.0,0,2,4.5109923300785555,1.0,True,False,Stockout Risk
FOODS_1_211_CA_1_validation,2016-04-18,6,2.798151310008378,4.0,0,2,5.596302620016756,4.0,True,False,Stockout Risk
FOODS_1_212_CA_1_validation,2016-03-14,4,1.4542481886593936,8.0,0,2,2.9084963773187873,8.0,False,False,Normal
FOODS_1_212_CA_1_validation,2016-03-21,0,3.953108846535359,4.0,0,2,7.906217693070718,4.0,True,False,Stockout Risk
FOODS_1_212_CA_1_validation,2016-03-28,3,1.095508197057982,5.0,0,2,2.191016394115964,5.0,False,False,Normal
FOODS_1_212_CA_1_validation,2016-04-04,4,4.778387408892914,6.0,0,2,9.556774817785827,6.0,True,False,Stockout Risk
FOODS_1_212_CA_1_validation,2016-04-11,6,3.6385871885827914,6.0,0,2,7.277174377165583,6.0,True,False,Stockout Risk
FOODS_1_212_CA_1_validation,2016-04-18,0,5.041385993892879,6.0,0,2,10.082771987785758,6.0,True,False,Stockout Risk
FOODS_1_213_CA_1_validation,2016-03-14,5,3.8409699100180377,10.0,0,2,7.681939820036075,10.0,False,False,Normal
FOODS_1_213_CA_1_validation,2016-03-21,7,4.5542498934771,12.0,0,2,9.1084997869542,12.0,False,False,Normal
FOODS_1_213_CA_1_validation,2016-03-28,5,5.143771302098782,11.0,0,2,10.287542604197563,11.0,False,False,Normal
FOODS_1_213_CA_1_validation,2016-04-04,2,5.249341741893658,10.0,0,2,10.498683483787316,10.0,True,False,Stockout Risk
FOODS_1_213_CA_1_validation,2016-04-11,1,4.223985777753224,8.0,0,2,8.447971555506449,8.0,True,False,Stockout Risk
FOODS_1_213_CA_1_validation,2016-04-18,9,3.048179031867431,8.0,0,2,6.096358063734862,8.0,False,False,Normal
FOODS_1_214_CA_1_validation,2016-03-14,5,6.042324369798242,10.0,0,2,12.084648739596483,10.0,True,False,Stockout Risk
FOODS_1_214_CA_1_validation,2016-03-21,11,5.388781251142294,16.0,0,2,10.777562502284589,16.0,False,False,Normal
FOODS_1_214_CA_1_validation,2016-03-28,6,7.530043574153463,15.0,0,2,15.060087148306925,15.0,True,False,Stockout Risk
FOODS_1_214_CA_1_validation,2016-04-04,4,7.488980431402228,13.0,0,2,14.977960862804457,13.0,True,False,Stockout Risk
FOODS_1_214_CA_1_validation,2016-04-11,9,5.850170158386721,15.0,0,2,11.700340316773442,15.0,False,False,Normal
FOODS_1_214_CA_1_validation,2016-04-18,6,6.9377256896915975,12.0,0,2,13.875451379383195,12.0,True,False,Stockout Risk
FOODS_1_215_CA_1_validation,2016-03-14,2,9.51607957812097,4.0,0,2,19.03215915624194,4.0,True,False,Stockout Risk
FOODS_1_215_CA_1_validation,2016-03-21,12,7.583300193653879,14.0,0,2,15.166600387307758,14.0,True,False,Stockout Risk
FOODS_1_215_CA_1_validation,2016-03-28,14,9.13084052255713,19.0,0,2,18.26168104511426,19.0,False,False,Normal
FOODS_1_215_CA_1_validation,2016-04-04,10,10.909544590558369,19.0,0,2,21.819089181116738,19.0,True,False,Stockout Risk
FOODS_1_215_CA_1_validation,2016-04-11,11,9.860071255017996,24.0,0,2,19.72014251003599,24.0,False,False,Normal
FOODS_1_215_CA_1_validation,2016-04-18,10,10.500967511421347,22.0,0,2,21.001935022842694,22.0,False,False,Normal
FOODS_1_216_CA_1_validation,2016-03-14,8,4.012200693823504,16.0,0,2,8.024401387647009,16.0,False,False,Normal
FOODS_1_216_CA_1_validation,2016-03-21,9,5.514877341521256,17.0,0,2,11.029754683042512,17.0,False,False,Normal
FOODS_1_216_CA_1_validation,2016-03-28,3,6.576812792400856,13.0,0,2,13.153625584801713,13.0,True,False,Stockout Risk
FOODS_1_216_CA_1_validation,2016-04-04,4,5.313428537123411,12.0,0,2,10.626857074246821,12.0,False,False,Normal
FOODS_1_216_CA_1_validation,2016-04-11,6,4.910237810345431,11.0,0,2,9.820475620690862,11.0,False,False,Normal
FOODS_1_216_CA_1_validation,2016-04-18,9,5.17023297363889,11.0,0,2,10.34046594727778,11.0,False,False,Normal
FOODS_1_217_CA_1_validation,2016-03-14,11,16.57477257178158,22.0,0,2,33.14954514356316,22.0,True,False,Stockout Risk
FOODS_1_217_CA_1_validation,2016-03-21,18,14.907425862035543,29.0,0,2,29.814851724071087,29.0,True,False,Stockout Risk
FOODS_1_217_CA_1_validation,2016-03-28,20,17.219268519108475,33.0,0,2,34.43853703821695,33.0,True,False,Stockout Risk
FOODS_1_217_CA_1_validation,2016-04-04,24,18.546647945445454,36.0,0,2,37.09329589089091,36.0,True,False,Stockout Risk
FOODS_1_217_CA_1_validation,2016-04-11,26,17.969184906917338,44.0,0,2,35.938369813834676,44.0,False,False,Normal
FOODS_1_217_CA_1_validation,2016-04-18,15,20.862853561498987,42.0,0,2,41.725707122997974,42.0,False,False,Normal
FOODS_1_218_CA_1_validation,2016-03-14,62,73.82059384114699,124.0,0,2,147.64118768229397,124.0,True,False,Stockout Risk
FOODS_1_218_CA_1_validation,2016-03-21,125,65.2465387290814,187.0,0,2,130.4930774581628,187.0,False,False,Normal
FOODS_1_218_CA_1_validation,2016-03-28,57,98.08883809469586,163.0,0,2,196.17767618939172,163.0,True,False,Stockout Risk
FOODS_1_218_CA_1_validation,2016-04-04,74,74.5494280667669,159.0,0,2,149.0988561335338,159.0,False,False,Normal
FOODS_1_218_CA_1_validation,2016-04-11,67,74.69207665877946,162.0,0,2,149.3841533175589,162.0,False,False,Normal
FOODS_1_218_CA_1_validation,2016-04-18,43,76.23758940798827,120.0,0,2,152.47517881597653,120.0,True,False,Stockout Risk
FOODS_1_219_CA_1_validation,2016-03-14,18,29.75799542021805,36.0,0,2,59.5159908404361,36.0,True,False,Stockout Risk
FOODS_1_219_CA_1_validation,2016-03-21,30,23.537919676721497,48.0,0,2,47.075839353442994,48.0,False,False,Normal
FOODS_1_219_CA_1_validation,2016-03-28,30,28.693680536892312,52.0,0,2,57.387361073784625,52.0,True,False,Stockout Risk
FOODS_1_219_CA_1_validation,2016-04-04,21,30.316373432006696,50.0,0,2,60.63274686401339,50.0,True,False,Stockout Risk
FOODS_1_219_CA_1_validation,2016-04-11,24,25.24389700163415,52.0,0,2,50.4877940032683,52.0,False,False,Normal
FOODS_1_219_CA_1_validation,2016-04-18,15,24.572160016264156,45.0,0,2,49.14432003252831,45.0,True,False,Stockout Risk
FOODS_2_001_CA_1_validation,2016-03-14,4,8.795582804490076,8.0,0,2,17.591165608980152,8.0,True,False,Stockout Risk
FOODS_2_001_CA_1_validation,2016-03-21,5,7.012867875914404,9.0,0,2,14.025735751828808,9.0,True,False,Stockout Risk
FOODS_2_001_CA_1_validation,2016-03-28,8,6.484111330775068,11.0,0,2,12.968222661550136,11.0,True,False,Stockout Risk
FOODS_2_001_CA_1_validation,2016-04-04,4,6.8493882706704,10.0,0,2,13.6987765413408,10.0,True,False,Stockout Risk
FOODS_2_001_CA_1_validation,2016-04-11,8,6.074059820106666,12.0,0,2,12.148119640213332,12.0,True,False,Stockout Risk
FOODS_2_001_CA_1_validation,2016-04-18,7,6.34182914663315,14.0,0,2,12.6836582932663,14.0,False,False,Normal
FOODS_2_002_CA_1_validation,2016-03-14,11,10.637784951100643,22.0,0,2,21.275569902201287,22.0,False,False,Normal
FOODS_2_002_CA_1_validation,2016-03-21,2,10.460935280019545,13.0,0,2,20.92187056003909,13.0,True,False,Stockout Risk
FOODS_2_002_CA_1_validation,2016-03-28,4,7.242864859977396,11.0,0,2,14.485729719954792,11.0,True,False,Stockout Risk
FOODS_2_002_CA_1_validation,2016-04-04,8,7.228183694534922,12.0,0,2,14.456367389069843,12.0,True,False,Stockout Risk
FOODS_2_002_CA_1_validation,2016-04-11,9,7.733140971841856,12.0,0,2,15.466281943683711,12.0,True,False,Stockout Risk
FOODS_2_002_CA_1_validation,2016-04-18,8,7.588172466463445,14.0,0,2,15.17634493292689,14.0,True,False,Stockout Risk
FOODS_2_003_CA_1_validation,2016-03-14,5,4.704564650514434,10.0,0,2,9.409129301028868,10.0,False,False,Normal
FOODS_2_003_CA_1_validation,2016-03-21,7,5.045066027267187,12.0,0,2,10.090132054534374,12.0,False,False,Normal
FOODS_2_003_CA_1_validation,2016-03-28,6,5.218603475057805,12.0,0,2,10.43720695011561,12.0,False,False,Normal
FOODS_2_003_CA_1_validation,2016-04-04,8,5.709824207557235,13.0,0,2,11.41964841511447,13.0,False,False,Normal
FOODS_2_003_CA_1_validation,2016-04-11,1,6.340319118280479,11.0,0,2,12.680638236560958,11.0,True,False,Stockout Risk
FOODS_2_003_CA_1_validation,2016-04-18,5,4.380065582049055,10.0,0,2,8.76013116409811,10.0,False,False,Normal
FOODS_2_004_CA_1_validation,2016-03-14,8,9.88267239854028,16.0,0,2,19.76534479708056,16.0,True,False,Stockout Risk
FOODS_2_004_CA_1_validation,2016-03-21,6,9.630429310322873,14.0,0,2,19.260858620645745,14.0,True,False,Stockout Risk
FOODS_2_004_CA_1_validation,2016-03-28,13,8.533478866160333,18.0,0,2,17.066957732320667,18.0,False,False,Normal
FOODS_2_004_CA_1_validation,2016-04-04,10,10.24508381808582,18.0,0,2,20.49016763617164,18.0,True,False,Stockout Risk
FOODS_2_004_CA_1_validation,2016-04-11,9,9.64296937785443,19.0,0,2,19.28593875570886,19.0,True,False,Stockout Risk
FOODS_2_004_CA_1_validation,2016-04-18,5,9.308869286705248,18.0,0,2,18.617738573410495,18.0,True,False,Stockout Risk
FOODS_2_005_CA_1_validation,2016-03-14,0,0.3651618097588788,0.0,0,2,0.7303236195177576,0.0,True,False,Stockout Risk
FOODS_2_005_CA_1_validation,2016-03-21,3,0.3651618097588788,3.0,0,2,0.7303236195177576,3.0,False,False,Normal
FOODS_2_005_CA_1_validation,2016-03-28,2,4.596541913069456,3.0,0,2,9.193083826138912,3.0,True,False,Stockout Risk
FOODS_2_005_CA_1_validation,2016-04-04,6,3.577127270120401,6.0,0,2,7.154254540240802,6.0,True,False,Stockout Risk
FOODS_2_005_CA_1_validation,2016-04-11,2,5.096616612893911,6.0,0,2,10.193233225787822,6.0,True,False,Stockout Risk
FOODS_2_005_CA_1_validation,2016-04-18,4,3.5535373873491407,7.0,0,2,7.107074774698281,7.0,True,False,Stockout Risk
FOODS_2_006_CA_1_validation,2016-03-14,2,5.415542400848133,4.0,0,2,10.831084801696266,4.0,True,False,Stockout Risk
FOODS_2_006_CA_1_validation,2016-03-21,3,3.8641492746345465,5.0,0,2,7.728298549269093,5.0,True,False,Stockout Risk
FOODS_2_006_CA_1_validation,2016-03-28,7,3.481771179152926,8.0,0,2,6.963542358305852,8.0,False,False,Normal
FOODS_2_006_CA_1_validation,2016-04-04,1,5.402184428163255,6.0,0,2,10.80436885632651,6.0,True,False,Stockout Risk
FOODS_2_006_CA_1_validation,2016-04-11,3,3.226030330279213,7.0,0,2,6.452060660558426,7.0,False,False,Normal
FOODS_2_006_CA_1_validation,2016-04-18,6,3.786757959679844,8.0,0,2,7.573515919359688,8.0,False,False,Normal
FOODS_2_007_CA_1_validation,2016-03-14,8,2.8526266293278426,16.0,0,2,5.705253258655685,16.0,False,False,Normal
FOODS_2_007_CA_1_validation,2016-03-21,5,5.762684148660536,13.0,0,2,11.525368297321071,13.0,False,False,Normal
FOODS_2_007_CA_1_validation,2016-03-28,5,5.227382033435903,12.0,0,2,10.454764066871807,12.0,False,False,Normal
FOODS_2_007_CA_1_validation,2016-04-04,2,4.923101773210899,10.0,0,2,9.846203546421798,10.0,False,False,Normal
FOODS_2_007_CA_1_validation,2016-04-11,7,3.5190505456475387,10.0,0,2,7.038101091295077,10.0,False,False,Normal
FOODS_2_007_CA_1_validation,2016-04-18,8,5.155785534942349,11.0,0,2,10.311571069884698,11.0,False,False,Normal
FOODS_2_008_CA_1_validation,2016-03-14,0,1.5001011377124978,0.0,0,2,3.0002022754249955,0.0,True,False,Stockout Risk
FOODS_2_008_CA_1_validation,2016-03-21,0,0.5023478579953735,0.0,0,2,1.004695715990747,0.0,True,False,Stockout Risk
FOODS_2_008_CA_1_validation,2016-03-28,0,0.438807456804893,0.0,0,2,0.877614913609786,0.0,True,False,Stockout Risk
FOODS_2_008_CA_1_validation,2016-04-04,0,0.7463681579717185,0.0,0,2,1.492736315943437,0.0,True,False,Stockout Risk
FOODS_2_008_CA_1_validation,2016-04-11,0,0.3742540594074448,0.0,0,2,0.7485081188148895,0.0,True,False,Stockout Risk
FOODS_2_008_CA_1_validation,2016-04-18,0,0.3006084123614305,0.0,0,2,0.601216824722861,0.0,True,False,Stockout Risk
FOODS_2_009_CA_1_validation,2016-03-14,13,6.049819067106107,26.0,0,2,12.099638134212213,26.0,False,False,Normal
FOODS_2_009_CA_1_validation,2016-03-21,6,8.196519605410584,19.0,0,2,16.39303921082117,19.0,False,False,Normal
FOODS_2_009_CA_1_validation,2016-03-28,5,7.6758461233375215,16.0,0,2,15.351692246675043,16.0,False,False,Normal
FOODS_2_009_CA_1_validation,2016-04-04,5,6.646258834085848,14.0,0,2,13.292517668171696,14.0,False,False,Normal
FOODS_2_009_CA_1_validation,2016-04-11,4,6.319686276121201,10.0,0,2,12.639372552242403,10.0,True,False,Stockout Risk
FOODS_2_009_CA_1_validation,2016-04-18,7,5.103418631302818,10.0,0,2,10.206837262605635,10.0,True,False,Stockout Risk
FOODS_2_010_CA_1_validation,2016-03-14,2,4.800401294739369,4.0,0,2,9.600802589478738,4.0,True,False,Stockout Risk
FOODS_2_010_CA_1_validation,2016-03-21,6,4.109905047116109,8.0,0,2,8.219810094232217,8.0,True,False,Stockout Risk
FOODS_2_010_CA_1_validation,2016-03-28,7,4.954915583373416,10.0,0,2,9.909831166746832,10.0,False,False,Normal
FOODS_2_010_CA_1_validation,2016-04-04,3,5.990012570470999,9.0,0,2,11.980025140941999,9.0,True,False,Stockout Risk
FOODS_2_010_CA_1_validation,2016-04-11,7,4.451548893543485,12.0,0,2,8.90309778708697,12.0,False,False,Normal
FOODS_2_010_CA_1_validation,2016-04-18,6,5.185086520347576,12.0,0,2,10.370173040695152,12.0,False,False,Normal
FOODS_2_011_CA_1_validation,2016-03-14,3,5.694697649648601,6.0,0,2,11.389395299297203,6.0,True,False,Stockout Risk
FOODS_2_011_CA_1_validation,2016-03-21,4,4.458783918628609,7.0,0,2,8.917567837257218,7.0,True,False,Stockout Risk
FOODS_2_011_CA_1_validation,2016-03-28,4,4.63177753794252,7.0,0,2,9.26355507588504,7.0,True,False,Stockout Risk
FOODS_2_011_CA_1_validation,2016-04-04,8,5.033047099670437,10.0,0,2,10.066094199340874,10.0,True,False,Stockout Risk
FOODS_2_011_CA_1_validation,2016-04-11,4,5.640435927005161,10.0,0,2,11.280871854010321,10.0,True,False,Stockout Risk
FOODS_2_011_CA_1_validation,2016-04-18,2,5.169989548148557,9.0,0,2,10.339979096297114,9.0,True,False,Stockout Risk
FOODS_2_012_CA_1_validation,2016-03-14,5,4.991891343701542,10.0,0,2,9.983782687403084,10.0,False,False,Normal
FOODS_2_012_CA_1_validation,2016-03-21,4,5.20615249612421,9.0,0,2,10.41230499224842,9.0,True,False,Stockout Risk
FOODS_2_012_CA_1_validation,2016-03-28,4,4.986549851916825,9.0,0,2,9.97309970383365,9.0,True,False,Stockout Risk
FOODS_2_012_CA_1_validation,2016-04-04,6,5.033047099670437,10.0,0,2,10.066094199340874,10.0,True,False,Stockout Risk
FOODS_2_012_CA_1_validation,2016-04-11,2,5.328665625321188,8.0,0,2,10.657331250642375,8.0,True,False,Stockout Risk
FOODS_2_012_CA_1_validation,2016-04-18,1,4.06809932898877,6.0,0,2,8.13619865797754,6.0,True,False,Stockout Risk
FOODS_2_013_CA_1_validation,2016-03-14,17,25.60746599069921,34.0,0,2,51.21493198139842,34.0,True,False,Stockout Risk
FOODS_2_013_CA_1_validation,2016-03-21,23,23.043153598809177,40.0,0,2,46.08630719761835,40.0,True,False,Stockout Risk
FOODS_2_013_CA_1_validation,2016-03-28,32,24.406923596645512,48.0,0,2,48.813847193291025,48.0,True,False,Stockout Risk
FOODS_2_013_CA_1_validation,2016-04-04,23,27.267442533331536,48.0,0,2,54.53488506666307,48.0,True,False,Stockout Risk
FOODS_2_013_CA_1_validation,2016-04-11,42,23.848486507170705,60.0,0,2,47.69697301434141,60.0,False,False,Normal
FOODS_2_013_CA_1_validation,2016-04-18,27,31.74112871463815,62.0,0,2,63.4822574292763,62.0,True,False,Stockout Risk
FOODS_2_014_CA_1_validation,2016-03-14,11,14.594653628043083,22.0,0,2,29.189307256086167,22.0,True,False,Stockout Risk
FOODS_2_014_CA_1_validation,2016-03-21,21,13.994208575331912,32.0,0,2,27.988417150663825,32.0,False,False,Normal
FOODS_2_014_CA_1_validation,2016-03-28,8,15.939743889562417,27.0,0,2,31.879487779124833,27.0,True,False,Stockout Risk
FOODS_2_014_CA_1_validation,2016-04-04,12,13.282494864128338,26.0,0,2,26.564989728256677,26.0,True,False,Stockout Risk
FOODS_2_014_CA_1_validation,2016-04-11,14,13.017982427167803,28.0,0,2,26.035964854335607,28.0,False,False,Normal
FOODS_2_014_CA_1_validation,2016-04-18,8,14.380780933742754,21.0,0,2,28.761561867485508,21.0,True,False,Stockout Risk
FOODS_2_015_CA_1_validation,2016-03-14,9,4.456335958623135,18.0,0,2,8.91267191724627,18.0,False,False,Normal
FOODS_2_015_CA_1_validation,2016-03-21,5,6.612782681313078,14.0,0,2,13.225565362626156,14.0,False,False,Normal
FOODS_2_015_CA_1_validation,2016-03-28,4,5.388781251142294,12.0,0,2,10.777562502284589,12.0,False,False,Normal
FOODS_2_015_CA_1_validation,2016-04-04,8,5.093563174781259,13.0,0,2,10.187126349562519,13.0,False,False,Normal
FOODS_2_015_CA_1_validation,2016-04-11,5,6.457573061904098,11.0,0,2,12.915146123808196,11.0,True,False,Stockout Risk
FOODS_2_015_CA_1_validation,2016-04-18,5,5.39906002670387,11.0,0,2,10.79812005340774,11.0,False,False,Normal
FOODS_2_016_CA_1_validation,2016-03-14,33,31.13513026434861,66.0,0,2,62.27026052869722,66.0,False,False,Normal
FOODS_2_016_CA_1_validation,2016-03-21,20,33.255437433233105,53.0,0,2,66.51087486646621,53.0,True,False,Stockout Risk
FOODS_2_016_CA_1_validation,2016-03-28,50,26.40314656652147,69.0,0,2,52.80629313304294,69.0,False,False,Normal
FOODS_2_016_CA_1_validation,2016-04-04,47,40.67860600820292,75.0,0,2,81.35721201640584,75.0,True,False,Stockout Risk
FOODS_2_016_CA_1_validation,2016-04-11,25,39.29425175790391,71.0,0,2,78.58850351580782,71.0,True,False,Stockout Risk
FOODS_2_016_CA_1_validation,2016-04-18,30,30.641244812878227,76.0,0,2,61.282489625756455,76.0,False,False,Normal
FOODS_2_017_CA_1_validation,2016-03-14,1,3.18637884311611,2.0,0,2,6.37275768623222,2.0,True,False,Stockout Risk
FOODS_2_017_CA_1_validation,2016-03-21,2,2.6538017762249915,3.0,0,2,5.307603552449983,3.0,True,False,Stockout Risk
FOODS_2_017_CA_1_validation,2016-03-28,3,2.8561701984672734,4.0,0,2,5.712340396934547,4.0,True,False,Stockout Risk
FOODS_2_017_CA_1_validation,2016-04-04,2,3.3653927584857963,4.0,0,2,6.730785516971593,4.0,True,False,Stockout Risk
FOODS_2_017_CA_1_validation,2016-04-11,3,2.791616801069825,5.0,0,2,5.58323360213965,5.0,True,False,Stockout Risk
FOODS_2_017_CA_1_validation,2016-04-18,8,3.4449394145976315,8.0,0,2,6.889878829195263,8.0,False,False,Normal
FOODS_2_018_CA_1_validation,2016-03-14,4,5.49504442528032,8.0,0,2,10.99008885056064,8.0,True,False,Stockout Risk
FOODS_2_018_CA_1_validation,2016-03-21,5,4.660325179667549,9.0,0,2,9.320650359335097,9.0,True,False,Stockout Risk
FOODS_2_018_CA_1_validation,2016-03-28,8,5.782930905425938,11.0,0,2,11.565861810851876,11.0,True,False,Stockout Risk
FOODS_2_018_CA_1_validation,2016-04-04,7,5.872518722377865,12.0,0,2,11.74503744475573,12.0,False,False,Normal
FOODS_2_018_CA_1_validation,2016-04-11,5,6.19884924647395,12.0,0,2,12.3976984929479,12.0,True,False,Stockout Risk
FOODS_2_018_CA_1_validation,2016-04-18,4,5.618835662193095,12.0,0,2,11.23767132438619,12.0,False,False,Normal
FOODS_2_019_CA_1_validation,2016-03-14,103,105.85872968387118,206.0,0,2,211.71745936774235,206.0,True,False,Stockout Risk
FOODS_2_019_CA_1_validation,2016-03-21,89,111.47191538553965,192.0,0,2,222.9438307710793,192.0,True,False,Stockout Risk
FOODS_2_019_CA_1_validation,2016-03-28,104,108.06361595635664,197.0,0,2,216.12723191271328,197.0,True,False,Stockout Risk
FOODS_2_019_CA_1_validation,2016-04-04,109,110.35824263421108,202.0,0,2,220.71648526842216,202.0,True,False,Stockout Risk
FOODS_2_019_CA_1_validation,2016-04-11,129,104.65701175712336,216.0,0,2,209.3140235142467,216.0,False,False,Normal
FOODS_2_019_CA_1_validation,2016-04-18,117,114.29007943527752,230.0,0,2,228.58015887055504,230.0,False,False,Normal
FOODS_2_020_CA_1_validation,2016-03-14,5,3.0233419541493647,10.0,0,2,6.046683908298729,10.0,False,False,Normal
FOODS_2_020_CA_1_validation,2016-03-21,1,4.358589479615053,6.0,0,2,8.717178959230106,6.0,True,False,Stockout Risk
FOODS_2_020_CA_1_validation,2016-03-28,5,2.4823103728422136,7.0,0,2,4.964620745684427,7.0,False,False,Normal
FOODS_2_020_CA_1_validation,2016-04-04,4,4.323465056777534,8.0,0,2,8.646930113555069,8.0,True,False,Stockout Risk
FOODS_2_020_CA_1_validation,2016-04-11,2,3.765319701690598,6.0,0,2,7.530639403381196,6.0,True,False,Stockout Risk
FOODS_2_020_CA_1_validation,2016-04-18,3,3.248315754518181,7.0,0,2,6.496631509036362,7.0,False,False,Normal
FOODS_2_021_CA_1_validation,2016-03-14,35,42.254759576749066,70.0,0,2,84.50951915349813,70.0,True,False,Stockout Risk
FOODS_2_021_CA_1_validation,2016-03-21,27,34.89121895764055,62.0,0,2,69.7824379152811,62.0,True,False,Stockout Risk
FOODS_2_021_CA_1_validation,2016-03-28,35,28.202209650450605,65.0,0,2,56.40441930090121,65.0,False,False,Normal
FOODS_2_021_CA_1_validation,2016-04-04,55,36.15132223442711,76.0,0,2,72.30264446885423,76.0,False,False,Normal
FOODS_2_021_CA_1_validation,2016-04-11,21,43.04938975927109,69.0,0,2,86.09877951854217,69.0,True,False,Stockout Risk
FOODS_2_021_CA_1_validation,2016-04-18,17,29.83981865917405,64.0,0,2,59.6796373183481,64.0,False,False,Normal
FOODS_2_022_CA_1_validation,2016-03-14,4,7.469008611720856,8.0,0,2,14.938017223441712,8.0,True,False,Stockout Risk
FOODS_2_022_CA_1_validation,2016-03-21,4,6.453235272978725,8.0,0,2,12.90647054595745,8.0,True,False,Stockout Risk
FOODS_2_022_CA_1_validation,2016-03-28,12,6.392731128316339,13.0,0,2,12.785462256632679,13.0,False,False,Normal
FOODS_2_022_CA_1_validation,2016-04-04,13,7.612616533919151,16.0,0,2,15.225233067838301,16.0,False,False,Normal
FOODS_2_022_CA_1_validation,2016-04-11,11,9.229480698665732,20.0,0,2,18.458961397331464,20.0,False,False,Normal
FOODS_2_022_CA_1_validation,2016-04-18,8,9.32338900641938,22.0,0,2,18.64677801283876,22.0,False,False,Normal
FOODS_2_023_CA_1_validation,2016-03-14,7,6.03570493507485,14.0,0,2,12.0714098701497,14.0,False,False,Normal
FOODS_2_023_CA_1_validation,2016-03-21,7,6.5398645223460665,14.0,0,2,13.079729044692133,14.0,False,False,Normal
FOODS_2_023_CA_1_validation,2016-03-28,5,5.802005176705858,13.0,0,2,11.604010353411716,13.0,False,False,Normal
FOODS_2_023_CA_1_validation,2016-04-04,1,6.176784700777484,10.0,0,2,12.353569401554967,10.0,True,False,Stockout Risk
FOODS_2_023_CA_1_validation,2016-04-11,4,4.022631235584037,8.0,0,2,8.045262471168074,8.0,True,False,Stockout Risk
FOODS_2_023_CA_1_validation,2016-04-18,2,4.976735303962861,6.0,0,2,9.953470607925722,6.0,True,False,Stockout Risk
FOODS_2_024_CA_1_validation,2016-03-14,11,9.911314743758473,22.0,0,2,19.822629487516945,22.0,False,False,Normal
FOODS_2_024_CA_1_validation,2016-03-21,8,10.030156459576554,19.0,0,2,20.06031291915311,19.0,True,False,Stockout Risk
FOODS_2_024_CA_1_validation,2016-03-28,13,9.527008165233587,21.0,0,2,19.054016330467174,21.0,False,False,Normal
FOODS_2_024_CA_1_validation,2016-04-04,4,10.743608456286152,18.0,0,2,21.487216912572304,18.0,True,False,Stockout Risk
FOODS_2_024_CA_1_validation,2016-04-11,11,8.313478787634136,18.0,0,2,16.62695757526827,18.0,False,False,Normal
FOODS_2_024_CA_1_validation,2016-04-18,13,8.900659990592418,20.0,0,2,17.801319981184836,20.0,False,False,Normal
FOODS_2_025_CA_1_validation,2016-03-14,3,5.108235919552734,6.0,0,2,10.216471839105468,6.0,True,False,Stockout Risk
FOODS_2_025_CA_1_validation,2016-03-21,5,4.750622142933021,8.0,0,2,9.501244285866042,8.0,True,False,Stockout Risk
FOODS_2_025_CA_1_validation,2016-03-28,7,4.814812774699395,10.0,0,2,9.62962554939879,10.0,False,False,Normal
FOODS_2_025_CA_1_validation,2016-04-04,5,5.668093672373433,10.0,0,2,11.336187344746866,10.0,True,False,Stockout Risk
FOODS_2_025_CA_1_validation,2016-04-11,8,5.259023955533797,12.0,0,2,10.518047911067594,12.0,False,False,Normal
FOODS_2_025_CA_1_validation,2016-04-18,3,6.135595881734302,12.0,0,2,12.271191763468604,12.0,True,False,Stockout Risk
FOODS_2_026_CA_1_validation,2016-03-14,10,9.170431825727984,20.0,0,2,18.34086365145597,20.0,False,False,Normal
FOODS_2_026_CA_1_validation,2016-03-21,4,8.893488674897199,14.0,0,2,17.786977349794398,14.0,True,False,Stockout Risk
FOODS_2_026_CA_1_validation,2016-03-28,7,8.12388833872307,14.0,0,2,16.24777667744614,14.0,True,False,Stockout Risk
FOODS_2_026_CA_1_validation,2016-04-04,11,7.684775992190722,16.0,0,2,15.369551984381443,16.0,False,False,Normal
FOODS_2_026_CA_1_validation,2016-04-11,7,8.283314220461005,14.0,0,2,16.56662844092201,14.0,True,False,Stockout Risk
FOODS_2_026_CA_1_validation,2016-04-18,8,7.357158729453865,16.0,0,2,14.71431745890773,16.0,False,False,Normal
FOODS_2_027_CA_1_validation,2016-03-14,1,0.438807456804893,2.0,0,2,0.877614913609786,2.0,False,False,Normal
FOODS_2_027_CA_1_validation,2016-03-21,0,3.4892927071156072,1.0,0,2,6.9785854142312145,1.0,True,False,Stockout Risk
FOODS_2_027_CA_1_validation,2016-03-28,0,1.1241322714248425,1.0,0,2,2.248264542849685,1.0,True,False,Stockout Risk
FOODS_2_027_CA_1_validation,2016-04-04,0,1.311395769971795,0.0,0,2,2.62279153994359,0.0,True,False,Stockout Risk
FOODS_2_027_CA_1_validation,2016-04-11,0,0.9026045081591122,0.0,0,2,1.8052090163182244,0.0,True,False,Stockout Risk
FOODS_2_027_CA_1_validation,2016-04-18,0,0.39079000161867,0.0,0,2,0.78158000323734,0.0,True,False,Stockout Risk
FOODS_2_028_CA_1_validation,2016-03-14,4,4.362866945388315,8.0,0,2,8.72573389077663,8.0,True,False,Stockout Risk
FOODS_2_028_CA_1_validation,2016-03-21,6,4.45706659355529,10.0,0,2,8.91413318711058,10.0,False,False,Normal
FOODS_2_028_CA_1_validation,2016-03-28,4,5.234786371036338,9.0,0,2,10.469572742072677,9.0,True,False,Stockout Risk
FOODS_2_028_CA_1_validation,2016-04-04,7,5.3321694912072966,10.0,0,2,10.664338982414593,10.0,True,False,Stockout Risk
FOODS_2_028_CA_1_validation,2016-04-11,5,5.361178704041705,11.0,0,2,10.72235740808341,11.0,False,False,Normal
FOODS_2_028_CA_1_validation,2016-04-18,0,5.226471717573417,8.0,0,2,10.452943435146834,8.0,True,False,Stockout Risk
FOODS_2_029_CA_1_validation,2016-03-14,28,28.54094992862351,56.0,0,2,57.08189985724702,56.0,True,False,Stockout Risk
FOODS_2_029_CA_1_validation,2016-03-21,29,29.21868388108774,57.0,0,2,58.43736776217548,57.0,True,False,Stockout Risk
FOODS_2_029_CA_1_validation,2016-03-28,43,31.61196395327976,67.0,0,2,63.22392790655952,67.0,False,False,Normal
FOODS_2_029_CA_1_validation,2016-04-04,69,38.84055040562894,84.0,0,2,77.68110081125788,84.0,False,False,Normal
FOODS_2_029_CA_1_validation,2016-04-11,30,48.063522366338766,86.0,0,2,96.12704473267753,86.0,True,False,Stockout Risk
FOODS_2_029_CA_1_validation,2016-04-18,24,35.356682262122106,83.0,0,2,70.71336452424421,83.0,False,False,Normal
FOODS_2_030_CA_1_validation,2016-03-14,25,27.41635987548424,50.0,0,2,54.83271975096848,50.0,True,False,Stockout Risk
FOODS_2_030_CA_1_validation,2016-03-21,25,25.20579008419949,50.0,0,2,50.41158016839898,50.0,True,False,Stockout Risk
FOODS_2_030_CA_1_validation,2016-03-28,25,23.80598397710258,50.0,0,2,47.61196795420516,50.0,False,False,Normal
FOODS_2_030_CA_1_validation,2016-04-04,26,25.84089040178426,50.0,0,2,51.68178080356852,50.0,True,False,Stockout Risk
FOODS_2_030_CA_1_validation,2016-04-11,17,25.696929319193806,46.0,0,2,51.39385863838761,46.0,True,False,Stockout Risk
FOODS_2_030_CA_1_validation,2016-04-18,28,21.80633447337346,48.0,0,2,43.61266894674692,48.0,False,False,Normal
FOODS_2_031_CA_1_validation,2016-03-14,0,0.948068198918964,0.0,0,2,1.896136397837928,0.0,True,False,Stockout Risk
FOODS_2_031_CA_1_validation,2016-03-21,0,0.5785280209945922,0.0,0,2,1.1570560419891844,0.0,True,False,Stockout Risk
FOODS_2_031_CA_1_validation,2016-03-28,0,0.438807456804893,0.0,0,2,0.877614913609786,0.0,True,False,Stockout Risk
FOODS_2_031_CA_1_validation,2016-04-04,0,0.5470073055823366,0.0,0,2,1.0940146111646731,0.0,True,False,Stockout Risk
FOODS_2_031_CA_1_validation,2016-04-11,0,0.3006084123614305,0.0,0,2,0.601216824722861,0.0,True,False,Stockout Risk
FOODS_2_031_CA_1_validation,2016-04-18,0,0.3006084123614305,0.0,0,2,0.601216824722861,0.0,True,False,Stockout Risk
FOODS_2_032_CA_1_validation,2016-03-14,0,0.4291420694814084,0.0,0,2,0.8582841389628167,0.0,True,False,Stockout Risk
FOODS_2_032_CA_1_validation,2016-03-21,0,0.438807456804893,0.0,0,2,0.877614913609786,0.0,True,False,Stockout Risk
FOODS_2_032_CA_1_validation,2016-03-28,0,0.438807456804893,0.0,0,2,0.877614913609786,0.0,True,False,Stockout Risk
FOODS_2_032_CA_1_validation,2016-04-04,0,0.5470073055823366,0.0,0,2,1.0940146111646731,0.0,True,False,Stockout Risk
FOODS_2_032_CA_1_validation,2016-04-11,0,0.3006084123614305,0.0,0,2,0.601216824722861,0.0,True,False,Stockout Risk
FOODS_2_032_CA_1_validation,2016-04-18,0,0.3006084123614305,0.0,0,2,0.601216824722861,0.0,True,False,Stockout Risk
FOODS_2_033_CA_1_validation,2016-03-14,15,19.349241642650256,30.0,0,2,38.69848328530051,30.0,True,False,Stockout Risk
FOODS_2_033_CA_1_validation,2016-03-21,16,18.51353504323228,31.0,0,2,37.02707008646456,31.0,True,False,Stockout Risk
FOODS_2_033_CA_1_validation,2016-03-28,19,17.685325260357093,33.0,0,2,35.370650520714186,33.0,True,False,Stockout Risk
FOODS_2_033_CA_1_validation,2016-04-04,35,16.87756653291448,42.0,0,2,33.75513306582896,42.0,False,False,Normal
FOODS_2_033_CA_1_validation,2016-04-11,15,23.83446316818321,42.0,0,2,47.66892633636642,42.0,True,False,Stockout Risk
FOODS_2_033_CA_1_validation,2016-04-18,20,20.29264810077829,44.0,0,2,40.58529620155658,44.0,False,False,Normal
FOODS_2_034_CA_1_validation,2016-03-14,8,6.283001704260889,16.0,0,2,12.566003408521778,16.0,False,False,Normal
FOODS_2_034_CA_1_validation,2016-03-21,7,6.9905576012162856,15.0,0,2,13.981115202432571,15.0,False,False,Normal
FOODS_2_034_CA_1_validation,2016-03-28,6,7.252209723575223,14.0,0,2,14.504419447150447,14.0,True,False,Stockout Risk
FOODS_2_034_CA_1_validation,2016-04-04,9,6.159882871064322,15.0,0,2,12.319765742128643,15.0,False,False,Normal
FOODS_2_034_CA_1_validation,2016-04-11,10,7.396947916543953,16.0,0,2,14.793895833087905,16.0,False,False,Normal
FOODS_2_034_CA_1_validation,2016-04-18,6,7.971800712861441,16.0,0,2,15.943601425722882,16.0,False,False,Normal
FOODS_2_035_CA_1_validation,2016-03-14,13,13.737552628884249,26.0,0,2,27.475105257768497,26.0,True,False,Stockout Risk
FOODS_2_035_CA_1_validation,2016-03-21,6,13.491223796566834,19.0,0,2,26.982447593133667,19.0,True,False,Stockout Risk
FOODS_2_035_CA_1_validation,2016-03-28,8,11.431675257056758,18.0,0,2,22.863350514113517,18.0,True,False,Stockout Risk
FOODS_2_035_CA_1_validation,2016-04-04,0,10.56854975411145,14.0,0,2,21.1370995082229,14.0,True,False,Stockout Risk
FOODS_2_035_CA_1_validation,2016-04-11,4,4.46733128980044,9.0,0,2,8.93466257960088,9.0,False,False,Normal
FOODS_2_035_CA_1_validation,2016-04-18,12,6.670178447661346,12.0,0,2,13.340356895322692,12.0,True,False,Stockout Risk
FOODS_2_036_CA_1_validation,2016-03-14,15,17.212505129920405,30.0,0,2,34.42501025984081,30.0,True,False,Stockout Risk
FOODS_2_036_CA_1_validation,2016-03-21,7,15.458411272594562,22.0,0,2,30.916822545189124,22.0,True,False,Stockout Risk
FOODS_2_036_CA_1_validation,2016-03-28,8,12.958500217679068,20.0,0,2,25.917000435358137,20.0,True,False,Stockout Risk
FOODS_2_036_CA_1_validation,2016-04-04,19,12.356336557709986,24.0,0,2,24.71267311541997,24.0,True,False,Stockout Risk
FOODS_2_036_CA_1_validation,2016-04-11,14,14.045703655259585,24.0,0,2,28.09140731051917,24.0,True,False,Stockout Risk
FOODS_2_036_CA_1_validation,2016-04-18,12,12.645233128182134,26.0,0,2,25.29046625636427,26.0,False,False,Normal
FOODS_2_037_CA_1_validation,2016-03-14,4,3.871875920362667,8.0,0,2,7.743751840725334,8.0,False,False,Normal
FOODS_2_037_CA_1_validation,2016-03-21,3,4.228853941732863,7.0,0,2,8.457707883465726,7.0,True,False,Stockout Risk
FOODS_2_037_CA_1_validation,2016-03-28,6,4.442784661368936,9.0,0,2,8.885569322737872,9.0,False,False,Normal
FOODS_2_037_CA_1_validation,2016-04-04,1,4.652669329073913,7.0,0,2,9.305338658147827,7.0,True,False,Stockout Risk
FOODS_2_037_CA_1_validation,2016-04-11,3,2.99583535605936,6.0,0,2,5.99167071211872,6.0,False,False,Normal
FOODS_2_037_CA_1_validation,2016-04-18,0,3.786757959679844,5.0,0,2,7.573515919359688,5.0,True,False,Stockout Risk
FOODS_2_038_CA_1_validation,2016-03-14,7,5.075279171438352,14.0,0,2,10.150558342876703,14.0,False,False,Normal
FOODS_2_038_CA_1_validation,2016-03-21,5,5.385172907391694,12.0,0,2,10.770345814783388,12.0,False,False,Normal
FOODS_2_038_CA_1_validation,2016-03-28,5,5.423992919708617,11.0,0,2,10.847985839417234,11.0,False,False,Normal
FOODS_2_038_CA_1_validation,2016-04-04,3,5.465329155112587,10.0,0,2,10.930658310225175,10.0,True,False,Stockout Risk
FOODS_2_038_CA_1_validation,2016-04-11,1,4.6860687455355725,7.0,0,2,9.372137491071145,7.0,True,False,Stockout Risk
FOODS_2_038_CA_1_validation,2016-04-18,7,3.233909740130703,8.0,0,2,6.467819480261406,8.0,False,False,Normal
FOODS_2_039_CA_1_validation,2016-03-14,0,3.914217128731657,0.0,0,2,7.828434257463314,0.0,True,False,Stockout Risk
FOODS_2_039_CA_1_validation,2016-03-21,1,1.1560242721688057,1.0,0,2,2.3120485443376113,1.0,True,False,Stockout Risk
FOODS_2_039_CA_1_validation,2016-03-28,3,2.3200495624367257,3.0,0,2,4.640099124873451,3.0,True,False,Stockout Risk
FOODS_2_039_CA_1_validation,2016-04-04,1,3.318849728171057,2.0,0,2,6.637699456342114,2.0,True,False,Stockout Risk
FOODS_2_039_CA_1_validation,2016-04-11,5,2.4111310273443984,5.0,0,2,4.822262054688797,5.0,False,False,Normal
FOODS_2_039_CA_1_validation,2016-04-18,2,3.788562398862979,6.0,0,2,7.577124797725958,6.0,True,False,Stockout Risk
FOODS_2_040_CA_1_validation,2016-03-14,0,1.4167885560409688,0.0,0,2,2.8335771120819375,0.0,True,False,Stockout Risk
FOODS_2_040_CA_1_validation,2016-03-21,0,0.5023478579953735,0.0,0,2,1.004695715990747,0.0,True,False,Stockout Risk
FOODS_2_040_CA_1_validation,2016-03-28,0,0.4259375598775828,0.0,0,2,0.8518751197551656,0.0,True,False,Stockout Risk
FOODS_2_040_CA_1_validation,2016-04-04,0,0.620652952628351,0.0,0,2,1.241305905256702,0.0,True,False,Stockout Risk
FOODS_2_040_CA_1_validation,2016-04-11,0,0.3742540594074448,0.0,0,2,0.7485081188148895,0.0,True,False,Stockout Risk
FOODS_2_040_CA_1_validation,2016-04-18,0,0.3006084123614305,0.0,0,2,0.601216824722861,0.0,True,False,Stockout Risk
FOODS_2_041_CA_1_validation,2016-03-14,3,4.984070185843555,6.0,0,2,9.96814037168711,6.0,True,False,Stockout Risk
FOODS_2_041_CA_1_validation,2016-03-21,4,5.044979721857987,7.0,0,2,10.089959443715975,7.0,True,False,Stockout Risk
FOODS_2_041_CA_1_validation,2016-03-28,8,4.45706659355529,10.0,0,2,8.91413318711058,10.0,False,False,Normal
FOODS_2_041_CA_1_validation,2016-04-04,5,5.886834820226067,10.0,0,2,11.773669640452134,10.0,True,False,Stockout Risk
FOODS_2_041_CA_1_validation,2016-04-11,5,4.981750979293652,11.0,0,2,9.963501958587305,11.0,False,False,Normal
FOODS_2_041_CA_1_validation,2016-04-18,3,5.268488285934216,10.0,0,2,10.536976571868433,10.0,True,False,Stockout Risk
FOODS_2_042_CA_1_validation,2016-03-14,0,0.948068198918964,0.0,0,2,1.896136397837928,0.0,True,False,Stockout Risk
FOODS_2_042_CA_1_validation,2016-03-21,0,0.5785280209945922,0.0,0,2,1.1570560419891844,0.0,True,False,Stockout Risk
FOODS_2_042_CA_1_validation,2016-03-28,0,0.4259375598775828,0.0,0,2,0.8518751197551656,0.0,True,False,Stockout Risk
FOODS_2_042_CA_1_validation,2016-04-04,0,0.5470073055823366,0.0,0,2,1.0940146111646731,0.0,True,False,Stockout Risk
FOODS_2_042_CA_1_validation,2016-04-11,0,0.3006084123614305,0.0,0,2,0.601216824722861,0.0,True,False,Stockout Risk
FOODS_2_042_CA_1_validation,2016-04-18,0,0.3006084123614305,0.0,0,2,0.601216824722861,0.0,True,False,Stockout Risk
FOODS_2_043_CA_1_validation,2016-03-14,7,8.907619650601466,14.0,0,2,17.815239301202933,14.0,True,False,Stockout Risk
FOODS_2_043_CA_1_validation,2016-03-21,7,8.113445829701144,14.0,0,2,16.226891659402288,14.0,True,False,Stockout Risk
FOODS_2_043_CA_1_validation,2016-03-28,10,8.044841468219852,16.0,0,2,16.089682936439704,16.0,True,False,Stockout Risk
FOODS_2_043_CA_1_validation,2016-04-04,14,8.603681957891581,19.0,0,2,17.207363915783162,19.0,False,False,Normal
FOODS_2_043_CA_1_validation,2016-04-11,9,10.204979171886912,20.0,0,2,20.409958343773823,20.0,True,False,Stockout Risk
FOODS_2_043_CA_1_validation,2016-04-18,10,9.307397969772811,22.0,0,2,18.614795939545623,22.0,False,False,Normal
FOODS_2_044_CA_1_validation,2016-03-14,5,5.854411633850893,10.0,0,2,11.708823267701787,10.0,True,False,Stockout Risk
FOODS_2_044_CA_1_validation,2016-03-21,12,5.929325268345294,17.0,0,2,11.858650536690588,17.0,False,False,Normal
FOODS_2_044_CA_1_validation,2016-03-28,11,7.882904398367016,19.0,0,2,15.765808796734031,19.0,False,False,Normal
FOODS_2_044_CA_1_validation,2016-04-04,6,8.97900967332237,17.0,0,2,17.95801934664474,17.0,True,False,Stockout Risk
FOODS_2_044_CA_1_validation,2016-04-11,13,7.710967648405068,21.0,0,2,15.421935296810137,21.0,False,False,Normal
FOODS_2_044_CA_1_validation,2016-04-18,8,9.239257813771738,19.0,0,2,18.478515627543477,19.0,False,False,Normal
FOODS_2_045_CA_1_validation,2016-03-14,4,8.627524842036628,8.0,0,2,17.255049684073256,8.0,True,False,Stockout Risk
FOODS_2_045_CA_1_validation,2016-03-21,7,7.000255559443469,11.0,0,2,14.000511118886937,11.0,True,False,Stockout Risk
FOODS_2_045_CA_1_validation,2016-03-28,8,7.085473043886498,13.0,0,2,14.170946087772997,13.0,True,False,Stockout Risk
FOODS_2_045_CA_1_validation,2016-04-04,9,7.382291481549386,14.0,0,2,14.764582963098771,14.0,True,False,Stockout Risk
FOODS_2_045_CA_1_validation,2016-04-11,7,7.898220380752129,16.0,0,2,15.796440761504257,16.0,False,False,Normal
FOODS_2_045_CA_1_validation,2016-04-18,8,7.717906322531057,16.0,0,2,15.435812645062114,16.0,False,False,Normal
FOODS_2_046_CA_1_validation,2016-03-14,8,4.18467196906136,16.0,0,2,8.36934393812272,16.0,False,False,Normal
FOODS_2_046_CA_1_validation,2016-03-21,2,5.410089351979263,10.0,0,2,10.820178703958526,10.0,True,False,Stockout Risk
FOODS_2_046_CA_1_validation,2016-03-28,2,4.06383007401481,8.0,0,2,8.12766014802962,8.0,True,False,Stockout Risk
FOODS_2_046_CA_1_validation,2016-04-04,3,3.695555162915773,8.0,0,2,7.391110325831546,8.0,False,False,Normal
FOODS_2_046_CA_1_validation,2016-04-11,3,3.591928726142706,5.0,0,2,7.183857452285412,5.0,True,False,Stockout Risk
FOODS_2_046_CA_1_validation,2016-04-18,2,3.6023402789792494,5.0,0,2,7.204680557958499,5.0,True,False,Stockout Risk
FOODS_2_047_CA_1_validation,2016-03-14,13,17.881426286783228,26.0,0,2,35.762852573566455,26.0,True,False,Stockout Risk
FOODS_2_047_CA_1_validation,2016-03-21,19,15.617324392580644,32.0,0,2,31.234648785161287,32.0,False,False,Normal
FOODS_2_047_CA_1_validation,2016-03-28,11,16.428197802144638,29.0,0,2,32.856395604289276,29.0,True,False,Stockout Risk
FOODS_2_047_CA_1_validation,2016-04-04,4,14.34818842871972,24.0,0,2,28.69637685743944,24.0,True,False,Stockout Risk
FOODS_2_047_CA_1_validation,2016-04-11,7,9.378500347716164,20.0,0,2,18.75700069543233,20.0,False,False,Normal
FOODS_2_047_CA_1_validation,2016-04-18,9,10.354252819577791,16.0,0,2,20.708505639155582,16.0,True,False,Stockout Risk
FOODS_2_048_CA_1_validation,2016-03-14,3,3.403738280739385,6.0,0,2,6.80747656147877,6.0,True,False,Stockout Risk
FOODS_2_048_CA_1_validation,2016-03-21,3,3.5094928119950795,6.0,0,2,7.018985623990159,6.0,True,False,Stockout Risk
FOODS_2_048_CA_1_validation,2016-03-28,2,3.420669846681696,5.0,0,2,6.841339693363392,5.0,True,False,Stockout Risk
FOODS_2_048_CA_1_validation,2016-04-04,0,3.3216813086248296,4.0,0,2,6.643362617249659,4.0,True,False,Stockout Risk
FOODS_2_048_CA_1_validation,2016-04-11,0,0.9627465924504832,2.0,0,2,1.9254931849009664,2.0,False,False,Normal
FOODS_2_048_CA_1_validation,2016-04-18,1,0.9191545795286676,2.0,0,2,1.8383091590573353,2.0,False,False,Normal
FOODS_2_049_CA_1_validation,2016-03-14,5,4.602965019271995,10.0,0,2,9.20593003854399,10.0,False,False,Normal
FOODS_2_049_CA_1_validation,2016-03-21,1,4.76575904510154,6.0,0,2,9.53151809020308,6.0,True,False,Stockout Risk
FOODS_2_049_CA_1_validation,2016-03-28,10,3.249409407930296,11.0,0,2,6.498818815860592,11.0,False,False,Normal
FOODS_2_049_CA_1_validation,2016-04-04,5,6.269482586081973,10.0,0,2,12.538965172163946,10.0,True,False,Stockout Risk
FOODS_2_049_CA_1_validation,2016-04-11,4,5.4425667754420495,10.0,0,2,10.885133550884099,10.0,True,False,Stockout Risk
FOODS_2_049_CA_1_validation,2016-04-18,2,4.665915347658331,10.0,0,2,9.331830695316661,10.0,False,False,Normal
FOODS_2_050_CA_1_validation,2016-03-14,13,11.729296574695535,26.0,0,2,23.45859314939107,26.0,False,False,Normal
FOODS_2_050_CA_1_validation,2016-03-21,8,11.582197229710795,21.0,0,2,23.16439445942159,21.0,True,False,Stockout Risk
FOODS_2_050_CA_1_validation,2016-03-28,11,11.06057317564028,21.0,0,2,22.12114635128056,21.0,True,False,Stockout Risk
FOODS_2_050_CA_1_validation,2016-04-04,11,10.755027224621626,22.0,0,2,21.510054449243253,22.0,False,False,Normal
FOODS_2_050_CA_1_validation,2016-04-11,11,10.664309858260712,20.0,0,2,21.328619716521423,20.0,True,False,Stockout Risk
FOODS_2_050_CA_1_validation,2016-04-18,6,10.263756033533614,20.0,0,2,20.527512067067228,20.0,True,False,Stockout Risk
FOODS_2_051_CA_1_validation,2016-03-14,15,9.745295009191594,30.0,0,2,19.490590018383187,30.0,False,False,Normal
FOODS_2_051_CA_1_validation,2016-03-21,8,11.140085127074178,23.0,0,2,22.280170254148356,23.0,False,False,Normal
FOODS_2_051_CA_1_validation,2016-03-28,11,9.89974803415958,23.0,0,2,19.79949606831916,23.0,False,False,Normal
FOODS_2_051_CA_1_validation,2016-04-04,11,10.16807905004376,22.0,0,2,20.33615810008752,22.0,False,False,Normal
FOODS_2_051_CA_1_validation,2016-04-11,10,10.664309858260712,20.0,0,2,21.328619716521423,20.0,True,False,Stockout Risk
FOODS_2_051_CA_1_validation,2016-04-18,11,9.908112218117168,22.0,0,2,19.816224436234336,22.0,False,False,Normal
FOODS_2_052_CA_1_validation,2016-03-14,16,18.72099393119161,32.0,0,2,37.44198786238322,32.0,True,False,Stockout Risk
FOODS_2_052_CA_1_validation,2016-03-21,24,16.757006695491338,40.0,0,2,33.514013390982676,40.0,False,False,Normal
FOODS_2_052_CA_1_validation,2016-03-28,24,20.39262522283268,43.0,0,2,40.78525044566536,43.0,False,False,Normal
FOODS_2_052_CA_1_validation,2016-04-04,29,20.24158744956444,46.0,0,2,40.48317489912888,46.0,False,False,Normal
FOODS_2_052_CA_1_validation,2016-04-11,16,23.079032865636453,46.0,0,2,46.158065731272906,46.0,True,False,Stockout Risk
FOODS_2_052_CA_1_validation,2016-04-18,17,20.45041810721108,43.0,0,2,40.90083621442216,43.0,False,False,Normal
FOODS_2_053_CA_1_validation,2016-03-14,4,4.241693212011057,8.0,0,2,8.483386424022115,8.0,True,False,Stockout Risk
FOODS_2_053_CA_1_validation,2016-03-21,6,4.239530410178557,10.0,0,2,8.479060820357114,10.0,False,False,Normal
FOODS_2_053_CA_1_validation,2016-03-28,5,4.841689681706917,10.0,0,2,9.683379363413835,10.0,False,False,Normal
FOODS_2_053_CA_1_validation,2016-04-04,4,5.027778205668739,10.0,0,2,10.055556411337477,10.0,True,False,Stockout Risk
FOODS_2_053_CA_1_validation,2016-04-11,3,4.504687407109159,9.0,0,2,9.009374814218319,9.0,True,False,Stockout Risk
FOODS_2_053_CA_1_validation,2016-04-18,4,4.208243623014532,8.0,0,2,8.416487246029064,8.0,True,False,Stockout Risk
FOODS_2_054_CA_1_validation,2016-03-14,13,17.942221351154707,26.0,0,2,35.884442702309414,26.0,True,False,Stockout Risk
FOODS_2_054_CA_1_validation,2016-03-21,7,16.466398099921726,20.0,0,2,32.93279619984345,20.0,True,False,Stockout Risk
FOODS_2_054_CA_1_validation,2016-03-28,19,13.621404413464465,26.0,0,2,27.24280882692893,26.0,True,False,Stockout Risk
FOODS_2_054_CA_1_validation,2016-04-04,18,16.236115651477952,28.0,0,2,32.472231302955905,28.0,True,False,Stockout Risk
FOODS_2_054_CA_1_validation,2016-04-11,16,15.038640397755852,30.0,0,2,30.077280795511705,30.0,True,False,Stockout Risk
FOODS_2_054_CA_1_validation,2016-04-18,13,14.396927486828227,33.0,0,2,28.793854973656455,33.0,False,False,Normal
FOODS_2_055_CA_1_validation,2016-03-14,5,8.908459737314157,10.0,0,2,17.816919474628314,10.0,True,False,Stockout Risk
FOODS_2_055_CA_1_validation,2016-03-21,10,8.512368545916672,15.0,0,2,17.024737091833344,15.0,True,False,Stockout Risk
FOODS_2_055_CA_1_validation,2016-03-28,6,9.40922210223666,14.0,0,2,18.81844420447332,14.0,True,False,Stockout Risk
FOODS_2_055_CA_1_validation,2016-04-04,7,7.283181291659754,14.0,0,2,14.566362583319508,14.0,True,False,Stockout Risk
FOODS_2_055_CA_1_validation,2016-04-11,15,7.376243663717158,19.0,0,2,14.752487327434316,19.0,False,False,Normal
FOODS_2_055_CA_1_validation,2016-04-18,8,10.061558988436945,18.0,0,2,20.12311797687389,18.0,True,False,Stockout Risk
FOODS_2_056_CA_1_validation,2016-03-14,12,11.908147762485187,24.0,0,2,23.816295524970375,24.0,False,False,Normal
FOODS_2_056_CA_1_validation,2016-03-21,9,11.809174751507376,21.0,0,2,23.618349503014752,21.0,True,False,Stockout Risk
FOODS_2_056_CA_1_validation,2016-03-28,5,10.834979473282017,17.0,0,2,21.669958946564034,17.0,True,False,Stockout Risk
FOODS_2_056_CA_1_validation,2016-04-04,11,9.165537648676109,18.0,0,2,18.331075297352218,18.0,True,False,Stockout Risk
FOODS_2_056_CA_1_validation,2016-04-11,4,9.320465967560128,14.0,0,2,18.640931935120257,14.0,True,False,Stockout Risk
FOODS_2_056_CA_1_validation,2016-04-18,7,7.338783951361457,14.0,0,2,14.677567902722913,14.0,True,False,Stockout Risk
FOODS_2_057_CA_1_validation,2016-03-14,2,2.9659815566343197,4.0,0,2,5.9319631132686395,4.0,True,False,Stockout Risk
FOODS_2_057_CA_1_validation,2016-03-21,2,3.1398358128013717,4.0,0,2,6.279671625602743,4.0,True,False,Stockout Risk
FOODS_2_057_CA_1_validation,2016-03-28,3,2.8561701984672734,5.0,0,2,5.712340396934547,5.0,True,False,Stockout Risk
FOODS_2_057_CA_1_validation,2016-04-04,2,3.318849728171057,4.0,0,2,6.637699456342114,4.0,True,False,Stockout Risk
FOODS_2_057_CA_1_validation,2016-04-11,4,3.0128707757717934,6.0,0,2,6.025741551543587,6.0,True,False,Stockout Risk
FOODS_2_057_CA_1_validation,2016-04-18,0,3.6385871885827914,4.0,0,2,7.277174377165583,4.0,True,False,Stockout Risk
FOODS_2_058_CA_1_validation,2016-03-14,4,4.996061708601417,8.0,0,2,9.992123417202833,8.0,True,False,Stockout Risk
FOODS_2_058_CA_1_validation,2016-03-21,2,4.861832547971913,6.0,0,2,9.723665095943826,6.0,True,False,Stockout Risk
FOODS_2_058_CA_1_validation,2016-03-28,5,3.78174427051312,7.0,0,2,7.56348854102624,7.0,True,False,Stockout Risk
FOODS_2_058_CA_1_validation,2016-04-04,2,4.8777102649723245,6.0,0,2,9.755420529944649,6.0,True,False,Stockout Risk
FOODS_2_058_CA_1_validation,2016-04-11,3,3.692930309709861,6.0,0,2,7.385860619419722,6.0,True,False,Stockout Risk
FOODS_2_058_CA_1_validation,2016-04-18,0,3.644620213977893,5.0,0,2,7.289240427955786,5.0,True,False,Stockout Risk
FOODS_2_059_CA_1_validation,2016-03-14,8,8.641612606637372,16.0,0,2,17.283225213274743,16.0,True,False,Stockout Risk
FOODS_2_059_CA_1_validation,2016-03-21,0,8.37635200803047,8.0,0,2,16.75270401606094,8.0,True,False,Stockout Risk
FOODS_2_059_CA_1_validation,2016-03-28,6,4.412256526606547,9.0,0,2,8.824513053213094,9.0,False,False,Normal
FOODS_2_059_CA_1_validation,2016-04-04,0,6.777473052276656,7.0,0,2,13.554946104553313,7.0,True,False,Stockout Risk
FOODS_2_059_CA_1_validation,2016-04-11,3,2.490805180187739,4.0,0,2,4.981610360375478,4.0,True,False,Stockout Risk
FOODS_2_059_CA_1_validation,2016-04-18,9,4.8045110456423865,9.0,0,2,9.609022091284773,9.0,True,False,Stockout Risk
FOODS_2_060_CA_1_validation,2016-03-14,11,10.524326992953348,22.0,0,2,21.048653985906697,22.0,False,False,Normal
FOODS_2_060_CA_1_validation,2016-03-21,10,10.652804268959605,21.0,0,2,21.30560853791921,21.0,True,False,Stockout Risk
FOODS_2_060_CA_1_validation,2016-03-28,10,10.270818586869128,21.0,0,2,20.541637173738255,21.0,False,False,Normal
FOODS_2_060_CA_1_validation,2016-04-04,13,10.154511111338076,22.0,0,2,20.309022222676152,22.0,False,False,Normal
FOODS_2_060_CA_1_validation,2016-04-11,9,10.631997799106898,21.0,0,2,21.263995598213796,21.0,True,False,Stockout Risk
FOODS_2_060_CA_1_validation,2016-04-18,17,10.525281857811526,24.0,0,2,21.050563715623053,24.0,False,False,Normal
FOODS_2_061_CA_1_validation,2016-03-14,4,10.21606011599531,8.0,0,2,20.43212023199062,8.0,True,False,Stockout Risk
FOODS_2_061_CA_1_validation,2016-03-21,4,8.208038379167595,8.0,0,2,16.41607675833519,8.0,True,False,Stockout Risk
FOODS_2_061_CA_1_validation,2016-03-28,7,6.403962090556963,10.0,0,2,12.807924181113925,10.0,True,False,Stockout Risk
FOODS_2_061_CA_1_validation,2016-04-04,17,7.140319210335153,16.0,0,2,14.280638420670305,16.0,False,False,Normal
FOODS_2_061_CA_1_validation,2016-04-11,4,10.24656518145492,16.0,0,2,20.49313036290984,16.0,True,False,Stockout Risk
FOODS_2_061_CA_1_validation,2016-04-18,7,7.888295459309362,18.0,0,2,15.776590918618725,18.0,False,False,Normal
FOODS_2_062_CA_1_validation,2016-03-14,5,5.980526940523434,10.0,0,2,11.961053881046867,10.0,True,False,Stockout Risk
FOODS_2_062_CA_1_validation,2016-03-21,4,5.437931994889794,9.0,0,2,10.875863989779589,9.0,True,False,Stockout Risk
FOODS_2_062_CA_1_validation,2016-03-28,5,4.953997613956445,9.0,0,2,9.90799522791289,9.0,True,False,Stockout Risk
FOODS_2_062_CA_1_validation,2016-04-04,8,5.22956534026537,11.0,0,2,10.45913068053074,11.0,False,False,Normal
FOODS_2_062_CA_1_validation,2016-04-11,6,5.864168643480898,12.0,0,2,11.728337286961796,12.0,False,False,Normal
FOODS_2_062_CA_1_validation,2016-04-18,7,5.8084382177159535,13.0,0,2,11.616876435431907,13.0,False,False,Normal
FOODS_2_063_CA_1_validation,2016-03-14,14,14.77386043936954,28.0,0,2,29.54772087873908,28.0,True,False,Stockout Risk
FOODS_2_063_CA_1_validation,2016-03-21,13,13.788619083921608,27.0,0,2,27.577238167843216,27.0,True,False,Stockout Risk
FOODS_2_063_CA_1_validation,2016-03-28,17,14.628021630510515,29.0,0,2,29.25604326102103,29.0,True,False,Stockout Risk
FOODS_2_063_CA_1_validation,2016-04-04,24,15.6761937681604,34.0,0,2,31.3523875363208,34.0,False,False,Normal
FOODS_2_063_CA_1_validation,2016-04-11,7,17.834765107180207,30.0,0,2,35.669530214360414,30.0,True,False,Stockout Risk
FOODS_2_063_CA_1_validation,2016-04-18,15,12.825700615925353,32.0,0,2,25.651401231850706,32.0,False,False,Normal
FOODS_2_064_CA_1_validation,2016-03-14,2,3.3571952504246454,4.0,0,2,6.714390500849291,4.0,True,False,Stockout Risk
FOODS_2_064_CA_1_validation,2016-03-21,1,2.9659815566343197,3.0,0,2,5.9319631132686395,3.0,True,False,Stockout Risk
FOODS_2_064_CA_1_validation,2016-03-28,1,2.5448471062781244,3.0,0,2,5.089694212556249,3.0,True,False,Stockout Risk
FOODS_2_064_CA_1_validation,2016-04-04,4,2.5054386273996148,4.0,0,2,5.0108772547992295,4.0,True,False,Stockout Risk
FOODS_2_064_CA_1_validation,2016-04-11,1,3.529632518635924,4.0,0,2,7.059265037271848,4.0,True,False,Stockout Risk
FOODS_2_064_CA_1_validation,2016-04-18,1,2.5820466641128723,4.0,0,2,5.164093328225745,4.0,True,False,Stockout Risk
FOODS_2_065_CA_1_validation,2016-03-14,25,15.7496304416435,50.0,0,2,31.499260883287,50.0,False,False,Normal
FOODS_2_065_CA_1_validation,2016-03-21,17,17.397008332977276,42.0,0,2,34.79401666595455,42.0,False,False,Normal
FOODS_2_065_CA_1_validation,2016-03-28,6,17.49583474523159,32.0,0,2,34.99166949046318,32.0,True,False,Stockout Risk
FOODS_2_065_CA_1_validation,2016-04-04,9,14.205309868326212,28.0,0,2,28.410619736652425,28.0,True,False,Stockout Risk
FOODS_2_065_CA_1_validation,2016-04-11,9,12.932154818083015,20.0,0,2,25.86430963616603,20.0,True,False,Stockout Risk
FOODS_2_065_CA_1_validation,2016-04-18,10,10.938654228403232,17.0,0,2,21.877308456806464,17.0,True,False,Stockout Risk
FOODS_2_066_CA_1_validation,2016-03-14,0,4.7465977691721575,0.0,0,2,9.493195538344315,0.0,True,False,Stockout Risk
FOODS_2_066_CA_1_validation,2016-03-21,1,1.4396898865029029,1.0,0,2,2.8793797730058057,1.0,True,False,Stockout Risk
FOODS_2_066_CA_1_validation,2016-03-28,4,2.6502582070855607,3.0,0,2,5.300516414171121,3.0,True,False,Stockout Risk
FOODS_2_066_CA_1_validation,2016-04-04,2,3.8849860818036968,4.0,0,2,7.7699721636073935,4.0,True,False,Stockout Risk
FOODS_2_066_CA_1_validation,2016-04-11,6,3.188481358653793,6.0,0,2,6.376962717307586,6.0,True,False,Stockout Risk
FOODS_2_066_CA_1_validation,2016-04-18,1,4.406270435853007,6.0,0,2,8.812540871706014,6.0,True,False,Stockout Risk
FOODS_2_067_CA_1_validation,2016-03-14,0,0.5645226621482606,0.0,0,2,1.1290453242965213,0.0,True,False,Stockout Risk
FOODS_2_067_CA_1_validation,2016-03-21,0,0.5785280209945922,0.0,0,2,1.1570560419891844,0.0,True,False,Stockout Risk
FOODS_2_067_CA_1_validation,2016-03-28,0,0.438807456804893,0.0,0,2,0.877614913609786,0.0,True,False,Stockout Risk
FOODS_2_067_CA_1_validation,2016-04-04,0,0.5470073055823366,0.0,0,2,1.0940146111646731,0.0,True,False,Stockout Risk
FOODS_2_067_CA_1_validation,2016-04-11,0,0.3006084123614305,0.0,0,2,0.601216824722861,0.0,True,False,Stockout Risk
FOODS_2_067_CA_1_validation,2016-04-18,0,0.3006084123614305,0.0,0,2,0.601216824722861,0.0,True,False,Stockout Risk
FOODS_2_068_CA_1_validation,2016-03-14,3,2.907828334307768,6.0,0,2,5.815656668615536,6.0,False,False,Normal
FOODS_2_068_CA_1_validation,2016-03-21,1,3.420669846681696,4.0,0,2,6.841339693363392,4.0,True,False,Stockout Risk
FOODS_2_068_CA_1_validation,2016-03-28,2,2.607258745910252,4.0,0,2,5.214517491820504,4.0,True,False,Stockout Risk
FOODS_2_068_CA_1_validation,2016-04-04,3,3.038015694290732,4.0,0,2,6.076031388581464,4.0,True,False,Stockout Risk
FOODS_2_068_CA_1_validation,2016-04-11,4,3.0724508349501507,5.0,0,2,6.144901669900301,5.0,True,False,Stockout Risk
FOODS_2_068_CA_1_validation,2016-04-18,2,3.6385871885827914,6.0,0,2,7.277174377165583,6.0,True,False,Stockout Risk
FOODS_2_069_CA_1_validation,2016-03-14,4,5.550723850627297,8.0,0,2,11.101447701254594,8.0,True,False,Stockout Risk
FOODS_2_069_CA_1_validation,2016-03-21,6,5.0667235166605655,10.0,0,2,10.133447033321131,10.0,True,False,Stockout Risk
FOODS_2_069_CA_1_validation,2016-03-28,1,5.277066306034982,7.0,0,2,10.554132612069964,7.0,True,False,Stockout Risk
FOODS_2_069_CA_1_validation,2016-04-04,5,4.166677964768398,8.0,0,2,8.333355929536795,8.0,True,False,Stockout Risk
FOODS_2_069_CA_1_validation,2016-04-11,3,5.152115767039152,8.0,0,2,10.304231534078305,8.0,True,False,Stockout Risk
FOODS_2_069_CA_1_validation,2016-04-18,5,3.9982671113042834,7.0,0,2,7.996534222608567,7.0,True,False,Stockout Risk
FOODS_2_070_CA_1_validation,2016-03-14,0,4.425404607011166,0.0,0,2,8.850809214022332,0.0,True,False,Stockout Risk
FOODS_2_070_CA_1_validation,2016-03-21,0,2.434776102149149,0.0,0,2,4.869552204298298,0.0,True,False,Stockout Risk
FOODS_2_070_CA_1_validation,2016-03-28,0,1.8641001262377483,0.0,0,2,3.7282002524754967,0.0,True,False,Stockout Risk
FOODS_2_070_CA_1_validation,2016-04-04,0,0.9773232336254122,0.0,0,2,1.9546464672508244,0.0,True,False,Stockout Risk
FOODS_2_070_CA_1_validation,2016-04-11,0,0.952135116906542,0.0,0,2,1.904270233813084,0.0,True,False,Stockout Risk
FOODS_2_070_CA_1_validation,2016-04-18,0,0.5825949389821702,0.0,0,2,1.1651898779643404,0.0,True,False,Stockout Risk
FOODS_2_071_CA_1_validation,2016-03-14,15,5.621294102464254,30.0,0,2,11.242588204928508,30.0,False,False,Normal
FOODS_2_071_CA_1_validation,2016-03-21,2,9.325664284853971,17.0,0,2,18.651328569707943,17.0,True,False,Stockout Risk
FOODS_2_071_CA_1_validation,2016-03-28,5,5.892345478779127,15.0,0,2,11.784690957558254,15.0,False,False,Normal
FOODS_2_071_CA_1_validation,2016-04-04,5,6.403159544785305,14.0,0,2,12.80631908957061,14.0,False,False,Normal
FOODS_2_071_CA_1_validation,2016-04-11,1,5.78987654713709,6.0,0,2,11.57975309427418,6.0,True,False,Stockout Risk
FOODS_2_071_CA_1_validation,2016-04-18,3,3.52733288498404,7.0,0,2,7.05466576996808,7.0,True,False,Stockout Risk
FOODS_2_072_CA_1_validation,2016-03-14,1,7.1131121197173055,2.0,0,2,14.226224239434611,2.0,True,False,Stockout Risk
FOODS_2_072_CA_1_validation,2016-03-21,7,4.260115084922769,8.0,0,2,8.520230169845538,8.0,True,False,Stockout Risk
FOODS_2_072_CA_1_validation,2016-03-28,9,5.494921612749317,11.0,0,2,10.989843225498634,11.0,False,False,Normal
FOODS_2_072_CA_1_validation,2016-04-04,10,7.55937261623533,14.0,0,2,15.11874523247066,14.0,True,False,Stockout Risk
FOODS_2_072_CA_1_validation,2016-04-11,6,7.198919934280318,16.0,0,2,14.397839868560636,16.0,False,False,Normal
FOODS_2_072_CA_1_validation,2016-04-18,8,7.2200656518626705,16.0,0,2,14.440131303725341,16.0,False,False,Normal
FOODS_2_073_CA_1_validation,2016-03-14,3,2.5448471062781244,6.0,0,2,5.089694212556249,6.0,False,False,Normal
FOODS_2_073_CA_1_validation,2016-03-21,3,3.3571952504246454,6.0,0,2,6.714390500849291,6.0,True,False,Stockout Risk
FOODS_2_073_CA_1_validation,2016-03-28,3,3.1370042323475986,6.0,0,2,6.274008464695197,6.0,True,False,Stockout Risk
FOODS_2_073_CA_1_validation,2016-04-04,6,3.6025153425051544,8.0,0,2,7.205030685010309,8.0,False,False,Normal
FOODS_2_073_CA_1_validation,2016-04-11,3,4.406270435853007,8.0,0,2,8.812540871706014,8.0,True,False,Stockout Risk
FOODS_2_073_CA_1_validation,2016-04-18,2,3.8343714212294646,7.0,0,2,7.668742842458929,7.0,True,False,Stockout Risk
FOODS_2_074_CA_1_validation,2016-03-14,15,23.121049447398104,30.0,0,2,46.24209889479621,30.0,True,False,Stockout Risk
FOODS_2_074_CA_1_validation,2016-03-21,15,18.57733369158665,30.0,0,2,37.1546673831733,30.0,True,False,Stockout Risk
FOODS_2_074_CA_1_validation,2016-03-28,31,19.09168133240396,41.0,0,2,38.18336266480792,41.0,False,False,Normal
FOODS_2_074_CA_1_validation,2016-04-04,23,23.67302077982354,42.0,0,2,47.34604155964708,42.0,True,False,Stockout Risk
FOODS_2_074_CA_1_validation,2016-04-11,18,22.87295145563512,44.0,0,2,45.74590291127024,44.0,True,False,Stockout Risk
FOODS_2_074_CA_1_validation,2016-04-18,13,19.86432506138505,42.0,0,2,39.7286501227701,42.0,False,False,Normal
FOODS_2_075_CA_1_validation,2016-03-14,14,17.321882444685375,28.0,0,2,34.64376488937075,28.0,True,False,Stockout Risk
FOODS_2_075_CA_1_validation,2016-03-21,14,15.591300604365662,28.0,0,2,31.182601208731324,28.0,True,False,Stockout Risk
FOODS_2_075_CA_1_validation,2016-03-28,18,17.188678080576928,31.0,0,2,34.377356161153855,31.0,True,False,Stockout Risk
FOODS_2_075_CA_1_validation,2016-04-04,28,16.395543074615095,37.0,0,2,32.79108614923019,37.0,False,False,Normal
FOODS_2_075_CA_1_validation,2016-04-11,19,19.90357161154965,40.0,0,2,39.8071432230993,40.0,False,False,Normal
FOODS_2_075_CA_1_validation,2016-04-18,18,18.33507574521941,42.0,0,2,36.67015149043882,42.0,False,False,Normal
FOODS_2_076_CA_1_validation,2016-03-14,3,3.899658826575166,6.0,0,2,7.799317653150332,6.0,True,False,Stockout Risk
FOODS_2_076_CA_1_validation,2016-03-21,1,3.579387087947752,4.0,0,2,7.158774175895504,4.0,True,False,Stockout Risk
FOODS_2_076_CA_1_validation,2016-03-28,0,2.6538017762249915,3.0,0,2,5.307603552449983,3.0,True,False,Stockout Risk
FOODS_2_076_CA_1_validation,2016-04-04,2,1.2256955570409458,3.0,0,2,2.4513911140818916,3.0,False,False,Normal
FOODS_2_076_CA_1_validation,2016-04-11,3,2.7880732319303947,3.0,0,2,5.576146463860789,3.0,True,False,Stockout Risk
FOODS_2_076_CA_1_validation,2016-04-18,5,3.0724508349501507,5.0,0,2,6.144901669900301,5.0,True,False,Stockout Risk
FOODS_2_077_CA_1_validation,2016-03-14,12,3.651710392574171,24.0,0,2,7.303420785148342,24.0,False,False,Normal
FOODS_2_077_CA_1_validation,2016-03-21,8,7.986259414231663,20.0,0,2,15.972518828463325,20.0,False,False,Normal
FOODS_2_077_CA_1_validation,2016-03-28,2,7.278091465632668,15.0,0,2,14.556182931265337,15.0,False,False,Normal
FOODS_2_077_CA_1_validation,2016-04-04,11,5.0748744382417295,16.0,0,2,10.149748876483459,16.0,False,False,Normal
FOODS_2_077_CA_1_validation,2016-04-11,17,7.978470543075545,19.0,0,2,15.95694108615109,19.0,False,False,Normal
FOODS_2_077_CA_1_validation,2016-04-18,3,11.729203134355624,16.0,0,2,23.458406268711247,16.0,True,False,Stockout Risk
FOODS_2_078_CA_1_validation,2016-03-14,5,7.071559947415164,10.0,0,2,14.143119894830328,10.0,True,False,Stockout Risk
FOODS_2_078_CA_1_validation,2016-03-21,8,6.0565859272219935,13.0,0,2,12.113171854443987,13.0,False,False,Normal
FOODS_2_078_CA_1_validation,2016-03-28,10,6.550263294592603,15.0,0,2,13.100526589185206,15.0,False,False,Normal
FOODS_2_078_CA_1_validation,2016-04-04,9,8.339439272681542,16.0,0,2,16.678878545363084,16.0,True,False,Stockout Risk
FOODS_2_078_CA_1_validation,2016-04-11,8,7.885608064281192,18.0,0,2,15.771216128562385,18.0,False,False,Normal
FOODS_2_078_CA_1_validation,2016-04-18,15,8.073497592214752,21.0,0,2,16.146995184429503,21.0,False,False,Normal
FOODS_2_079_CA_1_validation,2016-03-14,8,6.06404315552968,16.0,0,2,12.12808631105936,16.0,False,False,Normal
FOODS_2_079_CA_1_validation,2016-03-21,3,7.112452263396481,11.0,0,2,14.224904526792962,11.0,True,False,Stockout Risk
FOODS_2_079_CA_1_validation,2016-03-28,5,5.206415214258977,11.0,0,2,10.412830428517953,11.0,False,False,Normal
FOODS_2_079_CA_1_validation,2016-04-04,4,5.177907204424875,10.0,0,2,10.35581440884975,10.0,True,False,Stockout Risk
FOODS_2_079_CA_1_validation,2016-04-11,3,4.847164281560353,8.0,0,2,9.694328563120706,8.0,True,False,Stockout Risk
FOODS_2_079_CA_1_validation,2016-04-18,8,4.355060083603678,10.0,0,2,8.710120167207355,10.0,False,False,Normal
FOODS_2_080_CA_1_validation,2016-03-14,0,2.14001555139768,0.0,0,2,4.28003110279536,0.0,True,False,Stockout Risk
FOODS_2_080_CA_1_validation,2016-03-21,0,1.2982438107582432,0.0,0,2,2.5964876215164865,0.0,True,False,Stockout Risk
FOODS_2_080_CA_1_validation,2016-03-28,0,0.5785280209945922,0.0,0,2,1.1570560419891844,0.0,True,False,Stockout Risk
FOODS_2_080_CA_1_validation,2016-04-04,0,0.5470073055823366,0.0,0,2,1.0940146111646731,0.0,True,False,Stockout Risk
FOODS_2_080_CA_1_validation,2016-04-11,0,0.3006084123614305,0.0,0,2,0.601216824722861,0.0,True,False,Stockout Risk
FOODS_2_080_CA_1_validation,2016-04-18,0,0.3006084123614305,0.0,0,2,0.601216824722861,0.0,True,False,Stockout Risk
FOODS_2_081_CA_1_validation,2016-03-14,19,18.44990072479748,38.0,0,2,36.89980144959496,38.0,False,False,Normal
FOODS_2_081_CA_1_validation,2016-03-21,11,19.742819742128585,30.0,0,2,39.48563948425717,30.0,True,False,Stockout Risk
FOODS_2_081_CA_1_validation,2016-03-28,22,16.35127618244265,35.0,0,2,32.7025523648853,35.0,False,False,Normal
FOODS_2_081_CA_1_validation,2016-04-04,21,17.719435529184327,36.0,0,2,35.438871058368655,36.0,False,False,Normal
FOODS_2_081_CA_1_validation,2016-04-11,26,19.203037456896045,40.0,0,2,38.40607491379209,40.0,False,False,Normal
FOODS_2_081_CA_1_validation,2016-04-18,16,20.0973283658727,42.0,0,2,40.1946567317454,42.0,False,False,Normal
FOODS_2_082_CA_1_validation,2016-03-14,16,17.80452420758598,32.0,0,2,35.60904841517196,32.0,True,False,Stockout Risk
FOODS_2_082_CA_1_validation,2016-03-21,8,18.61365052903284,24.0,0,2,37.22730105806568,24.0,True,False,Stockout Risk
FOODS_2_082_CA_1_validation,2016-03-28,14,13.370142587488605,25.0,0,2,26.74028517497721,25.0,True,False,Stockout Risk
FOODS_2_082_CA_1_validation,2016-04-04,26,13.94199337407998,32.0,0,2,27.88398674815996,32.0,False,False,Normal
FOODS_2_082_CA_1_validation,2016-04-11,21,18.469223350234664,34.0,0,2,36.93844670046933,34.0,True,False,Stockout Risk
FOODS_2_082_CA_1_validation,2016-04-18,22,16.99539646797257,42.0,0,2,33.99079293594514,42.0,False,False,Normal
FOODS_2_083_CA_1_validation,2016-03-14,4,7.13616956761707,8.0,0,2,14.27233913523414,8.0,True,False,Stockout Risk
FOODS_2_083_CA_1_validation,2016-03-21,5,5.863624862570142,9.0,0,2,11.727249725140284,9.0,True,False,Stockout Risk
FOODS_2_083_CA_1_validation,2016-03-28,10,6.044552692864111,13.0,0,2,12.089105385728223,13.0,False,False,Normal
FOODS_2_083_CA_1_validation,2016-04-04,0,7.089941322952638,10.0,0,2,14.179882645905275,10.0,True,False,Stockout Risk
FOODS_2_083_CA_1_validation,2016-04-11,5,2.881485457228339,10.0,0,2,5.762970914456678,10.0,False,False,Normal
FOODS_2_083_CA_1_validation,2016-04-18,6,5.471927043080783,10.0,0,2,10.943854086161567,10.0,True,False,Stockout Risk
FOODS_2_084_CA_1_validation,2016-03-14,1,5.0945068743759325,2.0,0,2,10.189013748751865,2.0,True,False,Stockout Risk
FOODS_2_084_CA_1_validation,2016-03-21,9,3.960295445774032,10.0,0,2,7.920590891548064,10.0,False,False,Normal
FOODS_2_084_CA_1_validation,2016-03-28,6,5.792244457102823,11.0,0,2,11.584488914205647,11.0,True,False,Stockout Risk
FOODS_2_084_CA_1_validation,2016-04-04,8,5.757693273560179,12.0,0,2,11.515386547120357,12.0,False,False,Normal
FOODS_2_084_CA_1_validation,2016-04-11,6,6.003437331277379,14.0,0,2,12.006874662554758,14.0,False,False,Normal
FOODS_2_084_CA_1_validation,2016-04-18,9,6.492780546017754,14.0,0,2,12.985561092035509,14.0,False,False,Normal
FOODS_2_085_CA_1_validation,2016-03-14,8,3.0082614916329637,16.0,0,2,6.0165229832659275,16.0,False,False,Normal
FOODS_2_085_CA_1_validation,2016-03-21,8,6.212764539771523,16.0,0,2,12.425529079543047,16.0,False,False,Normal
FOODS_2_085_CA_1_validation,2016-03-28,4,5.690634683568823,13.0,0,2,11.381269367137646,13.0,False,False,Normal
FOODS_2_085_CA_1_validation,2016-04-04,6,5.045700225878541,13.0,0,2,10.091400451757082,13.0,False,False,Normal
FOODS_2_085_CA_1_validation,2016-04-11,10,5.544972611674643,14.0,0,2,11.089945223349286,14.0,False,False,Normal
FOODS_2_085_CA_1_validation,2016-04-18,5,7.295565978031291,12.0,0,2,14.591131956062583,12.0,True,False,Stockout Risk
FOODS_2_086_CA_1_validation,2016-03-14,3,10.608177164236578,6.0,0,2,21.216354328473155,6.0,True,False,Stockout Risk
FOODS_2_086_CA_1_validation,2016-03-21,4,8.009685908508251,7.0,0,2,16.019371817016502,7.0,True,False,Stockout Risk
FOODS_2_086_CA_1_validation,2016-03-28,7,7.513810122300615,9.0,0,2,15.02762024460123,9.0,True,False,Stockout Risk
FOODS_2_086_CA_1_validation,2016-04-04,6,7.312122148415131,10.0,0,2,14.624244296830263,10.0,True,False,Stockout Risk
FOODS_2_086_CA_1_validation,2016-04-11,4,6.706567520511157,10.0,0,2,13.413135041022313,10.0,True,False,Stockout Risk
FOODS_2_086_CA_1_validation,2016-04-18,16,5.615338897854468,16.0,0,2,11.230677795708935,16.0,False,False,Normal
FOODS_2_087_CA_1_validation,2016-03-14,1,1.0272999898479327,2.0,0,2,2.0545999796958654,2.0,True,False,Stockout Risk
FOODS_2_087_CA_1_validation,2016-03-21,3,2.5413035371386936,4.0,0,2,5.082607074277387,4.0,True,False,Stockout Risk
FOODS_2_087_CA_1_validation,2016-03-28,3,3.3582582070495666,5.0,0,2,6.716516414099133,5.0,True,False,Stockout Risk
FOODS_2_087_CA_1_validation,2016-04-04,4,3.539040746248104,6.0,0,2,7.078081492496208,6.0,True,False,Stockout Risk
FOODS_2_087_CA_1_validation,2016-04-11,2,3.592044158268051,6.0,0,2,7.184088316536102,6.0,True,False,Stockout Risk
FOODS_2_087_CA_1_validation,2016-04-18,3,3.126940551244418,6.0,0,2,6.253881102488836,6.0,True,False,Stockout Risk
FOODS_2_088_CA_1_validation,2016-03-14,4,3.579387087947752,8.0,0,2,7.158774175895504,8.0,False,False,Normal
FOODS_2_088_CA_1_validation,2016-03-21,7,3.717698888136729,11.0,0,2,7.435397776273458,11.0,False,False,Normal
FOODS_2_088_CA_1_validation,2016-03-28,4,4.983920286314836,10.0,0,2,9.967840572629672,10.0,False,False,Normal
FOODS_2_088_CA_1_validation,2016-04-04,8,5.05002821243185,12.0,0,2,10.1000564248637,12.0,False,False,Normal
FOODS_2_088_CA_1_validation,2016-04-11,4,5.559602559880511,12.0,0,2,11.119205119761022,12.0,False,False,Normal
FOODS_2_088_CA_1_validation,2016-04-18,4,5.121708418984287,10.0,0,2,10.243416837968574,10.0,True,False,Stockout Risk
FOODS_2_089_CA_1_validation,2016-03-14,7,6.5170409162799485,14.0,0,2,13.034081832559897,14.0,False,False,Normal
FOODS_2_089_CA_1_validation,2016-03-21,5,6.512987533121337,12.0,0,2,13.025975066242674,12.0,True,False,Stockout Risk
FOODS_2_089_CA_1_validation,2016-03-28,7,5.994939204954026,13.0,0,2,11.989878409908052,13.0,False,False,Normal
FOODS_2_089_CA_1_validation,2016-04-04,5,6.339455524396211,12.0,0,2,12.678911048792422,12.0,True,False,Stockout Risk
FOODS_2_089_CA_1_validation,2016-04-11,2,5.775853208238885,10.0,0,2,11.55170641647777,10.0,True,False,Stockout Risk
FOODS_2_089_CA_1_validation,2016-04-18,9,4.484850874296889,12.0,0,2,8.969701748593778,12.0,False,False,Normal
FOODS_2_090_CA_1_validation,2016-03-14,0,0.438807456804893,0.0,0,2,0.877614913609786,0.0,True,False,Stockout Risk
FOODS_2_090_CA_1_validation,2016-03-21,2,0.438807456804893,2.0,0,2,0.877614913609786,2.0,False,False,Normal
FOODS_2_090_CA_1_validation,2016-03-28,3,4.021869774006724,3.0,0,2,8.043739548013448,3.0,True,False,Stockout Risk
FOODS_2_090_CA_1_validation,2016-04-04,4,3.968340963910727,4.0,0,2,7.936681927821454,4.0,True,False,Stockout Risk
FOODS_2_090_CA_1_validation,2016-04-11,7,3.957869779673623,8.0,0,2,7.915739559347246,8.0,False,False,Normal
FOODS_2_090_CA_1_validation,2016-04-18,2,5.257538490174545,8.0,0,2,10.51507698034909,8.0,True,False,Stockout Risk
FOODS_2_091_CA_1_validation,2016-03-14,2,5.039125957174291,4.0,0,2,10.078251914348582,4.0,True,False,Stockout Risk
FOODS_2_091_CA_1_validation,2016-03-21,6,3.8621601395651486,8.0,0,2,7.724320279130297,8.0,False,False,Normal
FOODS_2_091_CA_1_validation,2016-03-28,9,5.403735691031026,11.0,0,2,10.807471382062053,11.0,False,False,Normal
FOODS_2_091_CA_1_validation,2016-04-04,12,6.373722654455594,14.0,0,2,12.747445308911187,14.0,False,False,Normal
FOODS_2_091_CA_1_validation,2016-04-11,8,7.789898063241706,18.0,0,2,15.579796126483412,18.0,False,False,Normal
FOODS_2_091_CA_1_validation,2016-04-18,6,7.898962097161424,18.0,0,2,15.797924194322848,18.0,False,False,Normal
FOODS_2_092_CA_1_validation,2016-03-14,2,4.666424104428417,4.0,0,2,9.332848208856834,4.0,True,False,Stockout Risk
FOODS_2_092_CA_1_validation,2016-03-21,5,3.953144120969353,7.0,0,2,7.906288241938706,7.0,True,False,Stockout Risk
FOODS_2_092_CA_1_validation,2016-03-28,0,4.602965019271995,5.0,0,2,9.20593003854399,5.0,True,False,Stockout Risk
FOODS_2_092_CA_1_validation,2016-04-04,0,1.9910755602507295,4.0,0,2,3.982151120501459,4.0,False,False,Normal
FOODS_2_092_CA_1_validation,2016-04-11,1,0.9191545795286676,3.0,0,2,1.8383091590573353,3.0,False,False,Normal
FOODS_2_092_CA_1_validation,2016-04-18,2,2.302039195354017,2.0,0,2,4.604078390708034,2.0,True,False,Stockout Risk
FOODS_2_093_CA_1_validation,2016-03-14,5,5.426458398620413,10.0,0,2,10.852916797240827,10.0,True,False,Stockout Risk
FOODS_2_093_CA_1_validation,2016-03-21,2,5.346284733876672,7.0,0,2,10.692569467753344,7.0,True,False,Stockout Risk
FOODS_2_093_CA_1_validation,2016-03-28,4,4.55338858777597,7.0,0,2,9.10677717555194,7.0,True,False,Stockout Risk
FOODS_2_093_CA_1_validation,2016-04-04,10,4.638912089378748,10.0,0,2,9.277824178757497,10.0,False,False,Normal
FOODS_2_093_CA_1_validation,2016-04-11,8,6.115547220563672,12.0,0,2,12.231094441127343,12.0,True,False,Stockout Risk
FOODS_2_093_CA_1_validation,2016-04-18,7,6.157971887181474,14.0,0,2,12.315943774362948,14.0,False,False,Normal
FOODS_2_094_CA_1_validation,2016-03-14,9,5.525437959462501,18.0,0,2,11.050875918925001,18.0,False,False,Normal
FOODS_2_094_CA_1_validation,2016-03-21,10,6.78907730552502,19.0,0,2,13.57815461105004,19.0,False,False,Normal
FOODS_2_094_CA_1_validation,2016-03-28,3,7.981631691202424,15.0,0,2,15.963263382404849,15.0,True,False,Stockout Risk
FOODS_2_094_CA_1_validation,2016-04-04,12,5.803331999304561,17.0,0,2,11.606663998609122,17.0,False,False,Normal
FOODS_2_094_CA_1_validation,2016-04-11,8,8.375247943402677,16.0,0,2,16.750495886805354,16.0,True,False,Stockout Risk
FOODS_2_094_CA_1_validation,2016-04-18,0,8.159207834826589,12.0,0,2,16.318415669653177,12.0,True,False,Stockout Risk
FOODS_2_095_CA_1_validation,2016-03-14,5,3.936992312524173,10.0,0,2,7.873984625048346,10.0,False,False,Normal
FOODS_2_095_CA_1_validation,2016-03-21,1,4.602965019271995,6.0,0,2,9.20593003854399,6.0,True,False,Stockout Risk
FOODS_2_095_CA_1_validation,2016-03-28,5,3.150074467257172,7.0,0,2,6.300148934514344,7.0,False,False,Normal
FOODS_2_095_CA_1_validation,2016-04-04,7,4.5078827374781305,9.0,0,2,9.015765474956261,9.0,True,False,Stockout Risk
FOODS_2_095_CA_1_validation,2016-04-11,5,5.079217904701333,9.0,0,2,10.158435809402667,9.0,True,False,Stockout Risk
FOODS_2_095_CA_1_validation,2016-04-18,2,4.84171490812358,10.0,0,2,9.68342981624716,10.0,False,False,Normal
FOODS_2_096_CA_1_validation,2016-03-14,0,3.395281774296943,0.0,0,2,6.790563548593886,0.0,True,False,Stockout Risk
FOODS_2_096_CA_1_validation,2016-03-21,3,1.0272999898479327,3.0,0,2,2.0545999796958654,3.0,False,False,Normal
FOODS_2_096_CA_1_validation,2016-03-28,1,3.5381730831825418,3.0,0,2,7.0763461663650835,3.0,True,False,Stockout Risk
FOODS_2_096_CA_1_validation,2016-04-04,0,2.5054386273996148,2.0,0,2,5.0108772547992295,2.0,True,False,Stockout Risk
FOODS_2_096_CA_1_validation,2016-04-11,1,1.059578874027394,2.0,0,2,2.119157748054788,2.0,True,False,Stockout Risk
FOODS_2_096_CA_1_validation,2016-04-18,2,2.2554961650392777,2.0,0,2,4.5109923300785555,2.0,True,False,Stockout Risk
FOODS_2_097_CA_1_validation,2016-03-14,3,3.453620616643407,6.0,0,2,6.907241233286814,6.0,True,False,Stockout Risk
FOODS_2_097_CA_1_validation,2016-03-21,5,3.55660335211195,8.0,0,2,7.1132067042239,8.0,False,False,Normal
FOODS_2_097_CA_1_validation,2016-03-28,3,4.35942065993996,7.0,0,2,8.71884131987992,7.0,True,False,Stockout Risk
FOODS_2_097_CA_1_validation,2016-04-04,1,4.000596649706629,6.0,0,2,8.001193299413258,6.0,True,False,Stockout Risk
FOODS_2_097_CA_1_validation,2016-04-11,3,2.589248378827544,6.0,0,2,5.178496757655088,6.0,False,False,Normal
FOODS_2_097_CA_1_validation,2016-04-18,3,3.4026594795989875,5.0,0,2,6.805318959197975,5.0,True,False,Stockout Risk
FOODS_2_099_CA_1_validation,2016-03-14,6,8.661869412475765,12.0,0,2,17.32373882495153,12.0,True,False,Stockout Risk
FOODS_2_099_CA_1_validation,2016-03-21,4,7.875575404122554,10.0,0,2,15.751150808245107,10.0,True,False,Stockout Risk
FOODS_2_099_CA_1_validation,2016-03-28,8,6.480131422006144,12.0,0,2,12.960262844012288,12.0,True,False,Stockout Risk
FOODS_2_099_CA_1_validation,2016-04-04,5,7.364763133977026,12.0,0,2,14.729526267954052,12.0,True,False,Stockout Risk
FOODS_2_099_CA_1_validation,2016-04-11,8,6.208614322550259,12.0,0,2,12.417228645100518,12.0,True,False,Stockout Risk
FOODS_2_099_CA_1_validation,2016-04-18,5,6.602989377449494,13.0,0,2,13.205978754898988,13.0,True,False,Stockout Risk
FOODS_2_100_CA_1_validation,2016-03-14,3,4.694890057504816,6.0,0,2,9.389780115009632,6.0,True,False,Stockout Risk
FOODS_2_100_CA_1_validation,2016-03-21,13,4.51373062803679,16.0,0,2,9.02746125607358,16.0,False,False,Normal
FOODS_2_100_CA_1_validation,2016-03-28,6,7.148120138707177,15.0,0,2,14.296240277414354,15.0,False,False,Normal
FOODS_2_100_CA_1_validation,2016-04-04,11,6.951008178652974,16.0,0,2,13.902016357305948,16.0,False,False,Normal
FOODS_2_100_CA_1_validation,2016-04-11,8,8.253598737675837,19.0,0,2,16.507197475351674,19.0,False,False,Normal
FOODS_2_100_CA_1_validation,2016-04-18,7,8.094457241188874,16.0,0,2,16.188914482377747,16.0,True,False,Stockout Risk
FOODS_2_101_CA_1_validation,2016-03-14,6,13.963489159632536,12.0,0,2,27.92697831926507,12.0,True,False,Stockout Risk
FOODS_2_101_CA_1_validation,2016-03-21,12,10.368385222455949,18.0,0,2,20.736770444911897,18.0,True,False,Stockout Risk
FOODS_2_101_CA_1_validation,2016-03-28,18,10.226379808577454,24.0,0,2,20.452759617154907,24.0,False,False,Normal
FOODS_2_101_CA_1_validation,2016-04-04,13,13.17130290289614,24.0,0,2,26.34260580579228,24.0,True,False,Stockout Risk
FOODS_2_101_CA_1_validation,2016-04-11,14,11.814953466972849,28.0,0,2,23.629906933945698,28.0,False,False,Normal
FOODS_2_101_CA_1_validation,2016-04-18,15,13.472561073051558,30.0,0,2,26.945122146103117,30.0,False,False,Normal
FOODS_2_102_CA_1_validation,2016-03-14,7,8.804805639426142,14.0,0,2,17.609611278852284,14.0,True,False,Stockout Risk
FOODS_2_102_CA_1_validation,2016-03-21,10,7.877758164415753,17.0,0,2,15.755516328831506,17.0,False,False,Normal
FOODS_2_102_CA_1_validation,2016-03-28,9,8.169960393808296,17.0,0,2,16.33992078761659,17.0,False,False,Normal
FOODS_2_102_CA_1_validation,2016-04-04,7,9.021330660634344,16.0,0,2,18.04266132126869,16.0,True,False,Stockout Risk
FOODS_2_102_CA_1_validation,2016-04-11,8,7.982207982237586,17.0,0,2,15.964415964475172,17.0,False,False,Normal
FOODS_2_102_CA_1_validation,2016-04-18,3,8.520103894726706,14.0,0,2,17.04020778945341,14.0,True,False,Stockout Risk
FOODS_2_103_CA_1_validation,2016-03-14,14,8.915537779226337,28.0,0,2,17.831075558452675,28.0,False,False,Normal
FOODS_2_103_CA_1_validation,2016-03-21,12,10.558380142500267,26.0,0,2,21.116760285000534,26.0,False,False,Normal
FOODS_2_103_CA_1_validation,2016-03-28,6,10.4811009323412,21.0,0,2,20.9622018646824,21.0,False,False,Normal
FOODS_2_103_CA_1_validation,2016-04-04,11,9.686117000259586,22.0,0,2,19.37223400051917,22.0,False,False,Normal
FOODS_2_103_CA_1_validation,2016-04-11,4,9.67220189828459,16.0,0,2,19.34440379656918,16.0,True,False,Stockout Risk
FOODS_2_103_CA_1_validation,2016-04-18,7,7.976982017293006,14.0,0,2,15.953964034586011,14.0,True,False,Stockout Risk
FOODS_2_104_CA_1_validation,2016-03-14,5,6.09267703044181,10.0,0,2,12.18535406088362,10.0,True,False,Stockout Risk
FOODS_2_104_CA_1_validation,2016-03-21,4,5.86367148868386,9.0,0,2,11.72734297736772,9.0,True,False,Stockout Risk
FOODS_2_104_CA_1_validation,2016-03-28,4,5.584965001790486,9.0,0,2,11.169930003580973,9.0,True,False,Stockout Risk
FOODS_2_104_CA_1_validation,2016-04-04,5,5.107879272629461,9.0,0,2,10.215758545258922,9.0,True,False,Stockout Risk
FOODS_2_104_CA_1_validation,2016-04-11,1,4.983166447044463,7.0,0,2,9.966332894088927,7.0,True,False,Stockout Risk
FOODS_2_104_CA_1_validation,2016-04-18,3,3.52733288498404,6.0,0,2,7.05466576996808,6.0,True,False,Stockout Risk
FOODS_2_105_CA_1_validation,2016-03-14,2,12.438393869186724,4.0,0,2,24.876787738373448,4.0,True,False,Stockout Risk
FOODS_2_105_CA_1_validation,2016-03-21,5,8.008197570189271,7.0,0,2,16.016395140378542,7.0,True,False,Stockout Risk
FOODS_2_105_CA_1_validation,2016-03-28,7,7.90635806217132,9.0,0,2,15.81271612434264,9.0,True,False,Stockout Risk
FOODS_2_105_CA_1_validation,2016-04-04,5,8.70796255844827,10.0,0,2,17.41592511689654,10.0,True,False,Stockout Risk
FOODS_2_105_CA_1_validation,2016-04-11,0,6.653756962310463,8.0,0,2,13.307513924620926,8.0,True,False,Stockout Risk
FOODS_2_105_CA_1_validation,2016-04-18,3,3.012577962508928,8.0,0,2,6.025155925017856,8.0,False,False,Normal
FOODS_2_106_CA_1_validation,2016-03-14,2,5.24818640953603,4.0,0,2,10.49637281907206,4.0,True,False,Stockout Risk
FOODS_2_106_CA_1_validation,2016-03-21,3,3.8885833715676568,5.0,0,2,7.7771667431353135,5.0,True,False,Stockout Risk
FOODS_2_106_CA_1_validation,2016-03-28,6,3.656482123540154,7.0,0,2,7.312964247080308,7.0,True,False,Stockout Risk
FOODS_2_106_CA_1_validation,2016-04-04,8,5.097872860282214,10.0,0,2,10.195745720564428,10.0,True,False,Stockout Risk
FOODS_2_106_CA_1_validation,2016-04-11,2,5.863216161255835,10.0,0,2,11.72643232251167,10.0,True,False,Stockout Risk
FOODS_2_106_CA_1_validation,2016-04-18,2,4.310750930833233,9.0,0,2,8.621501861666466,9.0,False,False,Normal
FOODS_2_107_CA_1_validation,2016-03-14,3,7.812800636318827,6.0,0,2,15.625601272637654,6.0,True,False,Stockout Risk
FOODS_2_107_CA_1_validation,2016-03-21,6,5.809761328029351,9.0,0,2,11.619522656058702,9.0,True,False,Stockout Risk
FOODS_2_107_CA_1_validation,2016-03-28,7,7.265371239370985,11.0,0,2,14.53074247874197,11.0,True,False,Stockout Risk
FOODS_2_107_CA_1_validation,2016-04-04,8,6.16468102304489,12.0,0,2,12.32936204608978,12.0,True,False,Stockout Risk
FOODS_2_107_CA_1_validation,2016-04-11,8,6.567702976710331,14.0,0,2,13.135405953420662,14.0,False,False,Normal
FOODS_2_107_CA_1_validation,2016-04-18,9,7.23364872449991,16.0,0,2,14.46729744899982,16.0,False,False,Normal
FOODS_2_108_CA_1_validation,2016-03-14,0,1.1241322714248425,0.0,0,2,2.248264542849685,0.0,True,False,Stockout Risk
FOODS_2_108_CA_1_validation,2016-03-21,0,1.1295502741483376,0.0,0,2,2.2591005482966753,0.0,True,False,Stockout Risk
FOODS_2_108_CA_1_validation,2016-03-28,0,0.967157905556561,0.0,0,2,1.934315811113122,0.0,True,False,Stockout Risk
FOODS_2_108_CA_1_validation,2016-04-04,0,0.6371888948395761,0.0,0,2,1.2743777896791522,0.0,True,False,Stockout Risk
FOODS_2_108_CA_1_validation,2016-04-11,0,0.39079000161867,0.0,0,2,0.78158000323734,0.0,True,False,Stockout Risk
FOODS_2_108_CA_1_validation,2016-04-18,5,0.39079000161867,2.0,0,2,0.78158000323734,2.0,False,False,Normal
FOODS_2_109_CA_1_validation,2016-03-14,14,9.215725401818256,28.0,0,2,18.431450803636512,28.0,False,False,Normal
FOODS_2_109_CA_1_validation,2016-03-21,12,10.98679620883902,26.0,0,2,21.97359241767804,26.0,False,False,Normal
FOODS_2_109_CA_1_validation,2016-03-28,9,10.418926128188314,23.0,0,2,20.837852256376628,23.0,False,False,Normal
FOODS_2_109_CA_1_validation,2016-04-04,5,10.438804331559613,20.0,0,2,20.877608663119226,20.0,True,False,Stockout Risk
FOODS_2_109_CA_1_validation,2016-04-11,13,8.610149839974666,20.0,0,2,17.22029967994933,20.0,False,False,Normal
FOODS_2_109_CA_1_validation,2016-04-18,12,9.841095987138612,20.0,0,2,19.682191974277224,20.0,False,False,Normal
FOODS_2_110_CA_1_validation,2016-03-14,14,12.970180536709938,28.0,0,2,25.940361073419876,28.0,False,False,Normal
FOODS_2_110_CA_1_validation,2016-03-21,14,13.258428322482128,28.0,0,2,26.516856644964257,28.0,False,False,Normal
FOODS_2_110_CA_1_validation,2016-03-28,14,13.185943578254683,28.0,0,2,26.371887156509366,28.0,False,False,Normal
FOODS_2_110_CA_1_validation,2016-04-04,5,12.261427806281066,24.0,0,2,24.522855612562132,24.0,True,False,Stockout Risk
FOODS_2_110_CA_1_validation,2016-04-11,14,9.40086522920901,24.0,0,2,18.80173045841802,24.0,False,False,Normal
FOODS_2_110_CA_1_validation,2016-04-18,10,11.457292143646402,22.0,0,2,22.914584287292804,22.0,True,False,Stockout Risk
FOODS_2_111_CA_1_validation,2016-03-14,5,3.3582582070495666,10.0,0,2,6.716516414099133,10.0,False,False,Normal
FOODS_2_111_CA_1_validation,2016-03-21,2,4.074369770962397,7.0,0,2,8.148739541924794,7.0,True,False,Stockout Risk
FOODS_2_111_CA_1_validation,2016-03-28,1,3.252010023752689,5.0,0,2,6.504020047505378,5.0,True,False,Stockout Risk
FOODS_2_111_CA_1_validation,2016-04-04,0,2.7891042417337104,4.0,0,2,5.578208483467421,4.0,True,False,Stockout Risk
FOODS_2_111_CA_1_validation,2016-04-11,0,0.9792966638200388,2.0,0,2,1.9585933276400775,2.0,False,False,Normal
FOODS_2_111_CA_1_validation,2016-04-18,0,0.9191545795286676,0.0,0,2,1.8383091590573353,0.0,True,False,Stockout Risk
FOODS_2_112_CA_1_validation,2016-03-14,5,8.52454141435953,10.0,0,2,17.04908282871906,10.0,True,False,Stockout Risk
FOODS_2_112_CA_1_validation,2016-03-21,8,7.52971466042056,13.0,0,2,15.05942932084112,13.0,True,False,Stockout Risk
FOODS_2_112_CA_1_validation,2016-03-28,12,7.748489569809181,17.0,0,2,15.496979139618363,17.0,False,False,Normal
FOODS_2_112_CA_1_validation,2016-04-04,15,9.146489866742236,20.0,0,2,18.292979733484472,20.0,False,False,Normal
FOODS_2_112_CA_1_validation,2016-04-11,12,10.359719942839734,24.0,0,2,20.719439885679467,24.0,False,False,Normal
FOODS_2_112_CA_1_validation,2016-04-18,16,9.98227574505666,28.0,0,2,19.96455149011332,28.0,False,False,Normal
FOODS_2_113_CA_1_validation,2016-03-14,4,7.130715083420794,8.0,0,2,14.261430166841588,8.0,True,False,Stockout Risk
FOODS_2_113_CA_1_validation,2016-03-21,4,5.667753057007048,8.0,0,2,11.335506114014096,8.0,True,False,Stockout Risk
FOODS_2_113_CA_1_validation,2016-03-28,13,5.076007367625909,14.0,0,2,10.152014735251818,14.0,False,False,Normal
FOODS_2_113_CA_1_validation,2016-04-04,5,7.878586739855142,13.0,0,2,15.757173479710284,13.0,True,False,Stockout Risk
FOODS_2_113_CA_1_validation,2016-04-11,3,6.958045489073258,12.0,0,2,13.916090978146515,12.0,True,False,Stockout Risk
FOODS_2_113_CA_1_validation,2016-04-18,7,5.54589461684586,14.0,0,2,11.09178923369172,14.0,False,False,Normal
FOODS_2_114_CA_1_validation,2016-03-14,2,2.9543713646225074,4.0,0,2,5.908742729245015,4.0,True,False,Stockout Risk
FOODS_2_114_CA_1_validation,2016-03-21,2,2.9027132287820128,4.0,0,2,5.8054264575640255,4.0,True,False,Stockout Risk
FOODS_2_114_CA_1_validation,2016-03-28,1,3.2286587781147547,3.0,0,2,6.457317556229509,3.0,True,False,Stockout Risk
FOODS_2_114_CA_1_validation,2016-04-04,5,2.5054386273996148,5.0,0,2,5.0108772547992295,5.0,True,False,Stockout Risk
FOODS_2_114_CA_1_validation,2016-04-11,5,3.788562398862979,6.0,0,2,7.577124797725958,6.0,True,False,Stockout Risk
FOODS_2_114_CA_1_validation,2016-04-18,6,3.9618379422855288,8.0,0,2,7.9236758845710575,8.0,False,False,Normal
FOODS_2_115_CA_1_validation,2016-03-14,16,25.2016908345238,32.0,0,2,50.4033816690476,32.0,True,False,Stockout Risk
FOODS_2_115_CA_1_validation,2016-03-21,10,20.184249843795698,26.0,0,2,40.368499687591395,26.0,True,False,Stockout Risk
FOODS_2_115_CA_1_validation,2016-03-28,14,17.00650364688983,27.0,0,2,34.01300729377966,27.0,True,False,Stockout Risk
FOODS_2_115_CA_1_validation,2016-04-04,22,17.855200712428257,31.0,0,2,35.710401424856514,31.0,True,False,Stockout Risk
FOODS_2_115_CA_1_validation,2016-04-11,14,19.09627716607368,30.0,0,2,38.19255433214736,30.0,True,False,Stockout Risk
FOODS_2_115_CA_1_validation,2016-04-18,10,14.80631626888187,30.0,0,2,29.61263253776374,30.0,False,False,Normal
FOODS_2_116_CA_1_validation,2016-03-14,3,6.802001983596368,6.0,0,2,13.604003967192735,6.0,True,False,Stockout Risk
FOODS_2_116_CA_1_validation,2016-03-21,6,4.976013588450822,9.0,0,2,9.952027176901645,9.0,True,False,Stockout Risk
FOODS_2_116_CA_1_validation,2016-03-28,9,5.262744397837484,12.0,0,2,10.525488795674969,12.0,False,False,Normal
FOODS_2_116_CA_1_validation,2016-04-04,9,6.715304167424288,14.0,0,2,13.430608334848577,14.0,False,False,Normal
FOODS_2_116_CA_1_validation,2016-04-11,11,7.489899428976483,18.0,0,2,14.979798857952966,18.0,False,False,Normal
FOODS_2_116_CA_1_validation,2016-04-18,5,8.453970404521659,17.0,0,2,16.907940809043318,17.0,False,False,Normal
FOODS_2_117_CA_1_validation,2016-03-14,2,4.39406953557404,4.0,0,2,8.78813907114808,4.0,True,False,Stockout Risk
FOODS_2_117_CA_1_validation,2016-03-21,5,3.200937145272601,7.0,0,2,6.401874290545202,7.0,False,False,Normal
FOODS_2_117_CA_1_validation,2016-03-28,6,4.088928073118888,9.0,0,2,8.177856146237776,9.0,False,False,Normal
FOODS_2_117_CA_1_validation,2016-04-04,10,5.084051252641197,12.0,0,2,10.168102505282395,12.0,False,False,Normal
FOODS_2_117_CA_1_validation,2016-04-11,9,6.315331983470975,15.0,0,2,12.63066396694195,15.0,False,False,Normal
FOODS_2_117_CA_1_validation,2016-04-18,5,7.0398552754956345,15.0,0,2,14.079710550991269,15.0,False,False,Normal
FOODS_2_118_CA_1_validation,2016-03-14,1,3.0774241731692413,2.0,0,2,6.154848346338483,2.0,True,False,Stockout Risk
FOODS_2_118_CA_1_validation,2016-03-21,2,2.862704707405826,3.0,0,2,5.725409414811652,3.0,True,False,Stockout Risk
FOODS_2_118_CA_1_validation,2016-03-28,4,2.8561701984672734,5.0,0,2,5.712340396934547,5.0,True,False,Stockout Risk
FOODS_2_118_CA_1_validation,2016-04-04,4,3.5547774371548617,6.0,0,2,7.109554874309723,6.0,True,False,Stockout Risk
FOODS_2_118_CA_1_validation,2016-04-11,7,3.690245324423285,8.0,0,2,7.38049064884657,8.0,False,False,Normal
FOODS_2_118_CA_1_validation,2016-04-18,1,5.257538490174545,8.0,0,2,10.51507698034909,8.0,True,False,Stockout Risk
FOODS_2_119_CA_1_validation,2016-03-14,10,14.851856101817468,20.0,0,2,29.703712203634936,20.0,True,False,Stockout Risk
FOODS_2_119_CA_1_validation,2016-03-21,8,13.191450531993956,18.0,0,2,26.382901063987912,18.0,True,False,Stockout Risk
FOODS_2_119_CA_1_validation,2016-03-28,17,11.955040792803942,23.0,0,2,23.910081585607884,23.0,True,False,Stockout Risk
FOODS_2_119_CA_1_validation,2016-04-04,15,14.229497965703803,25.0,0,2,28.458995931407607,25.0,True,False,Stockout Risk
FOODS_2_119_CA_1_validation,2016-04-11,24,12.832190200461516,32.0,0,2,25.664380400923033,32.0,False,False,Normal
FOODS_2_119_CA_1_validation,2016-04-18,9,16.594757437943475,32.0,0,2,33.18951487588695,32.0,True,False,Stockout Risk
FOODS_2_120_CA_1_validation,2016-03-14,2,8.192476280126948,4.0,0,2,16.384952560253897,4.0,True,False,Stockout Risk
FOODS_2_120_CA_1_validation,2016-03-21,0,6.271264322386477,2.0,0,2,12.542528644772954,2.0,True,False,Stockout Risk
FOODS_2_120_CA_1_validation,2016-03-28,13,2.3403682527237653,10.0,0,2,4.6807365054475305,10.0,False,False,Normal
FOODS_2_120_CA_1_validation,2016-04-04,9,9.553504711479857,12.0,0,2,19.107009422959713,12.0,True,False,Stockout Risk
FOODS_2_120_CA_1_validation,2016-04-11,2,6.937880964987275,12.0,0,2,13.87576192997455,12.0,True,False,Stockout Risk
FOODS_2_120_CA_1_validation,2016-04-18,0,5.718064650994241,12.0,0,2,11.436129301988482,12.0,False,False,Normal
FOODS_2_121_CA_1_validation,2016-03-14,6,8.931185513216711,12.0,0,2,17.862371026433422,12.0,True,False,Stockout Risk
FOODS_2_121_CA_1_validation,2016-03-21,3,6.4126812548591845,9.0,0,2,12.825362509718369,9.0,True,False,Stockout Risk
FOODS_2_121_CA_1_validation,2016-03-28,7,5.931036070421396,11.0,0,2,11.862072140842791,11.0,True,False,Stockout Risk
FOODS_2_121_CA_1_validation,2016-04-04,5,6.190375973947391,10.0,0,2,12.380751947894781,10.0,True,False,Stockout Risk
FOODS_2_121_CA_1_validation,2016-04-11,6,5.661053588152422,10.0,0,2,11.322107176304844,10.0,True,False,Stockout Risk
FOODS_2_121_CA_1_validation,2016-04-18,8,5.310365211391353,13.0,0,2,10.620730422782707,13.0,False,False,Normal
FOODS_2_122_CA_1_validation,2016-03-14,7,4.088928073118888,14.0,0,2,8.177856146237776,14.0,False,False,Normal
FOODS_2_122_CA_1_validation,2016-03-21,1,5.093151487220553,8.0,0,2,10.186302974441107,8.0,True,False,Stockout Risk
FOODS_2_122_CA_1_validation,2016-03-28,3,3.290583727676661,7.0,0,2,6.581167455353322,7.0,False,False,Normal
FOODS_2_122_CA_1_validation,2016-04-04,5,4.30364943972182,8.0,0,2,8.60729887944364,8.0,True,False,Stockout Risk
FOODS_2_122_CA_1_validation,2016-04-11,2,4.489696496079652,6.0,0,2,8.979392992159305,6.0,True,False,Stockout Risk
FOODS_2_122_CA_1_validation,2016-04-18,4,3.603539834594346,7.0,0,2,7.207079669188692,7.0,True,False,Stockout Risk
FOODS_2_123_CA_1_validation,2016-03-14,7,3.749827511462698,14.0,0,2,7.499655022925396,14.0,False,False,Normal
FOODS_2_123_CA_1_validation,2016-03-21,4,5.277900053556444,11.0,0,2,10.555800107112889,11.0,False,False,Normal
FOODS_2_123_CA_1_validation,2016-03-28,5,4.709750064926095,11.0,0,2,9.41950012985219,11.0,False,False,Normal
FOODS_2_123_CA_1_validation,2016-04-04,3,5.271845275264013,10.0,0,2,10.543690550528027,10.0,True,False,Stockout Risk
FOODS_2_123_CA_1_validation,2016-04-11,7,4.611236572576549,10.0,0,2,9.222473145153097,10.0,False,False,Normal
FOODS_2_123_CA_1_validation,2016-04-18,3,5.394595590061017,9.0,0,2,10.789191180122033,9.0,True,False,Stockout Risk
FOODS_2_124_CA_1_validation,2016-03-14,0,3.723731913531832,0.0,0,2,7.447463827063664,0.0,True,False,Stockout Risk
FOODS_2_124_CA_1_validation,2016-03-21,2,1.327515675551586,2.0,0,2,2.655031351103172,2.0,True,False,Stockout Risk
FOODS_2_124_CA_1_validation,2016-03-28,3,2.899169659642582,3.0,0,2,5.798339319285164,3.0,True,False,Stockout Risk
FOODS_2_124_CA_1_validation,2016-04-04,3,3.3653927584857963,4.0,0,2,6.730785516971593,4.0,True,False,Stockout Risk
FOODS_2_124_CA_1_validation,2016-04-11,4,3.339184883341937,6.0,0,2,6.678369766683874,6.0,True,False,Stockout Risk
FOODS_2_124_CA_1_validation,2016-04-18,4,3.7134193615418143,7.0,0,2,7.426838723083629,7.0,True,False,Stockout Risk
FOODS_2_125_CA_1_validation,2016-03-14,2,6.379868588523167,4.0,0,2,12.759737177046334,4.0,True,False,Stockout Risk
FOODS_2_125_CA_1_validation,2016-03-21,6,4.675501267683233,8.0,0,2,9.351002535366465,8.0,True,False,Stockout Risk
FOODS_2_125_CA_1_validation,2016-03-28,2,5.337576570796508,7.0,0,2,10.675153141593016,7.0,True,False,Stockout Risk
FOODS_2_125_CA_1_validation,2016-04-04,8,4.815407748343168,9.0,0,2,9.630815496686337,9.0,True,False,Stockout Risk
FOODS_2_125_CA_1_validation,2016-04-11,7,5.715173356749102,12.0,0,2,11.430346713498205,12.0,False,False,Normal
FOODS_2_125_CA_1_validation,2016-04-18,7,5.919767785477126,12.0,0,2,11.839535570954252,12.0,False,False,Normal
FOODS_2_126_CA_1_validation,2016-03-14,9,7.729742825715298,18.0,0,2,15.459485651430596,18.0,False,False,Normal
FOODS_2_126_CA_1_validation,2016-03-21,9,8.331517230569425,18.0,0,2,16.66303446113885,18.0,False,False,Normal
FOODS_2_126_CA_1_validation,2016-03-28,4,8.471243375970479,15.0,0,2,16.942486751940958,15.0,True,False,Stockout Risk
FOODS_2_126_CA_1_validation,2016-04-04,13,6.750198661816649,18.0,0,2,13.500397323633297,18.0,False,False,Normal
FOODS_2_126_CA_1_validation,2016-04-11,9,8.944431802354215,18.0,0,2,17.88886360470843,18.0,False,False,Normal
FOODS_2_126_CA_1_validation,2016-04-18,13,8.76553308028948,20.0,0,2,17.53106616057896,20.0,False,False,Normal
FOODS_2_127_CA_1_validation,2016-03-14,0,0.9994463211354212,0.0,0,2,1.9988926422708424,0.0,True,False,Stockout Risk
FOODS_2_127_CA_1_validation,2016-03-21,0,0.9740425896026316,0.0,0,2,1.9480851792052631,0.0,True,False,Stockout Risk
FOODS_2_127_CA_1_validation,2016-03-28,0,0.9740425896026316,0.0,0,2,1.9480851792052631,0.0,True,False,Stockout Risk
FOODS_2_127_CA_1_validation,2016-04-04,0,0.620652952628351,0.0,0,2,1.241305905256702,0.0,True,False,Stockout Risk
FOODS_2_127_CA_1_validation,2016-04-11,0,0.39079000161867,0.0,0,2,0.78158000323734,0.0,True,False,Stockout Risk
FOODS_2_127_CA_1_validation,2016-04-18,6,0.3742540594074448,3.0,0,2,0.7485081188148895,3.0,False,False,Normal
FOODS_2_128_CA_1_validation,2016-03-14,33,42.152163296878136,66.0,0,2,84.30432659375627,66.0,True,False,Stockout Risk
FOODS_2_128_CA_1_validation,2016-03-21,44,35.026262529984464,77.0,0,2,70.05252505996893,77.0,False,False,Normal
FOODS_2_128_CA_1_validation,2016-03-28,58,40.52282523541258,90.0,0,2,81.04565047082517,90.0,False,False,Normal
FOODS_2_128_CA_1_validation,2016-04-04,87,55.856996438536505,111.0,0,2,111.71399287707301,111.0,True,False,Stockout Risk
FOODS_2_128_CA_1_validation,2016-04-11,39,70.47509208695132,114.0,0,2,140.95018417390264,114.0,True,False,Stockout Risk
FOODS_2_128_CA_1_validation,2016-04-18,21,50.32675950794672,102.0,0,2,100.65351901589344,102.0,False,False,Normal
FOODS_2_129_CA_1_validation,2016-03-14,0,2.3235931315761564,0.0,0,2,4.647186263152313,0.0,True,False,Stockout Risk
FOODS_2_129_CA_1_validation,2016-03-21,2,1.043850061217488,2.0,0,2,2.087700122434976,2.0,True,False,Stockout Risk
FOODS_2_129_CA_1_validation,2016-03-28,0,2.8526266293278426,1.0,0,2,5.705253258655685,1.0,True,False,Stockout Risk
FOODS_2_129_CA_1_validation,2016-04-04,0,1.2256955570409458,1.0,0,2,2.4513911140818916,1.0,True,False,Stockout Risk
FOODS_2_129_CA_1_validation,2016-04-11,0,0.8747508394466008,1.0,0,2,1.7495016788932016,1.0,True,False,Stockout Risk
FOODS_2_129_CA_1_validation,2016-04-18,2,0.9191545795286676,1.0,0,2,1.8383091590573353,1.0,True,False,Stockout Risk
FOODS_2_130_CA_1_validation,2016-03-14,17,13.247128763333142,34.0,0,2,26.494257526666285,34.0,False,False,Normal
FOODS_2_130_CA_1_validation,2016-03-21,9,14.27224712319632,26.0,0,2,28.54449424639264,26.0,True,False,Stockout Risk
FOODS_2_130_CA_1_validation,2016-03-28,9,12.55357685603699,23.0,0,2,25.10715371207398,23.0,True,False,Stockout Risk
FOODS_2_130_CA_1_validation,2016-04-04,8,10.240657669761212,22.0,0,2,20.481315339522425,22.0,False,False,Normal
FOODS_2_130_CA_1_validation,2016-04-11,8,10.513044680335115,17.0,0,2,21.02608936067023,17.0,True,False,Stockout Risk
FOODS_2_130_CA_1_validation,2016-04-18,10,9.827413656568512,18.0,0,2,19.654827313137023,18.0,True,False,Stockout Risk
FOODS_2_131_CA_1_validation,2016-03-14,28,44.34362051604421,56.0,0,2,88.68724103208842,56.0,True,False,Stockout Risk
FOODS_2_131_CA_1_validation,2016-03-21,42,33.83767067174603,70.0,0,2,67.67534134349206,70.0,False,False,Normal
FOODS_2_131_CA_1_validation,2016-03-28,36,39.5085708489089,71.0,0,2,79.0171416978178,71.0,True,False,Stockout Risk
FOODS_2_131_CA_1_validation,2016-04-04,48,40.12540951236722,77.0,0,2,80.25081902473444,77.0,True,False,Stockout Risk
FOODS_2_131_CA_1_validation,2016-04-11,23,40.07776782545532,74.0,0,2,80.15553565091064,74.0,True,False,Stockout Risk
FOODS_2_131_CA_1_validation,2016-04-18,22,31.36686610095075,64.0,0,2,62.7337322019015,64.0,False,False,Normal
FOODS_2_132_CA_1_validation,2016-03-14,0,3.92697471036122,0.0,0,2,7.85394942072244,0.0,True,False,Stockout Risk
FOODS_2_132_CA_1_validation,2016-03-21,0,1.3109656041820306,0.0,0,2,2.621931208364061,0.0,True,False,Stockout Risk
FOODS_2_132_CA_1_validation,2016-03-28,0,0.967157905556561,0.0,0,2,1.934315811113122,0.0,True,False,Stockout Risk
FOODS_2_132_CA_1_validation,2016-04-04,0,1.165553472749575,0.0,0,2,2.33110694549915,0.0,True,False,Stockout Risk
FOODS_2_132_CA_1_validation,2016-04-11,7,0.3613841624801346,4.0,0,2,0.7227683249602692,4.0,False,False,Normal
FOODS_2_132_CA_1_validation,2016-04-18,9,6.195390461400704,8.0,0,2,12.390780922801408,8.0,True,False,Stockout Risk
FOODS_2_133_CA_1_validation,2016-03-14,5,4.4053451144317854,10.0,0,2,8.810690228863571,10.0,False,False,Normal
FOODS_2_133_CA_1_validation,2016-03-21,7,4.461173615172156,12.0,0,2,8.922347230344313,12.0,False,False,Normal
FOODS_2_133_CA_1_validation,2016-03-28,2,5.43132308847771,9.0,0,2,10.86264617695542,9.0,True,False,Stockout Risk
FOODS_2_133_CA_1_validation,2016-04-04,5,4.374833817885423,10.0,0,2,8.749667635770846,10.0,False,False,Normal
FOODS_2_133_CA_1_validation,2016-04-11,6,4.825091550260971,10.0,0,2,9.650183100521941,10.0,False,False,Normal
FOODS_2_133_CA_1_validation,2016-04-18,12,5.049500114847691,12.0,0,2,10.099000229695381,12.0,False,False,Normal
FOODS_2_134_CA_1_validation,2016-03-14,7,10.452122460361007,14.0,0,2,20.904244920722014,14.0,True,False,Stockout Risk
FOODS_2_134_CA_1_validation,2016-03-21,13,9.486563772435064,20.0,0,2,18.973127544870128,20.0,False,False,Normal
FOODS_2_134_CA_1_validation,2016-03-28,8,9.906269772641098,19.0,0,2,19.812539545282196,19.0,True,False,Stockout Risk
FOODS_2_134_CA_1_validation,2016-04-04,13,10.00183708690884,20.0,0,2,20.00367417381768,20.0,True,False,Stockout Risk
FOODS_2_134_CA_1_validation,2016-04-11,13,10.339620625338943,24.0,0,2,20.679241250677887,24.0,False,False,Normal
FOODS_2_134_CA_1_validation,2016-04-18,10,10.651253326392458,22.0,0,2,21.302506652784917,22.0,False,False,Normal
FOODS_2_135_CA_1_validation,2016-03-14,10,7.202456727527284,20.0,0,2,14.404913455054569,20.0,False,False,Normal
FOODS_2_135_CA_1_validation,2016-03-21,7,7.442261448952223,17.0,0,2,14.884522897904446,17.0,False,False,Normal
FOODS_2_135_CA_1_validation,2016-03-28,18,8.399140758623362,23.0,0,2,16.798281517246725,23.0,False,False,Normal
FOODS_2_135_CA_1_validation,2016-04-04,5,11.18312834795927,20.0,0,2,22.36625669591854,20.0,True,False,Stockout Risk
FOODS_2_135_CA_1_validation,2016-04-11,11,8.640426630416329,20.0,0,2,17.280853260832657,20.0,False,False,Normal
FOODS_2_135_CA_1_validation,2016-04-18,11,9.04379399058373,22.0,0,2,18.08758798116746,22.0,False,False,Normal
FOODS_2_136_CA_1_validation,2016-03-14,5,4.025478470709438,10.0,0,2,8.050956941418876,10.0,False,False,Normal
FOODS_2_136_CA_1_validation,2016-03-21,5,4.326037241654673,10.0,0,2,8.652074483309345,10.0,False,False,Normal
FOODS_2_136_CA_1_validation,2016-03-28,3,4.395931517607346,9.0,0,2,8.791863035214693,9.0,False,False,Normal
FOODS_2_136_CA_1_validation,2016-04-04,5,4.415823650673137,9.0,0,2,8.831647301346274,9.0,False,False,Normal
FOODS_2_136_CA_1_validation,2016-04-11,4,4.663863609711799,8.0,0,2,9.327727219423599,8.0,True,False,Stockout Risk
FOODS_2_136_CA_1_validation,2016-04-18,0,4.405352466436036,6.0,0,2,8.810704932872072,6.0,True,False,Stockout Risk
FOODS_2_137_CA_1_validation,2016-03-14,6,5.639465533823051,12.0,0,2,11.278931067646102,12.0,False,False,Normal
FOODS_2_137_CA_1_validation,2016-03-21,1,5.470550185883557,7.0,0,2,10.941100371767114,7.0,True,False,Stockout Risk
FOODS_2_137_CA_1_validation,2016-03-28,8,3.9425525339462935,10.0,0,2,7.885105067892587,10.0,False,False,Normal
FOODS_2_137_CA_1_validation,2016-04-04,7,5.803139598287712,11.0,0,2,11.606279196575423,11.0,True,False,Stockout Risk
FOODS_2_137_CA_1_validation,2016-04-11,1,5.940288925066026,8.0,0,2,11.880577850132052,8.0,True,False,Stockout Risk
FOODS_2_137_CA_1_validation,2016-04-18,2,4.158942188059779,9.0,0,2,8.317884376119558,9.0,False,False,Normal
FOODS_2_138_CA_1_validation,2016-03-14,12,15.458958898434776,24.0,0,2,30.917917796869553,24.0,True,False,Stockout Risk
FOODS_2_138_CA_1_validation,2016-03-21,23,13.926395740351598,35.0,0,2,27.852791480703196,35.0,False,False,Normal
FOODS_2_138_CA_1_validation,2016-03-28,16,16.793177311457725,34.0,0,2,33.58635462291545,34.0,False,False,Normal
FOODS_2_138_CA_1_validation,2016-04-04,10,16.464561334570384,30.0,0,2,32.92912266914077,30.0,True,False,Stockout Risk
FOODS_2_138_CA_1_validation,2016-04-11,14,13.487744312933616,32.0,0,2,26.975488625867232,32.0,False,False,Normal
FOODS_2_138_CA_1_validation,2016-04-18,0,14.579422275913878,20.0,0,2,29.158844551827755,20.0,True,False,Stockout Risk
FOODS_2_139_CA_1_validation,2016-03-14,38,22.23703338581095,76.0,0,2,44.4740667716219,76.0,False,False,Normal
FOODS_2_139_CA_1_validation,2016-03-21,19,29.77987548374995,57.0,0,2,59.5597509674999,57.0,True,False,Stockout Risk
FOODS_2_139_CA_1_validation,2016-03-28,17,23.745181451222827,49.0,0,2,47.49036290244565,49.0,False,False,Normal
FOODS_2_139_CA_1_validation,2016-04-04,19,22.04598432683085,46.0,0,2,44.0919686536617,46.0,False,False,Normal
FOODS_2_139_CA_1_validation,2016-04-11,23,21.8534933451722,39.0,0,2,43.7069866903444,39.0,True,False,Stockout Risk
FOODS_2_139_CA_1_validation,2016-04-18,9,20.54164183808603,34.0,0,2,41.08328367617206,34.0,True,False,Stockout Risk
FOODS_2_140_CA_1_validation,2016-03-14,10,12.247970430073034,20.0,0,2,24.495940860146067,20.0,True,False,Stockout Risk
FOODS_2_140_CA_1_validation,2016-03-21,8,9.691603767932977,18.0,0,2,19.383207535865953,18.0,True,False,Stockout Risk
FOODS_2_140_CA_1_validation,2016-03-28,8,9.59080996127143,17.0,0,2,19.18161992254286,17.0,True,False,Stockout Risk
FOODS_2_140_CA_1_validation,2016-04-04,14,8.914047464698267,20.0,0,2,17.828094929396535,20.0,False,False,Normal
FOODS_2_140_CA_1_validation,2016-04-11,9,11.16004902913538,20.0,0,2,22.32009805827076,20.0,True,False,Stockout Risk
FOODS_2_140_CA_1_validation,2016-04-18,7,9.636069658178162,19.0,0,2,19.272139316356323,19.0,True,False,Stockout Risk
FOODS_2_141_CA_1_validation,2016-03-14,5,9.030289389226992,10.0,0,2,18.060578778453984,10.0,True,False,Stockout Risk
FOODS_2_141_CA_1_validation,2016-03-21,5,7.854938650455618,10.0,0,2,15.709877300911236,10.0,True,False,Stockout Risk
FOODS_2_141_CA_1_validation,2016-03-28,9,7.30313519893289,13.0,0,2,14.60627039786578,13.0,True,False,Stockout Risk
FOODS_2_141_CA_1_validation,2016-04-04,6,7.214758184971537,12.0,0,2,14.429516369943075,12.0,True,False,Stockout Risk
FOODS_2_141_CA_1_validation,2016-04-11,6,6.906953057286438,13.0,0,2,13.813906114572877,13.0,True,False,Stockout Risk
FOODS_2_141_CA_1_validation,2016-04-18,8,6.76939606966991,14.0,0,2,13.53879213933982,14.0,False,False,Normal
FOODS_2_142_CA_1_validation,2016-03-14,7,6.404046468520693,14.0,0,2,12.808092937041385,14.0,False,False,Normal
FOODS_2_142_CA_1_validation,2016-03-21,9,7.1414763476934615,16.0,0,2,14.282952695386923,16.0,False,False,Normal
FOODS_2_142_CA_1_validation,2016-03-28,8,7.657361012755948,16.0,0,2,15.314722025511896,16.0,False,False,Normal
FOODS_2_142_CA_1_validation,2016-04-04,9,7.3542356349743185,16.0,0,2,14.708471269948637,16.0,False,False,Normal
FOODS_2_142_CA_1_validation,2016-04-11,6,8.244447946853322,16.0,0,2,16.488895893706644,16.0,True,False,Stockout Risk
FOODS_2_142_CA_1_validation,2016-04-18,3,7.450900343527148,13.0,0,2,14.901800687054296,13.0,True,False,Stockout Risk
FOODS_2_143_CA_1_validation,2016-03-14,4,4.996061708601417,8.0,0,2,9.992123417202833,8.0,True,False,Stockout Risk
FOODS_2_143_CA_1_validation,2016-03-21,6,5.070150330640098,10.0,0,2,10.140300661280197,10.0,True,False,Stockout Risk
FOODS_2_143_CA_1_validation,2016-03-28,6,5.277066306034982,11.0,0,2,10.554132612069964,11.0,False,False,Normal
FOODS_2_143_CA_1_validation,2016-04-04,6,5.632153779673383,11.0,0,2,11.264307559346767,11.0,True,False,Stockout Risk
FOODS_2_143_CA_1_validation,2016-04-11,5,5.353202648492096,12.0,0,2,10.706405296984192,12.0,False,False,Normal
FOODS_2_143_CA_1_validation,2016-04-18,1,5.373936099594445,9.0,0,2,10.74787219918889,9.0,True,False,Stockout Risk
FOODS_2_144_CA_1_validation,2016-03-14,5,9.218232351625495,10.0,0,2,18.43646470325099,10.0,True,False,Stockout Risk
FOODS_2_144_CA_1_validation,2016-03-21,3,8.488831082561868,8.0,0,2,16.977662165123736,8.0,True,False,Stockout Risk
FOODS_2_144_CA_1_validation,2016-03-28,9,6.568980046722755,11.0,0,2,13.13796009344551,11.0,True,False,Stockout Risk
FOODS_2_144_CA_1_validation,2016-04-04,6,7.3273851412810815,12.0,0,2,14.654770282562163,12.0,True,False,Stockout Risk
FOODS_2_144_CA_1_validation,2016-04-11,5,6.48064385700971,12.0,0,2,12.96128771401942,12.0,True,False,Stockout Risk
FOODS_2_144_CA_1_validation,2016-04-18,13,6.497330201852001,16.0,0,2,12.994660403704001,16.0,False,False,Normal
FOODS_2_145_CA_1_validation,2016-03-14,9,14.097049971088364,18.0,0,2,28.194099942176727,18.0,True,False,Stockout Risk
FOODS_2_145_CA_1_validation,2016-03-21,5,13.340229434036775,14.0,0,2,26.68045886807355,14.0,True,False,Stockout Risk
FOODS_2_145_CA_1_validation,2016-03-28,15,10.250907268597045,19.0,0,2,20.50181453719409,19.0,True,False,Stockout Risk
FOODS_2_145_CA_1_validation,2016-04-04,16,11.760018560398844,22.0,0,2,23.52003712079769,22.0,True,False,Stockout Risk
FOODS_2_145_CA_1_validation,2016-04-11,17,12.38371341897042,26.0,0,2,24.76742683794084,26.0,False,False,Normal
FOODS_2_145_CA_1_validation,2016-04-18,19,14.075131384885264,34.0,0,2,28.150262769770528,34.0,False,False,Normal
FOODS_2_146_CA_1_validation,2016-03-14,11,7.536446518803905,22.0,0,2,15.07289303760781,22.0,False,False,Normal
FOODS_2_146_CA_1_validation,2016-03-21,13,8.86267366898516,24.0,0,2,17.72534733797032,24.0,False,False,Normal
FOODS_2_146_CA_1_validation,2016-03-28,6,9.575813169119977,20.0,0,2,19.151626338239954,20.0,False,False,Normal
FOODS_2_146_CA_1_validation,2016-04-04,6,8.659489347019745,18.0,0,2,17.31897869403949,18.0,False,False,Normal
FOODS_2_146_CA_1_validation,2016-04-11,10,7.82349599924589,18.0,0,2,15.64699199849178,18.0,False,False,Normal
FOODS_2_146_CA_1_validation,2016-04-18,8,8.993581111666872,15.0,0,2,17.987162223333744,15.0,True,False,Stockout Risk
FOODS_2_147_CA_1_validation,2016-03-14,5,5.5818260848627,10.0,0,2,11.1636521697254,10.0,True,False,Stockout Risk
FOODS_2_147_CA_1_validation,2016-03-21,3,5.202168180042577,8.0,0,2,10.404336360085154,8.0,True,False,Stockout Risk
FOODS_2_147_CA_1_validation,2016-03-28,5,4.750622142933021,9.0,0,2,9.501244285866042,9.0,True,False,Stockout Risk
FOODS_2_147_CA_1_validation,2016-04-04,8,5.252739377383898,10.0,0,2,10.505478754767797,10.0,True,False,Stockout Risk
FOODS_2_147_CA_1_validation,2016-04-11,6,5.700952002115983,11.0,0,2,11.401904004231966,11.0,True,False,Stockout Risk
FOODS_2_147_CA_1_validation,2016-04-18,5,5.586126553298296,12.0,0,2,11.172253106596592,12.0,False,False,Normal
FOODS_2_148_CA_1_validation,2016-03-14,5,3.3582582070495666,10.0,0,2,6.716516414099133,10.0,False,False,Normal
FOODS_2_148_CA_1_validation,2016-03-21,0,4.604563305772563,5.0,0,2,9.209126611545125,5.0,True,False,Stockout Risk
FOODS_2_148_CA_1_validation,2016-03-28,4,1.4732346345250489,6.0,0,2,2.9464692690500978,6.0,False,False,Normal
FOODS_2_148_CA_1_validation,2016-04-04,5,4.073853009887586,7.0,0,2,8.147706019775171,7.0,True,False,Stockout Risk
FOODS_2_148_CA_1_validation,2016-04-11,4,3.901321867174704,6.0,0,2,7.802643734349408,6.0,True,False,Stockout Risk
FOODS_2_148_CA_1_validation,2016-04-18,2,4.6048406838980736,8.0,0,2,9.209681367796147,8.0,True,False,Stockout Risk
FOODS_2_149_CA_1_validation,2016-03-14,11,8.578522683399797,22.0,0,2,17.157045366799593,22.0,False,False,Normal
FOODS_2_149_CA_1_validation,2016-03-21,5,9.266770701110952,16.0,0,2,18.533541402221903,16.0,True,False,Stockout Risk
FOODS_2_149_CA_1_validation,2016-03-28,15,8.38371336018598,21.0,0,2,16.76742672037196,21.0,False,False,Normal
FOODS_2_149_CA_1_validation,2016-04-04,5,9.927527753839565,18.0,0,2,19.85505550767913,18.0,True,False,Stockout Risk
FOODS_2_149_CA_1_validation,2016-04-11,5,8.045485975284324,15.0,0,2,16.090971950568647,15.0,True,False,Stockout Risk
FOODS_2_149_CA_1_validation,2016-04-18,7,6.671648745860942,16.0,0,2,13.343297491721884,16.0,False,False,Normal
FOODS_2_150_CA_1_validation,2016-03-14,3,0.3651618097588788,6.0,0,2,0.7303236195177576,6.0,False,False,Normal
FOODS_2_150_CA_1_validation,2016-03-21,28,4.596541913069456,31.0,0,2,9.193083826138912,31.0,False,False,Normal
FOODS_2_150_CA_1_validation,2016-03-28,21,24.08531469293365,35.0,0,2,48.1706293858673,35.0,True,False,Stockout Risk
FOODS_2_150_CA_1_validation,2016-04-04,22,20.59225314639059,37.0,0,2,41.18450629278118,37.0,True,False,Stockout Risk
FOODS_2_150_CA_1_validation,2016-04-11,22,18.47929410510703,46.0,0,2,36.95858821021406,46.0,False,False,Normal
FOODS_2_150_CA_1_validation,2016-04-18,10,20.75351515348049,38.0,0,2,41.50703030696098,38.0,True,False,Stockout Risk
FOODS_2_151_CA_1_validation,2016-03-14,2,7.554543944599131,4.0,0,2,15.109087889198262,4.0,True,False,Stockout Risk
FOODS_2_151_CA_1_validation,2016-03-21,4,5.105709449213225,6.0,0,2,10.21141889842645,6.0,True,False,Stockout Risk
FOODS_2_151_CA_1_validation,2016-03-28,9,5.0997670864833085,10.0,0,2,10.199534172966617,10.0,True,False,Stockout Risk
FOODS_2_151_CA_1_validation,2016-04-04,8,6.729147026887414,12.0,0,2,13.458294053774829,12.0,True,False,Stockout Risk
FOODS_2_151_CA_1_validation,2016-04-11,6,6.380447185224023,14.0,0,2,12.760894370448046,14.0,False,False,Normal
FOODS_2_151_CA_1_validation,2016-04-18,6,6.486901517687748,14.0,0,2,12.973803035375497,14.0,False,False,Normal
FOODS_2_152_CA_1_validation,2016-03-14,10,15.519153000644438,20.0,0,2,31.038306001288877,20.0,True,False,Stockout Risk
FOODS_2_152_CA_1_validation,2016-03-21,10,13.570576499661806,20.0,0,2,27.141152999323612,20.0,True,False,Stockout Risk
FOODS_2_152_CA_1_validation,2016-03-28,21,12.814231551512911,27.0,0,2,25.628463103025823,27.0,False,False,Normal
FOODS_2_152_CA_1_validation,2016-04-04,17,16.431398250922232,29.0,0,2,32.862796501844464,29.0,True,False,Stockout Risk
FOODS_2_152_CA_1_validation,2016-04-11,12,14.914142744415852,30.0,0,2,29.828285488831703,30.0,False,False,Normal
FOODS_2_152_CA_1_validation,2016-04-18,10,13.565369671933466,30.0,0,2,27.13073934386693,30.0,False,False,Normal
FOODS_2_153_CA_1_validation,2016-03-14,35,17.264346954541104,70.0,0,2,34.52869390908221,70.0,False,False,Normal
FOODS_2_153_CA_1_validation,2016-03-21,46,25.478883188506234,81.0,0,2,50.95776637701247,81.0,False,False,Normal
FOODS_2_153_CA_1_validation,2016-03-28,11,36.56598090551394,61.0,0,2,73.13196181102788,61.0,True,False,Stockout Risk
FOODS_2_153_CA_1_validation,2016-04-04,18,24.58595085180559,55.0,0,2,49.17190170361118,55.0,False,False,Normal
FOODS_2_153_CA_1_validation,2016-04-11,23,20.598504274741025,49.0,0,2,41.19700854948205,49.0,False,False,Normal
FOODS_2_153_CA_1_validation,2016-04-18,35,22.684318243443688,44.0,0,2,45.368636486887375,44.0,True,False,Stockout Risk
FOODS_2_154_CA_1_validation,2016-03-14,0,2.64660006151032,0.0,0,2,5.29320012302064,0.0,True,False,Stockout Risk
FOODS_2_154_CA_1_validation,2016-03-21,0,1.1241322714248425,0.0,0,2,2.248264542849685,0.0,True,False,Stockout Risk
FOODS_2_154_CA_1_validation,2016-03-28,0,0.967157905556561,0.0,0,2,1.934315811113122,0.0,True,False,Stockout Risk
FOODS_2_154_CA_1_validation,2016-04-04,0,1.165553472749575,0.0,0,2,2.33110694549915,0.0,True,False,Stockout Risk
FOODS_2_154_CA_1_validation,2016-04-11,1,0.3742540594074448,0.0,0,2,0.7485081188148895,0.0,True,False,Stockout Risk
FOODS_2_154_CA_1_validation,2016-04-18,5,3.4247393097181598,3.0,0,2,6.8494786194363195,3.0,True,False,Stockout Risk
FOODS_2_155_CA_1_validation,2016-03-14,0,0.9740425896026316,0.0,0,2,1.9480851792052631,0.0,True,False,Stockout Risk
FOODS_2_155_CA_1_validation,2016-03-21,0,0.438807456804893,0.0,0,2,0.877614913609786,0.0,True,False,Stockout Risk
FOODS_2_155_CA_1_validation,2016-03-28,0,0.4291420694814084,0.0,0,2,0.8582841389628167,0.0,True,False,Stockout Risk
FOODS_2_155_CA_1_validation,2016-04-04,0,0.620652952628351,0.0,0,2,1.241305905256702,0.0,True,False,Stockout Risk
FOODS_2_155_CA_1_validation,2016-04-11,0,0.3742540594074448,0.0,0,2,0.7485081188148895,0.0,True,False,Stockout Risk
FOODS_2_155_CA_1_validation,2016-04-18,0,0.3006084123614305,0.0,0,2,0.601216824722861,0.0,True,False,Stockout Risk
FOODS_2_156_CA_1_validation,2016-03-14,4,10.321656269007724,8.0,0,2,20.643312538015447,8.0,True,False,Stockout Risk
FOODS_2_156_CA_1_validation,2016-03-21,3,8.158931787475154,7.0,0,2,16.31786357495031,7.0,True,False,Stockout Risk
FOODS_2_156_CA_1_validation,2016-03-28,4,7.037046392921995,7.0,0,2,14.07409278584399,7.0,True,False,Stockout Risk
FOODS_2_156_CA_1_validation,2016-04-04,11,5.859091179487256,11.0,0,2,11.718182358974513,11.0,True,False,Stockout Risk
FOODS_2_156_CA_1_validation,2016-04-11,6,7.305059333961412,12.0,0,2,14.610118667922825,12.0,True,False,Stockout Risk
FOODS_2_156_CA_1_validation,2016-04-18,11,6.562751981183375,16.0,0,2,13.12550396236675,16.0,False,False,Normal
FOODS_2_157_CA_1_validation,2016-03-14,4,1.3058140571331422,8.0,0,2,2.6116281142662845,8.0,False,False,Normal
FOODS_2_157_CA_1_validation,2016-03-21,2,5.424448844156816,6.0,0,2,10.848897688313633,6.0,True,False,Stockout Risk
FOODS_2_157_CA_1_validation,2016-03-28,0,3.462842742735535,4.0,0,2,6.92568548547107,4.0,True,False,Stockout Risk
FOODS_2_157_CA_1_validation,2016-04-04,5,1.3059777672483002,6.0,0,2,2.6119555344966003,6.0,False,False,Normal
FOODS_2_157_CA_1_validation,2016-04-11,3,4.395786769841099,5.0,0,2,8.791573539682197,5.0,True,False,Stockout Risk
FOODS_2_157_CA_1_validation,2016-04-18,8,3.739639454329233,8.0,0,2,7.479278908658466,8.0,False,False,Normal
FOODS_2_158_CA_1_validation,2016-03-14,4,5.690673226554408,8.0,0,2,11.381346453108817,8.0,True,False,Stockout Risk
FOODS_2_158_CA_1_validation,2016-03-21,6,5.525943401966055,10.0,0,2,11.05188680393211,10.0,True,False,Stockout Risk
FOODS_2_158_CA_1_validation,2016-03-28,6,5.452314045771378,11.0,0,2,10.904628091542756,11.0,False,False,Normal
FOODS_2_158_CA_1_validation,2016-04-04,8,5.732569346450755,12.0,0,2,11.46513869290151,12.0,False,False,Normal
FOODS_2_158_CA_1_validation,2016-04-11,3,5.961157396278735,12.0,0,2,11.92231479255747,12.0,False,False,Normal
FOODS_2_158_CA_1_validation,2016-04-18,7,5.221477979503169,12.0,0,2,10.442955959006339,12.0,False,False,Normal
FOODS_2_159_CA_1_validation,2016-03-14,2,3.913597966327461,4.0,0,2,7.827195932654922,4.0,True,False,Stockout Risk
FOODS_2_159_CA_1_validation,2016-03-21,4,3.18637884311611,6.0,0,2,6.37275768623222,6.0,True,False,Stockout Risk
FOODS_2_159_CA_1_validation,2016-03-28,2,3.717698888136729,5.0,0,2,7.435397776273458,5.0,True,False,Stockout Risk
FOODS_2_159_CA_1_validation,2016-04-04,4,3.419882474780064,6.0,0,2,6.839764949560128,6.0,True,False,Stockout Risk
FOODS_2_159_CA_1_validation,2016-04-11,2,3.813298132970018,6.0,0,2,7.626596265940036,6.0,True,False,Stockout Risk
FOODS_2_159_CA_1_validation,2016-04-18,3,3.1734835815591573,6.0,0,2,6.346967163118315,6.0,True,False,Stockout Risk
FOODS_2_160_CA_1_validation,2016-03-14,1,1.0272999898479327,2.0,0,2,2.0545999796958654,2.0,True,False,Stockout Risk
FOODS_2_160_CA_1_validation,2016-03-21,0,2.5413035371386936,1.0,0,2,5.082607074277387,1.0,True,False,Stockout Risk
FOODS_2_160_CA_1_validation,2016-03-28,5,1.0272999898479327,4.0,0,2,2.0545999796958654,4.0,False,False,Normal
FOODS_2_160_CA_1_validation,2016-04-04,3,5.182139419465778,4.0,0,2,10.364278838931556,4.0,True,False,Stockout Risk
FOODS_2_160_CA_1_validation,2016-04-11,3,3.184625045901468,6.0,0,2,6.369250091802936,6.0,True,False,Stockout Risk
FOODS_2_160_CA_1_validation,2016-04-18,1,3.5763074673612936,6.0,0,2,7.152614934722587,6.0,True,False,Stockout Risk
FOODS_2_161_CA_1_validation,2016-03-14,4,3.8531157962604263,8.0,0,2,7.706231592520853,8.0,False,False,Normal
FOODS_2_161_CA_1_validation,2016-03-21,4,3.829873099088046,8.0,0,2,7.659746198176092,8.0,False,False,Normal
FOODS_2_161_CA_1_validation,2016-03-28,3,4.039849610798293,7.0,0,2,8.079699221596586,7.0,True,False,Stockout Risk
FOODS_2_161_CA_1_validation,2016-04-04,3,3.985767397637948,7.0,0,2,7.971534795275896,7.0,True,False,Stockout Risk
FOODS_2_161_CA_1_validation,2016-04-11,5,3.417217781755478,8.0,0,2,6.834435563510956,8.0,False,False,Normal
FOODS_2_161_CA_1_validation,2016-04-18,3,4.219203909258581,7.0,0,2,8.438407818517161,7.0,True,False,Stockout Risk
FOODS_2_162_CA_1_validation,2016-03-14,5,14.837226082881678,10.0,0,2,29.674452165763356,10.0,True,False,Stockout Risk
FOODS_2_162_CA_1_validation,2016-03-21,11,11.072635094370346,16.0,0,2,22.145270188740692,16.0,True,False,Stockout Risk
FOODS_2_162_CA_1_validation,2016-03-28,19,11.86958747009288,23.0,0,2,23.73917494018576,23.0,True,False,Stockout Risk
FOODS_2_162_CA_1_validation,2016-04-04,17,14.055511050618808,26.0,0,2,28.111022101237616,26.0,True,False,Stockout Risk
FOODS_2_162_CA_1_validation,2016-04-11,9,14.040384562779856,28.0,0,2,28.080769125559712,28.0,True,False,Stockout Risk
FOODS_2_162_CA_1_validation,2016-04-18,16,12.672821546669097,30.0,0,2,25.345643093338193,30.0,False,False,Normal
FOODS_2_163_CA_1_validation,2016-03-14,3,5.585991922893402,6.0,0,2,11.171983845786803,6.0,True,False,Stockout Risk
FOODS_2_163_CA_1_validation,2016-03-21,2,4.627927021071278,5.0,0,2,9.255854042142555,5.0,True,False,Stockout Risk
FOODS_2_163_CA_1_validation,2016-03-28,0,3.3756480896598298,3.0,0,2,6.7512961793196595,3.0,True,False,Stockout Risk
FOODS_2_163_CA_1_validation,2016-04-04,4,1.507369402161979,4.0,0,2,3.014738804323958,4.0,False,False,Normal
FOODS_2_163_CA_1_validation,2016-04-11,3,3.5903315326473235,4.0,0,2,7.180663065294647,4.0,True,False,Stockout Risk
FOODS_2_163_CA_1_validation,2016-04-18,3,3.1706520011053847,5.0,0,2,6.341304002210769,5.0,True,False,Stockout Risk
FOODS_2_164_CA_1_validation,2016-03-14,13,8.446290463681756,26.0,0,2,16.89258092736351,26.0,False,False,Normal
FOODS_2_164_CA_1_validation,2016-03-21,9,9.428058340314122,22.0,0,2,18.856116680628244,22.0,False,False,Normal
FOODS_2_164_CA_1_validation,2016-03-28,8,10.049399000388894,20.0,0,2,20.098798000777787,20.0,True,False,Stockout Risk
FOODS_2_164_CA_1_validation,2016-04-04,15,8.476168347942703,22.0,0,2,16.952336695885407,22.0,False,False,Normal
FOODS_2_164_CA_1_validation,2016-04-11,0,10.43081625820376,16.0,0,2,20.86163251640752,16.0,True,False,Stockout Risk
FOODS_2_164_CA_1_validation,2016-04-18,10,5.582467518178866,16.0,0,2,11.164935036357733,16.0,False,False,Normal
FOODS_2_165_CA_1_validation,2016-03-14,1,4.877504395957262,2.0,0,2,9.755008791914523,2.0,True,False,Stockout Risk
FOODS_2_165_CA_1_validation,2016-03-21,1,3.219167262795249,2.0,0,2,6.438334525590498,2.0,True,False,Stockout Risk
FOODS_2_165_CA_1_validation,2016-03-28,1,2.82851272061222,2.0,0,2,5.65702544122444,2.0,True,False,Stockout Risk
FOODS_2_165_CA_1_validation,2016-04-04,3,2.7266926021015827,3.0,0,2,5.453385204203165,3.0,True,False,Stockout Risk
FOODS_2_165_CA_1_validation,2016-04-11,2,3.293704809652118,4.0,0,2,6.587409619304236,4.0,True,False,Stockout Risk
FOODS_2_165_CA_1_validation,2016-04-18,2,3.0128707757717934,4.0,0,2,6.025741551543587,4.0,True,False,Stockout Risk
FOODS_2_166_CA_1_validation,2016-03-14,0,0.4259375598775828,0.0,0,2,0.8518751197551656,0.0,True,False,Stockout Risk
FOODS_2_166_CA_1_validation,2016-03-21,0,0.5856604396669023,0.0,0,2,1.1713208793338046,0.0,True,False,Stockout Risk
FOODS_2_166_CA_1_validation,2016-03-28,0,0.3651618097588788,0.0,0,2,0.7303236195177576,0.0,True,False,Stockout Risk
FOODS_2_166_CA_1_validation,2016-04-04,0,0.5470073055823366,0.0,0,2,1.0940146111646731,0.0,True,False,Stockout Risk
FOODS_2_166_CA_1_validation,2016-04-11,0,0.3006084123614305,0.0,0,2,0.601216824722861,0.0,True,False,Stockout Risk
FOODS_2_166_CA_1_validation,2016-04-18,0,0.3006084123614305,0.0,0,2,0.601216824722861,0.0,True,False,Stockout Risk
FOODS_2_167_CA_1_validation,2016-03-14,11,5.561080349508999,22.0,0,2,11.122160699017998,22.0,False,False,Normal
FOODS_2_167_CA_1_validation,2016-03-21,7,7.394106803215911,18.0,0,2,14.788213606431823,18.0,False,False,Normal
FOODS_2_167_CA_1_validation,2016-03-28,2,6.782058725517933,13.0,0,2,13.564117451035866,13.0,True,False,Stockout Risk
FOODS_2_167_CA_1_validation,2016-04-04,3,5.430952479358042,12.0,0,2,10.861904958716083,12.0,False,False,Normal
FOODS_2_167_CA_1_validation,2016-04-11,5,4.753926264003268,8.0,0,2,9.507852528006536,8.0,True,False,Stockout Risk
FOODS_2_167_CA_1_validation,2016-04-18,8,5.085956646804633,9.0,0,2,10.171913293609267,9.0,True,False,Stockout Risk
FOODS_2_168_CA_1_validation,2016-03-14,2,2.9027132287820128,4.0,0,2,5.8054264575640255,4.0,True,False,Stockout Risk
FOODS_2_168_CA_1_validation,2016-03-21,1,2.9775454017410365,3.0,0,2,5.955090803482073,3.0,True,False,Stockout Risk
FOODS_2_168_CA_1_validation,2016-03-28,7,2.3235931315761564,7.0,0,2,4.647186263152313,7.0,False,False,Normal
FOODS_2_168_CA_1_validation,2016-04-04,2,4.825308813866662,6.0,0,2,9.650617627733324,6.0,True,False,Stockout Risk
FOODS_2_168_CA_1_validation,2016-04-11,3,3.327965886774729,6.0,0,2,6.655931773549458,6.0,True,False,Stockout Risk
FOODS_2_168_CA_1_validation,2016-04-18,0,3.417217781755478,6.0,0,2,6.834435563510956,6.0,True,False,Stockout Risk
FOODS_2_169_CA_1_validation,2016-03-14,2,3.0774241731692413,4.0,0,2,6.154848346338483,4.0,True,False,Stockout Risk
FOODS_2_169_CA_1_validation,2016-03-21,5,3.0774241731692413,7.0,0,2,6.154848346338483,7.0,False,False,Normal
FOODS_2_169_CA_1_validation,2016-03-28,7,4.074369770962397,9.0,0,2,8.148739541924794,9.0,False,False,Normal
FOODS_2_169_CA_1_validation,2016-04-04,6,5.226281857249116,10.0,0,2,10.452563714498233,10.0,True,False,Stockout Risk
FOODS_2_169_CA_1_validation,2016-04-11,1,4.929446494044884,10.0,0,2,9.858892988089767,10.0,False,False,Normal
FOODS_2_169_CA_1_validation,2016-04-18,6,3.4361873214245358,10.0,0,2,6.8723746428490715,10.0,False,False,Normal
FOODS_2_170_CA_1_validation,2016-03-14,14,12.7698865662493,28.0,0,2,25.5397731324986,28.0,False,False,Normal
FOODS_2_170_CA_1_validation,2016-03-21,13,13.37334833678052,27.0,0,2,26.74669667356104,27.0,False,False,Normal
FOODS_2_170_CA_1_validation,2016-03-28,22,12.392719244734144,33.0,0,2,24.785438489468287,33.0,False,False,Normal
FOODS_2_170_CA_1_validation,2016-04-04,15,16.44875891654003,32.0,0,2,32.89751783308006,32.0,True,False,Stockout Risk
FOODS_2_170_CA_1_validation,2016-04-11,8,15.188595698933966,29.0,0,2,30.377191397867932,29.0,True,False,Stockout Risk
FOODS_2_170_CA_1_validation,2016-04-18,14,12.94828217160379,30.0,0,2,25.89656434320758,30.0,False,False,Normal
FOODS_2_171_CA_1_validation,2016-03-14,3,1.1073904624079682,6.0,0,2,2.2147809248159365,6.0,False,False,Normal
FOODS_2_171_CA_1_validation,2016-03-21,5,3.3169191084805747,8.0,0,2,6.633838216961149,8.0,False,False,Normal
FOODS_2_171_CA_1_validation,2016-03-28,3,3.615993212241073,7.0,0,2,7.231986424482146,7.0,True,False,Stockout Risk
FOODS_2_171_CA_1_validation,2016-04-04,4,4.095443462150922,8.0,0,2,8.190886924301845,8.0,True,False,Stockout Risk
FOODS_2_171_CA_1_validation,2016-04-11,3,3.695425425737925,8.0,0,2,7.39085085147585,8.0,False,False,Normal
FOODS_2_171_CA_1_validation,2016-04-18,4,3.4688759175959727,7.0,0,2,6.937751835191945,7.0,False,False,Normal
FOODS_2_172_CA_1_validation,2016-03-14,7,7.308530423399477,14.0,0,2,14.617060846798953,14.0,True,False,Stockout Risk
FOODS_2_172_CA_1_validation,2016-03-21,1,7.884535032737735,8.0,0,2,15.76907006547547,8.0,True,False,Stockout Risk
FOODS_2_172_CA_1_validation,2016-03-28,7,6.00811876477629,10.0,0,2,12.01623752955258,10.0,True,False,Stockout Risk
FOODS_2_172_CA_1_validation,2016-04-04,6,6.015128234210996,10.0,0,2,12.030256468421992,10.0,True,False,Stockout Risk
FOODS_2_172_CA_1_validation,2016-04-11,11,5.712839822137893,12.0,0,2,11.425679644275785,12.0,False,False,Normal
FOODS_2_172_CA_1_validation,2016-04-18,7,7.204249700827736,16.0,0,2,14.408499401655472,16.0,False,False,Normal
FOODS_2_173_CA_1_validation,2016-03-14,11,11.928414199875556,22.0,0,2,23.856828399751112,22.0,True,False,Stockout Risk
FOODS_2_173_CA_1_validation,2016-03-21,11,11.551680334639848,22.0,0,2,23.103360669279695,22.0,True,False,Stockout Risk
FOODS_2_173_CA_1_validation,2016-03-28,10,12.070394462482035,21.0,0,2,24.14078892496407,21.0,True,False,Stockout Risk
FOODS_2_173_CA_1_validation,2016-04-04,7,11.74545935353624,20.0,0,2,23.49091870707248,20.0,True,False,Stockout Risk
FOODS_2_173_CA_1_validation,2016-04-11,6,9.65680324777553,17.0,0,2,19.31360649555106,17.0,True,False,Stockout Risk
FOODS_2_173_CA_1_validation,2016-04-18,8,8.57424850432663,16.0,0,2,17.14849700865326,16.0,True,False,Stockout Risk
FOODS_2_174_CA_1_validation,2016-03-14,6,5.41977000682258,12.0,0,2,10.83954001364516,12.0,False,False,Normal
FOODS_2_174_CA_1_validation,2016-03-21,4,5.314402533677979,10.0,0,2,10.628805067355959,10.0,True,False,Stockout Risk
FOODS_2_174_CA_1_validation,2016-03-28,8,5.550464217584744,12.0,0,2,11.100928435169488,12.0,False,False,Normal
FOODS_2_174_CA_1_validation,2016-04-04,10,5.970435298949341,14.0,0,2,11.940870597898682,14.0,False,False,Normal
FOODS_2_174_CA_1_validation,2016-04-11,4,7.157766043619955,13.0,0,2,14.31553208723991,13.0,True,False,Stockout Risk
FOODS_2_174_CA_1_validation,2016-04-18,7,5.875130451871254,14.0,0,2,11.750260903742507,14.0,False,False,Normal
FOODS_2_175_CA_1_validation,2016-03-14,25,17.145316813356704,50.0,0,2,34.29063362671341,50.0,False,False,Normal
FOODS_2_175_CA_1_validation,2016-03-21,28,17.870309624058365,53.0,0,2,35.74061924811673,53.0,False,False,Normal
FOODS_2_175_CA_1_validation,2016-03-28,21,22.590573029249622,49.0,0,2,45.181146058499245,49.0,False,False,Normal
FOODS_2_175_CA_1_validation,2016-04-04,27,22.013875121226015,50.0,0,2,44.02775024245203,50.0,False,False,Normal
FOODS_2_175_CA_1_validation,2016-04-11,17,22.996531605641778,46.0,0,2,45.993063211283555,46.0,False,False,Normal
FOODS_2_175_CA_1_validation,2016-04-18,21,20.608186177049262,43.0,0,2,41.216372354098525,43.0,False,False,Normal
FOODS_2_176_CA_1_validation,2016-03-14,5,6.640756915272848,10.0,0,2,13.281513830545697,10.0,True,False,Stockout Risk
FOODS_2_176_CA_1_validation,2016-03-21,4,5.899484117459176,9.0,0,2,11.798968234918352,9.0,True,False,Stockout Risk
FOODS_2_176_CA_1_validation,2016-03-28,7,5.086965418694197,11.0,0,2,10.173930837388394,11.0,False,False,Normal
FOODS_2_176_CA_1_validation,2016-04-04,5,6.274155459602771,10.0,0,2,12.548310919205543,10.0,True,False,Stockout Risk
FOODS_2_176_CA_1_validation,2016-04-11,2,5.184191782574773,9.0,0,2,10.368383565149546,9.0,True,False,Stockout Risk
FOODS_2_176_CA_1_validation,2016-04-18,5,4.372682473694868,10.0,0,2,8.745364947389737,10.0,False,False,Normal
FOODS_2_177_CA_1_validation,2016-03-14,7,5.402238625528867,14.0,0,2,10.804477251057733,14.0,False,False,Normal
FOODS_2_177_CA_1_validation,2016-03-21,3,5.981108842718477,10.0,0,2,11.962217685436954,10.0,True,False,Stockout Risk
FOODS_2_177_CA_1_validation,2016-03-28,5,5.05804446374731,10.0,0,2,10.11608892749462,10.0,True,False,Stockout Risk
FOODS_2_177_CA_1_validation,2016-04-04,3,5.398514660260059,9.0,0,2,10.797029320520117,9.0,True,False,Stockout Risk
FOODS_2_177_CA_1_validation,2016-04-11,4,4.442945647026056,8.0,0,2,8.885891294052112,8.0,True,False,Stockout Risk
FOODS_2_177_CA_1_validation,2016-04-18,11,4.283248549885943,12.0,0,2,8.566497099771887,12.0,False,False,Normal
FOODS_2_178_CA_1_validation,2016-03-14,0,1.343582767527004,0.0,0,2,2.687165535054008,0.0,True,False,Stockout Risk
FOODS_2_178_CA_1_validation,2016-03-21,0,0.438807456804893,0.0,0,2,0.877614913609786,0.0,True,False,Stockout Risk
FOODS_2_178_CA_1_validation,2016-03-28,0,0.5023478579953735,0.0,0,2,1.004695715990747,0.0,True,False,Stockout Risk
FOODS_2_178_CA_1_validation,2016-04-04,0,0.7675059354903602,0.0,0,2,1.5350118709807203,0.0,True,False,Stockout Risk
FOODS_2_178_CA_1_validation,2016-04-11,0,0.3742540594074448,0.0,0,2,0.7485081188148895,0.0,True,False,Stockout Risk
FOODS_2_178_CA_1_validation,2016-04-18,0,0.3006084123614305,0.0,0,2,0.601216824722861,0.0,True,False,Stockout Risk
FOODS_2_179_CA_1_validation,2016-03-14,3,5.250388815630287,6.0,0,2,10.500777631260574,6.0,True,False,Stockout Risk
FOODS_2_179_CA_1_validation,2016-03-21,3,4.726658779148391,6.0,0,2,9.453317558296781,6.0,True,False,Stockout Risk
FOODS_2_179_CA_1_validation,2016-03-28,10,4.534868405555433,11.0,0,2,9.069736811110866,11.0,False,False,Normal
FOODS_2_179_CA_1_validation,2016-04-04,6,6.269482586081973,11.0,0,2,12.538965172163946,11.0,True,False,Stockout Risk
FOODS_2_179_CA_1_validation,2016-04-11,6,5.662185539996856,12.0,0,2,11.324371079993712,12.0,False,False,Normal
FOODS_2_179_CA_1_validation,2016-04-18,1,5.745566593111774,12.0,0,2,11.491133186223548,12.0,False,False,Normal
FOODS_2_180_CA_1_validation,2016-03-14,11,8.288230178518718,22.0,0,2,16.576460357037437,22.0,False,False,Normal
FOODS_2_180_CA_1_validation,2016-03-21,7,8.678529725533815,18.0,0,2,17.35705945106763,18.0,False,False,Normal
FOODS_2_180_CA_1_validation,2016-03-28,4,8.89465131386643,15.0,0,2,17.78930262773286,15.0,True,False,Stockout Risk
FOODS_2_180_CA_1_validation,2016-04-04,6,7.235853202541507,14.0,0,2,14.471706405083014,14.0,True,False,Stockout Risk
FOODS_2_180_CA_1_validation,2016-04-11,7,6.738961770746105,12.0,0,2,13.47792354149221,12.0,True,False,Stockout Risk
FOODS_2_180_CA_1_validation,2016-04-18,3,6.018697696601355,10.0,0,2,12.03739539320271,10.0,True,False,Stockout Risk
FOODS_2_181_CA_1_validation,2016-03-14,30,24.444203725652937,60.0,0,2,48.88840745130587,60.0,False,False,Normal
FOODS_2_181_CA_1_validation,2016-03-21,27,28.62776236464798,57.0,0,2,57.25552472929596,57.0,True,False,Stockout Risk
FOODS_2_181_CA_1_validation,2016-03-28,36,27.206722124005022,62.0,0,2,54.413444248010045,62.0,False,False,Normal
FOODS_2_181_CA_1_validation,2016-04-04,49,29.415450739789733,71.0,0,2,58.83090147957947,71.0,False,False,Normal
FOODS_2_181_CA_1_validation,2016-04-11,27,38.84330950308527,70.0,0,2,77.68661900617055,70.0,True,False,Stockout Risk
FOODS_2_181_CA_1_validation,2016-04-18,40,30.562452832200773,76.0,0,2,61.124905664401545,76.0,False,False,Normal
FOODS_2_182_CA_1_validation,2016-03-14,10,13.816397527041197,20.0,0,2,27.632795054082393,20.0,True,False,Stockout Risk
FOODS_2_182_CA_1_validation,2016-03-21,10,12.594918171934411,20.0,0,2,25.189836343868823,20.0,True,False,Stockout Risk
FOODS_2_182_CA_1_validation,2016-03-28,13,12.405912422206804,22.0,0,2,24.811824844413607,22.0,True,False,Stockout Risk
FOODS_2_182_CA_1_validation,2016-04-04,11,12.612936702938384,22.0,0,2,25.22587340587677,22.0,True,False,Stockout Risk
FOODS_2_182_CA_1_validation,2016-04-11,21,11.487781087314277,28.0,0,2,22.975562174628553,28.0,False,False,Normal
FOODS_2_182_CA_1_validation,2016-04-18,14,14.998727619098304,30.0,0,2,29.997455238196608,30.0,False,False,Normal
FOODS_2_183_CA_1_validation,2016-03-14,24,27.561043376639507,48.0,0,2,55.122086753279014,48.0,True,False,Stockout Risk
FOODS_2_183_CA_1_validation,2016-03-21,18,27.13050142459449,42.0,0,2,54.26100284918898,42.0,True,False,Stockout Risk
FOODS_2_183_CA_1_validation,2016-03-28,16,23.309261142249667,39.0,0,2,46.618522284499335,39.0,True,False,Stockout Risk
FOODS_2_183_CA_1_validation,2016-04-04,15,21.217010200936397,36.0,0,2,42.43402040187279,36.0,True,False,Stockout Risk
FOODS_2_183_CA_1_validation,2016-04-11,6,17.33543031617542,28.0,0,2,34.67086063235084,28.0,True,False,Stockout Risk
FOODS_2_183_CA_1_validation,2016-04-18,6,12.988772552437236,22.0,0,2,25.977545104874473,22.0,True,False,Stockout Risk
FOODS_2_184_CA_1_validation,2016-03-14,1,14.13765841901057,2.0,0,2,28.27531683802114,2.0,True,False,Stockout Risk
FOODS_2_184_CA_1_validation,2016-03-21,8,7.828971182857197,9.0,0,2,15.657942365714394,9.0,True,False,Stockout Risk
FOODS_2_184_CA_1_validation,2016-03-28,6,10.775748508079024,10.0,0,2,21.55149701615805,10.0,True,False,Stockout Risk
FOODS_2_184_CA_1_validation,2016-04-04,12,9.243524990291396,14.0,0,2,18.487049980582793,14.0,True,False,Stockout Risk
FOODS_2_184_CA_1_validation,2016-04-11,5,9.01922015163083,16.0,0,2,18.03844030326166,16.0,True,False,Stockout Risk
FOODS_2_184_CA_1_validation,2016-04-18,4,8.027063712286017,14.0,0,2,16.054127424572034,14.0,True,False,Stockout Risk
FOODS_2_185_CA_1_validation,2016-03-14,11,8.87122232163884,22.0,0,2,17.74244464327768,22.0,False,False,Normal
FOODS_2_185_CA_1_validation,2016-03-21,11,9.267627918206625,22.0,0,2,18.53525583641325,22.0,False,False,Normal
FOODS_2_185_CA_1_validation,2016-03-28,10,9.535999858749776,21.0,0,2,19.07199971749955,21.0,False,False,Normal
FOODS_2_185_CA_1_validation,2016-04-04,4,10.255434167324252,18.0,0,2,20.510868334648503,18.0,True,False,Stockout Risk
FOODS_2_185_CA_1_validation,2016-04-11,4,7.579258949475538,14.0,0,2,15.158517898951075,14.0,True,False,Stockout Risk
FOODS_2_185_CA_1_validation,2016-04-18,6,6.764842009542876,12.0,0,2,13.529684019085751,12.0,True,False,Stockout Risk
FOODS_2_186_CA_1_validation,2016-03-14,5,7.289600024396305,10.0,0,2,14.57920004879261,10.0,True,False,Stockout Risk
FOODS_2_186_CA_1_validation,2016-03-21,3,6.312840276964458,8.0,0,2,12.625680553928916,8.0,True,False,Stockout Risk
FOODS_2_186_CA_1_validation,2016-03-28,6,5.089086524034331,9.0,0,2,10.178173048068661,9.0,True,False,Stockout Risk
FOODS_2_186_CA_1_validation,2016-04-04,2,5.861582866751165,8.0,0,2,11.72316573350233,8.0,True,False,Stockout Risk
FOODS_2_186_CA_1_validation,2016-04-11,4,4.635381967218894,8.0,0,2,9.270763934437788,8.0,True,False,Stockout Risk
FOODS_2_186_CA_1_validation,2016-04-18,3,4.539329656746988,8.0,0,2,9.078659313493976,8.0,True,False,Stockout Risk
FOODS_2_187_CA_1_validation,2016-03-14,4,4.45706659355529,8.0,0,2,8.91413318711058,8.0,True,False,Stockout Risk
FOODS_2_187_CA_1_validation,2016-03-21,2,4.5087247293957855,6.0,0,2,9.017449458791571,6.0,True,False,Stockout Risk
FOODS_2_187_CA_1_validation,2016-03-28,4,3.7637503347092314,7.0,0,2,7.527500669418463,7.0,True,False,Stockout Risk
FOODS_2_187_CA_1_validation,2016-04-04,4,4.410699437556321,7.0,0,2,8.821398875112642,7.0,True,False,Stockout Risk
FOODS_2_187_CA_1_validation,2016-04-11,5,4.165338865297682,8.0,0,2,8.330677730595363,8.0,True,False,Stockout Risk
FOODS_2_187_CA_1_validation,2016-04-18,1,4.3944093438529945,7.0,0,2,8.788818687705989,7.0,True,False,Stockout Risk
FOODS_2_188_CA_1_validation,2016-03-14,6,3.892409832523957,12.0,0,2,7.784819665047914,12.0,False,False,Normal
FOODS_2_188_CA_1_validation,2016-03-21,10,5.017780319690952,16.0,0,2,10.035560639381904,16.0,False,False,Normal
FOODS_2_188_CA_1_validation,2016-03-28,1,6.350232736822147,11.0,0,2,12.700465473644295,11.0,True,False,Stockout Risk
FOODS_2_188_CA_1_validation,2016-04-04,7,4.007731993984717,12.0,0,2,8.015463987969435,12.0,False,False,Normal
FOODS_2_188_CA_1_validation,2016-04-11,5,5.527563394798769,12.0,0,2,11.055126789597537,12.0,False,False,Normal
FOODS_2_188_CA_1_validation,2016-04-18,2,5.401719457309812,8.0,0,2,10.803438914619624,8.0,True,False,Stockout Risk
FOODS_2_189_CA_1_validation,2016-03-14,14,11.470112860221883,28.0,0,2,22.940225720443767,28.0,False,False,Normal
FOODS_2_189_CA_1_validation,2016-03-21,12,13.49948270717305,26.0,0,2,26.9989654143461,26.0,True,False,Stockout Risk
FOODS_2_189_CA_1_validation,2016-03-28,15,13.093123654380866,27.0,0,2,26.186247308761732,27.0,False,False,Normal
FOODS_2_189_CA_1_validation,2016-04-04,13,13.276186042245156,27.0,0,2,26.55237208449031,27.0,False,False,Normal
FOODS_2_189_CA_1_validation,2016-04-11,8,12.561338462958838,24.0,0,2,25.122676925917677,24.0,True,False,Stockout Risk
FOODS_2_189_CA_1_validation,2016-04-18,12,10.832704297870078,24.0,0,2,21.665408595740157,24.0,False,False,Normal
FOODS_2_190_CA_1_validation,2016-03-14,9,9.48817759521301,18.0,0,2,18.97635519042602,18.0,True,False,Stockout Risk
FOODS_2_190_CA_1_validation,2016-03-21,5,8.690491936806671,14.0,0,2,17.380983873613342,14.0,True,False,Stockout Risk
FOODS_2_190_CA_1_validation,2016-03-28,9,7.512039433860831,15.0,0,2,15.024078867721663,15.0,True,False,Stockout Risk
FOODS_2_190_CA_1_validation,2016-04-04,7,8.254423448132938,15.0,0,2,16.508846896265876,15.0,True,False,Stockout Risk
FOODS_2_190_CA_1_validation,2016-04-11,7,7.078330266187917,14.0,0,2,14.156660532375835,14.0,True,False,Stockout Risk
FOODS_2_190_CA_1_validation,2016-04-18,8,6.931467538324046,16.0,0,2,13.862935076648093,16.0,False,False,Normal
FOODS_2_191_CA_1_validation,2016-03-14,1,3.179284167346242,2.0,0,2,6.358568334692484,2.0,True,False,Stockout Risk
FOODS_2_191_CA_1_validation,2016-03-21,0,2.5448471062781244,1.0,0,2,5.089694212556249,1.0,True,False,Stockout Risk
FOODS_2_191_CA_1_validation,2016-03-28,4,1.043850061217488,3.0,0,2,2.087700122434976,3.0,False,False,Normal
FOODS_2_191_CA_1_validation,2016-04-04,0,3.7901873955534895,2.0,0,2,7.580374791106979,2.0,True,False,Stockout Risk
FOODS_2_191_CA_1_validation,2016-04-11,0,1.0309547996605335,2.0,0,2,2.061909599321067,2.0,True,False,Stockout Risk
FOODS_2_191_CA_1_validation,2016-04-18,0,0.8747508394466008,2.0,0,2,1.7495016788932016,2.0,False,False,Normal
FOODS_2_192_CA_1_validation,2016-03-14,26,17.99650354856741,52.0,0,2,35.99300709713482,52.0,False,False,Normal
FOODS_2_192_CA_1_validation,2016-03-21,11,20.45474079410097,37.0,0,2,40.90948158820194,37.0,True,False,Stockout Risk
FOODS_2_192_CA_1_validation,2016-03-28,16,16.32880176596744,35.0,0,2,32.65760353193488,35.0,False,False,Normal
FOODS_2_192_CA_1_validation,2016-04-04,15,17.876527839682474,34.0,0,2,35.75305567936495,34.0,True,False,Stockout Risk
FOODS_2_192_CA_1_validation,2016-04-11,21,15.72912041746538,32.0,0,2,31.45824083493076,32.0,False,False,Normal
FOODS_2_192_CA_1_validation,2016-04-18,21,16.32664312594571,36.0,0,2,32.65328625189142,36.0,False,False,Normal
FOODS_2_193_CA_1_validation,2016-03-14,3,4.7515602543817925,6.0,0,2,9.503120508763585,6.0,True,False,Stockout Risk
FOODS_2_193_CA_1_validation,2016-03-21,3,4.56361575902268,6.0,0,2,9.12723151804536,6.0,True,False,Stockout Risk
FOODS_2_193_CA_1_validation,2016-03-28,1,4.638447931981704,5.0,0,2,9.276895863963407,5.0,True,False,Stockout Risk
FOODS_2_193_CA_1_validation,2016-04-04,6,3.0631367113104915,6.0,0,2,6.126273422620983,6.0,True,False,Stockout Risk
FOODS_2_193_CA_1_validation,2016-04-11,5,4.50560537652613,8.0,0,2,9.01121075305226,8.0,True,False,Stockout Risk
FOODS_2_193_CA_1_validation,2016-04-18,0,4.928195773036978,6.0,0,2,9.856391546073956,6.0,True,False,Stockout Risk
FOODS_2_194_CA_1_validation,2016-03-14,0,5.9603992309015545,0.0,0,2,11.920798461803109,0.0,True,False,Stockout Risk
FOODS_2_194_CA_1_validation,2016-03-21,17,2.290439358943715,17.0,0,2,4.58087871788743,17.0,False,False,Normal
FOODS_2_194_CA_1_validation,2016-03-28,10,15.645265537881931,18.0,0,2,31.290531075763862,18.0,True,False,Stockout Risk
FOODS_2_194_CA_1_validation,2016-04-04,28,9.23189092273762,28.0,0,2,18.46378184547524,28.0,False,False,Normal
FOODS_2_194_CA_1_validation,2016-04-11,26,22.42577522207661,40.0,0,2,44.85155044415322,40.0,True,False,Stockout Risk
FOODS_2_194_CA_1_validation,2016-04-18,27,20.53913775093066,46.0,0,2,41.07827550186132,46.0,False,False,Normal
FOODS_2_195_CA_1_validation,2016-03-14,4,2.7286339491840157,8.0,0,2,5.457267898368031,8.0,False,False,Normal
FOODS_2_195_CA_1_validation,2016-03-21,2,3.717698888136729,6.0,0,2,7.435397776273458,6.0,True,False,Stockout Risk
FOODS_2_195_CA_1_validation,2016-03-28,3,2.9543713646225074,6.0,0,2,5.908742729245015,6.0,False,False,Normal
FOODS_2_195_CA_1_validation,2016-04-04,0,3.6490583728198938,4.0,0,2,7.2981167456397875,4.0,True,False,Stockout Risk
FOODS_2_195_CA_1_validation,2016-04-11,1,0.9792966638200388,3.0,0,2,1.9585933276400775,3.0,False,False,Normal
FOODS_2_195_CA_1_validation,2016-04-18,1,2.376871368313041,2.0,0,2,4.753742736626082,2.0,True,False,Stockout Risk
FOODS_2_196_CA_1_validation,2016-03-14,0,4.596541913069456,0.0,0,2,9.193083826138912,0.0,True,False,Stockout Risk
FOODS_2_196_CA_1_validation,2016-03-21,1,1.1241322714248425,1.0,0,2,2.248264542849685,1.0,True,False,Stockout Risk
FOODS_2_196_CA_1_validation,2016-03-28,5,3.4892927071156072,4.0,0,2,6.9785854142312145,4.0,True,False,Stockout Risk
FOODS_2_196_CA_1_validation,2016-04-04,3,3.972549652451761,4.0,0,2,7.945099304903522,4.0,True,False,Stockout Risk
FOODS_2_196_CA_1_validation,2016-04-11,6,3.998230961335503,8.0,0,2,7.996461922671006,8.0,False,False,Normal
FOODS_2_196_CA_1_validation,2016-04-18,2,4.580981380240236,8.0,0,2,9.161962760480472,8.0,True,False,Stockout Risk
FOODS_2_197_CA_1_validation,2016-03-14,106,121.6629879223988,212.0,0,2,243.3259758447976,212.0,True,False,Stockout Risk
FOODS_2_197_CA_1_validation,2016-03-21,80,119.5589502017664,186.0,0,2,239.1179004035328,186.0,True,False,Stockout Risk
FOODS_2_197_CA_1_validation,2016-03-28,116,96.62337558218704,201.0,0,2,193.24675116437407,201.0,False,False,Normal
FOODS_2_197_CA_1_validation,2016-04-04,170,110.4787758041092,236.0,0,2,220.9575516082184,236.0,False,False,Normal
FOODS_2_197_CA_1_validation,2016-04-11,131,135.65705336745685,248.0,0,2,271.3141067349137,248.0,True,False,Stockout Risk
FOODS_2_197_CA_1_validation,2016-04-18,142,121.1763767116372,280.0,0,2,242.3527534232744,280.0,False,False,Normal
FOODS_2_198_CA_1_validation,2016-03-14,5,7.786875851720632,10.0,0,2,15.573751703441264,10.0,True,False,Stockout Risk
FOODS_2_198_CA_1_validation,2016-03-21,3,7.013381647032784,8.0,0,2,14.026763294065567,8.0,True,False,Stockout Risk
FOODS_2_198_CA_1_validation,2016-03-28,1,5.5601764387794095,6.0,0,2,11.120352877558819,6.0,True,False,Stockout Risk
FOODS_2_198_CA_1_validation,2016-04-04,11,4.408911959652345,10.0,0,2,8.81782391930469,10.0,False,False,Normal
FOODS_2_198_CA_1_validation,2016-04-11,13,6.569073222588047,14.0,0,2,13.138146445176094,14.0,False,False,Normal
FOODS_2_198_CA_1_validation,2016-04-18,6,8.554172144433675,16.0,0,2,17.10834428886735,16.0,True,False,Stockout Risk
FOODS_2_199_CA_1_validation,2016-03-14,10,12.404308714241123,20.0,0,2,24.808617428482247,20.0,True,False,Stockout Risk
FOODS_2_199_CA_1_validation,2016-03-21,8,11.298862205149987,18.0,0,2,22.597724410299975,18.0,True,False,Stockout Risk
FOODS_2_199_CA_1_validation,2016-03-28,5,10.31959960811701,15.0,0,2,20.63919921623402,15.0,True,False,Stockout Risk
FOODS_2_199_CA_1_validation,2016-04-04,7,8.856548733195574,15.0,0,2,17.713097466391147,15.0,True,False,Stockout Risk
FOODS_2_199_CA_1_validation,2016-04-11,14,7.7451613742971,17.0,0,2,15.4903227485942,17.0,False,False,Normal
FOODS_2_199_CA_1_validation,2016-04-18,8,10.164902779134596,17.0,0,2,20.329805558269193,17.0,True,False,Stockout Risk
FOODS_2_200_CA_1_validation,2016-03-14,1,4.022423177071073,2.0,0,2,8.044846354142146,2.0,True,False,Stockout Risk
FOODS_2_200_CA_1_validation,2016-03-21,3,2.6589168817507467,4.0,0,2,5.317833763501493,4.0,True,False,Stockout Risk
FOODS_2_200_CA_1_validation,2016-03-28,0,3.420669846681696,3.0,0,2,6.841339693363392,3.0,True,False,Stockout Risk
FOODS_2_200_CA_1_validation,2016-04-04,3,1.2091454856713904,4.0,0,2,2.4182909713427807,4.0,False,False,Normal
FOODS_2_200_CA_1_validation,2016-04-11,3,3.473619685785094,4.0,0,2,6.947239371570188,4.0,True,False,Stockout Risk
FOODS_2_200_CA_1_validation,2016-04-18,4,3.0724508349501507,5.0,0,2,6.144901669900301,5.0,True,False,Stockout Risk
FOODS_2_201_CA_1_validation,2016-03-14,23,20.16188176327015,46.0,0,2,40.3237635265403,46.0,False,False,Normal
FOODS_2_201_CA_1_validation,2016-03-21,18,19.655590285924344,41.0,0,2,39.31118057184869,41.0,False,False,Normal
FOODS_2_201_CA_1_validation,2016-03-28,23,20.3598004967404,43.0,0,2,40.7196009934808,43.0,False,False,Normal
FOODS_2_201_CA_1_validation,2016-04-04,27,22.036157602108148,46.0,0,2,44.072315204216295,46.0,False,False,Normal
FOODS_2_201_CA_1_validation,2016-04-11,18,23.1431738944447,43.0,0,2,46.2863477888894,43.0,True,False,Stockout Risk
FOODS_2_201_CA_1_validation,2016-04-18,25,19.51084347041003,46.0,0,2,39.02168694082006,46.0,False,False,Normal
FOODS_2_202_CA_1_validation,2016-03-14,10,7.968953126449906,20.0,0,2,15.937906252899811,20.0,False,False,Normal
FOODS_2_202_CA_1_validation,2016-03-21,12,8.471614669161916,22.0,0,2,16.94322933832383,22.0,False,False,Normal
FOODS_2_202_CA_1_validation,2016-03-28,6,10.06158068481224,19.0,0,2,20.12316136962448,19.0,True,False,Stockout Risk
FOODS_2_202_CA_1_validation,2016-04-04,11,8.65887542607864,20.0,0,2,17.31775085215728,20.0,False,False,Normal
FOODS_2_202_CA_1_validation,2016-04-11,9,8.816566483510947,19.0,0,2,17.633132967021893,19.0,False,False,Normal
FOODS_2_202_CA_1_validation,2016-04-18,7,9.02989599735012,16.0,0,2,18.05979199470024,16.0,True,False,Stockout Risk
FOODS_2_203_CA_1_validation,2016-03-14,5,10.078123775933069,10.0,0,2,20.156247551866137,10.0,True,False,Stockout Risk
FOODS_2_203_CA_1_validation,2016-03-21,13,8.989718374518617,18.0,0,2,17.979436749037234,18.0,False,False,Normal
FOODS_2_203_CA_1_validation,2016-03-28,6,10.610547140681106,16.0,0,2,21.221094281362213,16.0,True,False,Stockout Risk
FOODS_2_203_CA_1_validation,2016-04-04,6,8.861472150615876,15.0,0,2,17.722944301231752,15.0,True,False,Stockout Risk
FOODS_2_203_CA_1_validation,2016-04-11,9,7.919074462361492,17.0,0,2,15.838148924722985,17.0,False,False,Normal
FOODS_2_203_CA_1_validation,2016-04-18,6,8.508968621799031,14.0,0,2,17.017937243598062,14.0,True,False,Stockout Risk
FOODS_2_204_CA_1_validation,2016-03-14,47,55.95876873821194,94.0,0,2,111.91753747642387,94.0,True,False,Stockout Risk
FOODS_2_204_CA_1_validation,2016-03-21,25,41.17259000385154,72.0,0,2,82.34518000770308,72.0,True,False,Stockout Risk
FOODS_2_204_CA_1_validation,2016-03-28,8,35.09195965159143,53.0,0,2,70.18391930318286,53.0,True,False,Stockout Risk
FOODS_2_204_CA_1_validation,2016-04-04,30,28.369371293801965,55.0,0,2,56.73874258760393,55.0,True,False,Stockout Risk
FOODS_2_204_CA_1_validation,2016-04-11,17,28.00970843063927,40.0,0,2,56.01941686127854,40.0,True,False,Stockout Risk
FOODS_2_204_CA_1_validation,2016-04-18,24,20.41452728250326,40.0,0,2,40.82905456500652,40.0,True,False,Stockout Risk
FOODS_2_205_CA_1_validation,2016-03-14,8,5.322091887571993,16.0,0,2,10.644183775143986,16.0,False,False,Normal
FOODS_2_205_CA_1_validation,2016-03-21,5,6.241650562896357,13.0,0,2,12.483301125792714,13.0,False,False,Normal
FOODS_2_205_CA_1_validation,2016-03-28,11,5.704495828983904,16.0,0,2,11.408991657967809,16.0,False,False,Normal
FOODS_2_205_CA_1_validation,2016-04-04,4,8.258180800962831,14.0,0,2,16.516361601925663,14.0,True,False,Stockout Risk
FOODS_2_205_CA_1_validation,2016-04-11,5,6.36189295262778,12.0,0,2,12.72378590525556,12.0,True,False,Stockout Risk
FOODS_2_205_CA_1_validation,2016-04-18,8,5.716344611403893,14.0,0,2,11.432689222807786,14.0,False,False,Normal
FOODS_2_206_CA_1_validation,2016-03-14,6,5.4497507817478255,12.0,0,2,10.899501563495651,12.0,False,False,Normal
FOODS_2_206_CA_1_validation,2016-03-21,9,5.630340013268938,15.0,0,2,11.260680026537877,15.0,False,False,Normal
FOODS_2_206_CA_1_validation,2016-03-28,6,6.949956621245572,14.0,0,2,13.899913242491143,14.0,False,False,Normal
FOODS_2_206_CA_1_validation,2016-04-04,12,6.911627931745195,16.0,0,2,13.82325586349039,16.0,False,False,Normal
FOODS_2_206_CA_1_validation,2016-04-11,5,8.524800732236567,16.0,0,2,17.049601464473135,16.0,True,False,Stockout Risk
FOODS_2_206_CA_1_validation,2016-04-18,7,7.15480030404029,15.0,0,2,14.30960060808058,15.0,False,False,Normal
FOODS_2_207_CA_1_validation,2016-03-14,2,3.8778515303674665,4.0,0,2,7.755703060734933,4.0,True,False,Stockout Risk
FOODS_2_207_CA_1_validation,2016-03-21,2,3.238036978956605,4.0,0,2,6.47607395791321,4.0,True,False,Stockout Risk
FOODS_2_207_CA_1_validation,2016-03-28,3,3.18637884311611,5.0,0,2,6.37275768623222,5.0,True,False,Stockout Risk
FOODS_2_207_CA_1_validation,2016-04-04,2,3.6490583728198938,4.0,0,2,7.2981167456397875,4.0,True,False,Stockout Risk
FOODS_2_207_CA_1_validation,2016-04-11,3,2.838159831384565,5.0,0,2,5.67631966276913,5.0,True,False,Stockout Risk
FOODS_2_207_CA_1_validation,2016-04-18,2,3.4026594795989875,5.0,0,2,6.805318959197975,5.0,True,False,Stockout Risk
FOODS_2_208_CA_1_validation,2016-03-14,15,10.93430203949388,30.0,0,2,21.86860407898776,30.0,False,False,Normal
FOODS_2_208_CA_1_validation,2016-03-21,7,12.76350654678788,22.0,0,2,25.52701309357576,22.0,True,False,Stockout Risk
FOODS_2_208_CA_1_validation,2016-03-28,16,10.825765583970435,25.0,0,2,21.65153116794087,25.0,False,False,Normal
FOODS_2_208_CA_1_validation,2016-04-04,12,12.410412117106317,25.0,0,2,24.820824234212633,25.0,False,False,Normal
FOODS_2_208_CA_1_validation,2016-04-11,13,11.932792575235874,24.0,0,2,23.865585150471748,24.0,False,False,Normal
FOODS_2_208_CA_1_validation,2016-04-18,15,11.754201160129202,28.0,0,2,23.508402320258405,28.0,False,False,Normal
FOODS_2_209_CA_1_validation,2016-03-14,2,4.622988952024551,4.0,0,2,9.245977904049102,4.0,True,False,Stockout Risk
FOODS_2_209_CA_1_validation,2016-03-21,1,4.12422114496431,3.0,0,2,8.24844228992862,3.0,True,False,Stockout Risk
FOODS_2_209_CA_1_validation,2016-03-28,5,3.4697750326591272,5.0,0,2,6.9395500653182545,5.0,True,False,Stockout Risk
FOODS_2_209_CA_1_validation,2016-04-04,5,4.081504322398627,6.0,0,2,8.163008644797253,6.0,True,False,Stockout Risk
FOODS_2_209_CA_1_validation,2016-04-11,9,3.9618379422855288,10.0,0,2,7.9236758845710575,10.0,False,False,Normal
FOODS_2_209_CA_1_validation,2016-04-18,1,5.516486309220385,10.0,0,2,11.03297261844077,10.0,True,False,Stockout Risk
FOODS_2_210_CA_1_validation,2016-03-14,5,3.197509067781513,10.0,0,2,6.395018135563026,10.0,False,False,Normal
FOODS_2_210_CA_1_validation,2016-03-21,2,4.538521586129616,7.0,0,2,9.077043172259232,7.0,True,False,Stockout Risk
FOODS_2_210_CA_1_validation,2016-03-28,3,3.0148874397333296,7.0,0,2,6.029774879466659,7.0,False,False,Normal
FOODS_2_210_CA_1_validation,2016-04-04,6,3.9235713451591794,8.0,0,2,7.847142690318359,8.0,False,False,Normal
FOODS_2_210_CA_1_validation,2016-04-11,1,4.719042957672722,6.0,0,2,9.438085915345445,6.0,True,False,Stockout Risk
FOODS_2_210_CA_1_validation,2016-04-18,7,2.7815962545226016,8.0,0,2,5.563192509045203,8.0,False,False,Normal
FOODS_2_211_CA_1_validation,2016-03-14,10,6.92263966288313,20.0,0,2,13.84527932576626,20.0,False,False,Normal
FOODS_2_211_CA_1_validation,2016-03-21,7,8.143369688434507,17.0,0,2,16.286739376869015,17.0,False,False,Normal
FOODS_2_211_CA_1_validation,2016-03-28,6,7.328268710273784,15.0,0,2,14.656537420547568,15.0,False,False,Normal
FOODS_2_211_CA_1_validation,2016-04-04,8,6.993747357835935,16.0,0,2,13.98749471567187,16.0,False,False,Normal
FOODS_2_211_CA_1_validation,2016-04-11,4,7.48733364779068,12.0,0,2,14.97466729558136,12.0,True,False,Stockout Risk
FOODS_2_211_CA_1_validation,2016-04-18,6,6.271492221837251,12.0,0,2,12.542984443674502,12.0,True,False,Stockout Risk
FOODS_2_212_CA_1_validation,2016-03-14,14,17.30009418643996,28.0,0,2,34.60018837287992,28.0,True,False,Stockout Risk
FOODS_2_212_CA_1_validation,2016-03-21,20,15.814462447472843,34.0,0,2,31.628924894945687,34.0,False,False,Normal
FOODS_2_212_CA_1_validation,2016-03-28,19,17.540912678040538,35.0,0,2,35.081825356081076,35.0,True,False,Stockout Risk
FOODS_2_212_CA_1_validation,2016-04-04,12,19.17414330898808,32.0,0,2,38.34828661797616,32.0,True,False,Stockout Risk
FOODS_2_212_CA_1_validation,2016-04-11,22,14.989464762984674,36.0,0,2,29.97892952596935,36.0,False,False,Normal
FOODS_2_212_CA_1_validation,2016-04-18,8,17.15740834796709,30.0,0,2,34.31481669593418,30.0,True,False,Stockout Risk
FOODS_2_213_CA_1_validation,2016-03-14,1,4.961025861161985,2.0,0,2,9.92205172232397,2.0,True,False,Stockout Risk
FOODS_2_213_CA_1_validation,2016-03-21,0,3.422659212385604,1.0,0,2,6.845318424771208,1.0,True,False,Stockout Risk
FOODS_2_213_CA_1_validation,2016-03-28,4,1.3109656041820306,3.0,0,2,2.621931208364061,3.0,False,False,Normal
FOODS_2_213_CA_1_validation,2016-04-04,8,4.2951069845895535,6.0,0,2,8.590213969179107,6.0,True,False,Stockout Risk
FOODS_2_213_CA_1_validation,2016-04-11,7,5.352698893907077,10.0,0,2,10.705397787814155,10.0,True,False,Stockout Risk
FOODS_2_213_CA_1_validation,2016-04-18,3,6.7021417063560405,11.0,0,2,13.404283412712081,11.0,True,False,Stockout Risk
FOODS_2_214_CA_1_validation,2016-03-14,0,1.5001011377124978,0.0,0,2,3.0002022754249955,0.0,True,False,Stockout Risk
FOODS_2_214_CA_1_validation,2016-03-21,0,0.4259375598775828,0.0,0,2,0.8518751197551656,0.0,True,False,Stockout Risk
FOODS_2_214_CA_1_validation,2016-03-28,0,0.438807456804893,0.0,0,2,0.877614913609786,0.0,True,False,Stockout Risk
FOODS_2_214_CA_1_validation,2016-04-04,0,0.6841933538188314,0.0,0,2,1.3683867076376628,0.0,True,False,Stockout Risk
FOODS_2_214_CA_1_validation,2016-04-11,0,0.3742540594074448,0.0,0,2,0.7485081188148895,0.0,True,False,Stockout Risk
FOODS_2_214_CA_1_validation,2016-04-18,0,0.3006084123614305,0.0,0,2,0.601216824722861,0.0,True,False,Stockout Risk
FOODS_2_215_CA_1_validation,2016-03-14,6,9.522260770497333,12.0,0,2,19.044521540994666,12.0,True,False,Stockout Risk
FOODS_2_215_CA_1_validation,2016-03-21,10,8.623418264519163,16.0,0,2,17.246836529038326,16.0,True,False,Stockout Risk
FOODS_2_215_CA_1_validation,2016-03-28,4,8.703962256717238,13.0,0,2,17.407924513434477,13.0,True,False,Stockout Risk
FOODS_2_215_CA_1_validation,2016-04-04,10,7.055617830456384,15.0,0,2,14.111235660912769,15.0,False,False,Normal
FOODS_2_215_CA_1_validation,2016-04-11,12,7.773063352978121,18.0,0,2,15.546126705956242,18.0,False,False,Normal
FOODS_2_215_CA_1_validation,2016-04-18,12,9.47722504732484,19.0,0,2,18.95445009464968,19.0,False,False,Normal
FOODS_2_216_CA_1_validation,2016-03-14,6,6.924196572744909,12.0,0,2,13.848393145489817,12.0,True,False,Stockout Risk
FOODS_2_216_CA_1_validation,2016-03-21,4,6.832352509330798,10.0,0,2,13.664705018661596,10.0,True,False,Stockout Risk
FOODS_2_216_CA_1_validation,2016-03-28,6,5.701030072770559,11.0,0,2,11.402060145541117,11.0,True,False,Stockout Risk
FOODS_2_216_CA_1_validation,2016-04-04,6,5.833045552787513,11.0,0,2,11.666091105575026,11.0,True,False,Stockout Risk
FOODS_2_216_CA_1_validation,2016-04-11,7,5.810936878144442,12.0,0,2,11.621873756288885,12.0,False,False,Normal
FOODS_2_216_CA_1_validation,2016-04-18,3,6.260442929955181,11.0,0,2,12.520885859910361,11.0,True,False,Stockout Risk
FOODS_2_217_CA_1_validation,2016-03-14,5,5.468257656216408,10.0,0,2,10.936515312432816,10.0,True,False,Stockout Risk
FOODS_2_217_CA_1_validation,2016-03-21,3,5.202168180042577,8.0,0,2,10.404336360085154,8.0,True,False,Stockout Risk
FOODS_2_217_CA_1_validation,2016-03-28,11,4.750622142933021,13.0,0,2,9.501244285866042,13.0,False,False,Normal
FOODS_2_217_CA_1_validation,2016-04-04,8,6.761337748869569,14.0,0,2,13.522675497739138,14.0,False,False,Normal
FOODS_2_217_CA_1_validation,2016-04-11,8,7.136658805630093,15.0,0,2,14.273317611260186,15.0,False,False,Normal
FOODS_2_217_CA_1_validation,2016-04-18,4,7.156943333445851,16.0,0,2,14.313886666891703,16.0,False,False,Normal
FOODS_2_218_CA_1_validation,2016-03-14,1,4.480129556111948,2.0,0,2,8.960259112223897,2.0,True,False,Stockout Risk
FOODS_2_218_CA_1_validation,2016-03-21,5,3.4697750326591272,6.0,0,2,6.9395500653182545,6.0,True,False,Stockout Risk
FOODS_2_218_CA_1_validation,2016-03-28,9,4.088928073118888,10.0,0,2,8.177856146237776,10.0,False,False,Normal
FOODS_2_218_CA_1_validation,2016-04-04,4,5.904500078113058,10.0,0,2,11.809000156226116,10.0,True,False,Stockout Risk
FOODS_2_218_CA_1_validation,2016-04-11,2,4.78523273869872,10.0,0,2,9.57046547739744,10.0,False,False,Normal
FOODS_2_218_CA_1_validation,2016-04-18,7,3.8767897742559776,11.0,0,2,7.753579548511955,11.0,False,False,Normal
FOODS_2_219_CA_1_validation,2016-03-14,23,10.667124674871909,46.0,0,2,21.334249349743818,46.0,False,False,Normal
FOODS_2_219_CA_1_validation,2016-03-21,11,17.01629487922418,34.0,0,2,34.03258975844836,34.0,True,False,Stockout Risk
FOODS_2_219_CA_1_validation,2016-03-28,11,12.700090686415251,30.0,0,2,25.400181372830502,30.0,False,False,Normal
FOODS_2_219_CA_1_validation,2016-04-04,17,12.229202224401378,31.0,0,2,24.458404448802757,31.0,False,False,Normal
FOODS_2_219_CA_1_validation,2016-04-11,13,14.894293695936808,26.0,0,2,29.788587391873616,26.0,True,False,Stockout Risk
FOODS_2_219_CA_1_validation,2016-04-18,9,13.094612529139308,25.0,0,2,26.189225058278616,25.0,True,False,Stockout Risk
FOODS_2_220_CA_1_validation,2016-03-14,16,11.092240681723302,32.0,0,2,22.184481363446604,32.0,False,False,Normal
FOODS_2_220_CA_1_validation,2016-03-21,15,13.14658822922472,31.0,0,2,26.29317645844944,31.0,False,False,Normal
FOODS_2_220_CA_1_validation,2016-03-28,11,13.18406100369591,28.0,0,2,26.36812200739182,28.0,False,False,Normal
FOODS_2_220_CA_1_validation,2016-04-04,18,12.777874611180676,30.0,0,2,25.555749222361353,30.0,False,False,Normal
FOODS_2_220_CA_1_validation,2016-04-11,12,14.022589333319836,28.0,0,2,28.04517866663967,28.0,True,False,Stockout Risk
FOODS_2_220_CA_1_validation,2016-04-18,12,12.986982969585975,26.0,0,2,25.97396593917195,26.0,False,False,Normal
FOODS_2_221_CA_1_validation,2016-03-14,26,21.154800658012924,52.0,0,2,42.30960131602585,52.0,False,False,Normal
FOODS_2_221_CA_1_validation,2016-03-21,16,22.23905648940678,42.0,0,2,44.47811297881356,42.0,True,False,Stockout Risk
FOODS_2_221_CA_1_validation,2016-03-28,19,19.280466181641184,41.0,0,2,38.56093236328237,41.0,False,False,Normal
FOODS_2_221_CA_1_validation,2016-04-04,21,20.773691800374102,41.0,0,2,41.547383600748205,41.0,True,False,Stockout Risk
FOODS_2_221_CA_1_validation,2016-04-11,25,20.59646891618604,40.0,0,2,41.19293783237208,40.0,True,False,Stockout Risk
FOODS_2_221_CA_1_validation,2016-04-18,17,21.54110052341132,41.0,0,2,43.08220104682264,41.0,True,False,Stockout Risk
FOODS_2_222_CA_1_validation,2016-03-14,50,61.41553633281533,100.0,0,2,122.83107266563066,100.0,True,False,Stockout Risk
FOODS_2_222_CA_1_validation,2016-03-21,42,52.97539505406327,92.0,0,2,105.95079010812654,92.0,True,False,Stockout Risk
FOODS_2_222_CA_1_validation,2016-03-28,57,50.58043535654319,99.0,0,2,101.16087071308638,99.0,True,False,Stockout Risk
FOODS_2_222_CA_1_validation,2016-04-04,54,57.66820214415871,102.0,0,2,115.33640428831742,102.0,True,False,Stockout Risk
FOODS_2_222_CA_1_validation,2016-04-11,29,52.25527134461067,91.0,0,2,104.51054268922134,91.0,True,False,Stockout Risk
FOODS_2_222_CA_1_validation,2016-04-18,45,41.78123469857255,92.0,0,2,83.5624693971451,92.0,False,False,Normal
FOODS_2_223_CA_1_validation,2016-03-14,0,0.4259375598775828,0.0,0,2,0.8518751197551656,0.0,True,False,Stockout Risk
FOODS_2_223_CA_1_validation,2016-03-21,0,0.4259375598775828,0.0,0,2,0.8518751197551656,0.0,True,False,Stockout Risk
FOODS_2_223_CA_1_validation,2016-03-28,0,0.438807456804893,0.0,0,2,0.877614913609786,0.0,True,False,Stockout Risk
FOODS_2_223_CA_1_validation,2016-04-04,0,0.5470073055823366,0.0,0,2,1.0940146111646731,0.0,True,False,Stockout Risk
FOODS_2_223_CA_1_validation,2016-04-11,0,0.3006084123614305,0.0,0,2,0.601216824722861,0.0,True,False,Stockout Risk
FOODS_2_223_CA_1_validation,2016-04-18,0,0.3006084123614305,0.0,0,2,0.601216824722861,0.0,True,False,Stockout Risk
FOODS_2_224_CA_1_validation,2016-03-14,6,5.248745179972222,12.0,0,2,10.497490359944443,12.0,False,False,Normal
FOODS_2_224_CA_1_validation,2016-03-21,10,5.337582381145804,16.0,0,2,10.675164762291608,16.0,False,False,Normal
FOODS_2_224_CA_1_validation,2016-03-28,2,7.143843871811868,12.0,0,2,14.287687743623737,12.0,True,False,Stockout Risk
FOODS_2_224_CA_1_validation,2016-04-04,3,5.150933424940289,10.0,0,2,10.301866849880579,10.0,True,False,Stockout Risk
FOODS_2_224_CA_1_validation,2016-04-11,6,4.573894534584255,10.0,0,2,9.14778906916851,10.0,False,False,Normal
FOODS_2_224_CA_1_validation,2016-04-18,7,5.118574837798395,9.0,0,2,10.23714967559679,9.0,True,False,Stockout Risk
FOODS_2_225_CA_1_validation,2016-03-14,11,9.52612302743757,22.0,0,2,19.05224605487514,22.0,False,False,Normal
FOODS_2_225_CA_1_validation,2016-03-21,11,10.063166590668326,22.0,0,2,20.12633318133665,22.0,False,False,Normal
FOODS_2_225_CA_1_validation,2016-03-28,6,10.272923370258226,19.0,0,2,20.545846740516453,19.0,True,False,Stockout Risk
FOODS_2_225_CA_1_validation,2016-04-04,15,9.058418290750264,22.0,0,2,18.11683658150053,22.0,False,False,Normal
FOODS_2_225_CA_1_validation,2016-04-11,8,10.23044459135794,20.0,0,2,20.46088918271588,20.0,True,False,Stockout Risk
FOODS_2_225_CA_1_validation,2016-04-18,5,9.53704166540762,17.0,0,2,19.07408333081524,17.0,True,False,Stockout Risk
FOODS_2_226_CA_1_validation,2016-03-14,2,3.899658826575166,4.0,0,2,7.799317653150332,4.0,True,False,Stockout Risk
FOODS_2_226_CA_1_validation,2016-03-21,2,3.340832989066072,4.0,0,2,6.681665978132144,4.0,True,False,Stockout Risk
FOODS_2_226_CA_1_validation,2016-03-28,4,3.1398358128013717,5.0,0,2,6.279671625602743,5.0,True,False,Stockout Risk
FOODS_2_226_CA_1_validation,2016-04-04,2,4.0742553283474185,5.0,0,2,8.148510656694837,5.0,True,False,Stockout Risk
FOODS_2_226_CA_1_validation,2016-04-11,1,3.1734835815591573,4.0,0,2,6.346967163118315,4.0,True,False,Stockout Risk
FOODS_2_226_CA_1_validation,2016-04-18,2,2.305582764493448,4.0,0,2,4.611165528986896,4.0,True,False,Stockout Risk
FOODS_2_227_CA_1_validation,2016-03-14,6,6.794950783542808,12.0,0,2,13.589901567085615,12.0,True,False,Stockout Risk
FOODS_2_227_CA_1_validation,2016-03-21,9,6.584007153045577,15.0,0,2,13.168014306091154,15.0,False,False,Normal
FOODS_2_227_CA_1_validation,2016-03-28,9,7.4272134613724035,16.0,0,2,14.854426922744807,16.0,False,False,Normal
FOODS_2_227_CA_1_validation,2016-04-04,3,8.40121280353411,14.0,0,2,16.80242560706822,14.0,True,False,Stockout Risk
FOODS_2_227_CA_1_validation,2016-04-11,5,5.899941279474965,13.0,0,2,11.79988255894993,13.0,False,False,Normal
FOODS_2_227_CA_1_validation,2016-04-18,0,5.939667686512824,8.0,0,2,11.879335373025649,8.0,True,False,Stockout Risk
FOODS_2_228_CA_1_validation,2016-03-14,3,4.007017654644142,6.0,0,2,8.014035309288284,6.0,True,False,Stockout Risk
FOODS_2_228_CA_1_validation,2016-03-21,1,3.1370042323475986,4.0,0,2,6.274008464695197,4.0,True,False,Stockout Risk
FOODS_2_228_CA_1_validation,2016-03-28,0,2.862704707405826,3.0,0,2,5.725409414811652,3.0,True,False,Stockout Risk
FOODS_2_228_CA_1_validation,2016-04-04,0,1.2091454856713904,2.0,0,2,2.4182909713427807,2.0,True,False,Stockout Risk
FOODS_2_228_CA_1_validation,2016-04-11,3,0.9026045081591122,2.0,0,2,1.8052090163182244,2.0,False,False,Normal
FOODS_2_228_CA_1_validation,2016-04-18,1,3.2523657110831268,2.0,0,2,6.5047314221662536,2.0,True,False,Stockout Risk
FOODS_2_229_CA_1_validation,2016-03-14,0,0.4553433990161183,0.0,0,2,0.9106867980322366,0.0,True,False,Stockout Risk
FOODS_2_229_CA_1_validation,2016-03-21,0,0.4259375598775828,0.0,0,2,0.8518751197551656,0.0,True,False,Stockout Risk
FOODS_2_229_CA_1_validation,2016-03-28,0,0.438807456804893,0.0,0,2,0.877614913609786,0.0,True,False,Stockout Risk
FOODS_2_229_CA_1_validation,2016-04-04,0,0.5470073055823366,0.0,0,2,1.0940146111646731,0.0,True,False,Stockout Risk
FOODS_2_229_CA_1_validation,2016-04-11,0,0.3006084123614305,0.0,0,2,0.601216824722861,0.0,True,False,Stockout Risk
FOODS_2_229_CA_1_validation,2016-04-18,0,0.3006084123614305,0.0,0,2,0.601216824722861,0.0,True,False,Stockout Risk
FOODS_2_230_CA_1_validation,2016-03-14,0,0.5023478579953735,0.0,0,2,1.004695715990747,0.0,True,False,Stockout Risk
FOODS_2_230_CA_1_validation,2016-03-21,0,0.4259375598775828,0.0,0,2,0.8518751197551656,0.0,True,False,Stockout Risk
FOODS_2_230_CA_1_validation,2016-03-28,0,0.3651618097588788,0.0,0,2,0.7303236195177576,0.0,True,False,Stockout Risk
FOODS_2_230_CA_1_validation,2016-04-04,0,0.5470073055823366,0.0,0,2,1.0940146111646731,0.0,True,False,Stockout Risk
FOODS_2_230_CA_1_validation,2016-04-11,0,0.3006084123614305,0.0,0,2,0.601216824722861,0.0,True,False,Stockout Risk
FOODS_2_230_CA_1_validation,2016-04-18,0,0.3006084123614305,0.0,0,2,0.601216824722861,0.0,True,False,Stockout Risk
FOODS_2_231_CA_1_validation,2016-03-14,4,4.70532304726876,8.0,0,2,9.41064609453752,8.0,True,False,Stockout Risk
FOODS_2_231_CA_1_validation,2016-03-21,0,4.756405462800687,4.0,0,2,9.512810925601373,4.0,True,False,Stockout Risk
FOODS_2_231_CA_1_validation,2016-03-28,0,2.159480083637377,3.0,0,2,4.318960167274754,3.0,True,False,Stockout Risk
FOODS_2_231_CA_1_validation,2016-04-04,5,1.1490034013800197,4.0,0,2,2.2980068027600393,4.0,False,False,Normal
FOODS_2_231_CA_1_validation,2016-04-11,3,4.481661333431371,4.0,0,2,8.963322666862743,4.0,True,False,Stockout Risk
FOODS_2_231_CA_1_validation,2016-04-18,6,3.934919132520282,7.0,0,2,7.869838265040564,7.0,True,False,Stockout Risk
FOODS_2_232_CA_1_validation,2016-03-14,9,8.23600565587215,18.0,0,2,16.4720113117443,18.0,False,False,Normal
FOODS_2_232_CA_1_validation,2016-03-21,8,8.321682693949697,17.0,0,2,16.643365387899394,17.0,False,False,Normal
FOODS_2_232_CA_1_validation,2016-03-28,5,8.469807928667779,15.0,0,2,16.939615857335557,15.0,True,False,Stockout Risk
FOODS_2_232_CA_1_validation,2016-04-04,14,7.380554023275549,18.0,0,2,14.761108046551097,18.0,False,False,Normal
FOODS_2_232_CA_1_validation,2016-04-11,9,10.19858231348871,18.0,0,2,20.39716462697742,18.0,True,False,Stockout Risk
FOODS_2_232_CA_1_validation,2016-04-18,9,9.938327864199447,18.0,0,2,19.876655728398894,18.0,True,False,Stockout Risk
FOODS_2_233_CA_1_validation,2016-03-14,4,11.488265363248278,8.0,0,2,22.976530726496556,8.0,True,False,Stockout Risk
FOODS_2_233_CA_1_validation,2016-03-21,9,8.438205616736585,13.0,0,2,16.87641123347317,13.0,True,False,Stockout Risk
FOODS_2_233_CA_1_validation,2016-03-28,11,10.212910702299858,16.0,0,2,20.425821404599716,16.0,True,False,Stockout Risk
FOODS_2_233_CA_1_validation,2016-04-04,20,10.157243484526196,22.0,0,2,20.314486969052393,22.0,False,False,Normal
FOODS_2_233_CA_1_validation,2016-04-11,5,12.756895503551048,22.0,0,2,25.513791007102096,22.0,True,False,Stockout Risk
FOODS_2_233_CA_1_validation,2016-04-18,12,9.121883511006123,24.0,0,2,18.243767022012246,24.0,False,False,Normal
FOODS_2_234_CA_1_validation,2016-03-14,10,6.89373999085215,20.0,0,2,13.7874799817043,20.0,False,False,Normal
FOODS_2_234_CA_1_validation,2016-03-21,4,8.060670112808925,14.0,0,2,16.12134022561785,14.0,True,False,Stockout Risk
FOODS_2_234_CA_1_validation,2016-03-28,9,6.268094962507417,15.0,0,2,12.536189925014835,15.0,False,False,Normal
FOODS_2_234_CA_1_validation,2016-04-04,6,7.309936565659001,14.0,0,2,14.619873131318002,14.0,True,False,Stockout Risk
FOODS_2_234_CA_1_validation,2016-04-11,9,7.02526003991046,14.0,0,2,14.05052007982092,14.0,True,False,Stockout Risk
FOODS_2_234_CA_1_validation,2016-04-18,11,8.030725133379127,18.0,0,2,16.061450266758253,18.0,False,False,Normal
FOODS_2_235_CA_1_validation,2016-03-14,8,11.194997088837663,16.0,0,2,22.389994177675327,16.0,True,False,Stockout Risk
FOODS_2_235_CA_1_validation,2016-03-21,4,8.921013342601398,12.0,0,2,17.842026685202796,12.0,True,False,Stockout Risk
FOODS_2_235_CA_1_validation,2016-03-28,3,7.492159380366723,10.0,0,2,14.984318760733446,10.0,True,False,Stockout Risk
FOODS_2_235_CA_1_validation,2016-04-04,7,6.403240970137681,11.0,0,2,12.806481940275361,11.0,True,False,Stockout Risk
FOODS_2_235_CA_1_validation,2016-04-11,7,5.819709150777564,10.0,0,2,11.639418301555128,10.0,True,False,Stockout Risk
FOODS_2_235_CA_1_validation,2016-04-18,5,6.188030186969503,11.0,0,2,12.376060373939007,11.0,True,False,Stockout Risk
FOODS_2_236_CA_1_validation,2016-03-14,1,4.656138362111006,2.0,0,2,9.312276724222013,2.0,True,False,Stockout Risk
FOODS_2_236_CA_1_validation,2016-03-21,1,3.4831037875141555,2.0,0,2,6.966207575028311,2.0,True,False,Stockout Risk
FOODS_2_236_CA_1_validation,2016-03-28,7,3.1288953170993947,6.0,0,2,6.2577906341987894,6.0,True,False,Stockout Risk
FOODS_2_236_CA_1_validation,2016-04-04,3,4.971186784854524,6.0,0,2,9.942373569709048,6.0,True,False,Stockout Risk
FOODS_2_236_CA_1_validation,2016-04-11,9,4.166498004565924,10.0,0,2,8.332996009131849,10.0,False,False,Normal
FOODS_2_236_CA_1_validation,2016-04-18,3,5.7699709947040185,11.0,0,2,11.539941989408037,11.0,True,False,Stockout Risk
FOODS_2_237_CA_1_validation,2016-03-14,1,7.6039395809724,2.0,0,2,15.2078791619448,2.0,True,False,Stockout Risk
FOODS_2_237_CA_1_validation,2016-03-21,6,4.534213959610407,7.0,0,2,9.068427919220815,7.0,True,False,Stockout Risk
FOODS_2_237_CA_1_validation,2016-03-28,12,5.59954192112356,13.0,0,2,11.19908384224712,13.0,False,False,Normal
FOODS_2_237_CA_1_validation,2016-04-04,10,7.845789353260834,14.0,0,2,15.691578706521668,14.0,True,False,Stockout Risk
FOODS_2_237_CA_1_validation,2016-04-11,7,8.046983558089401,18.0,0,2,16.093967116178803,18.0,False,False,Normal
FOODS_2_237_CA_1_validation,2016-04-18,12,7.855497492368763,20.0,0,2,15.710994984737527,20.0,False,False,Normal
FOODS_2_238_CA_1_validation,2016-03-14,15,10.077704261558235,30.0,0,2,20.15540852311647,30.0,False,False,Normal
FOODS_2_238_CA_1_validation,2016-03-21,5,10.517885541919863,20.0,0,2,21.035771083839727,20.0,True,False,Stockout Risk
FOODS_2_238_CA_1_validation,2016-03-28,12,9.041205350974762,21.0,0,2,18.082410701949524,21.0,False,False,Normal
FOODS_2_238_CA_1_validation,2016-04-04,9,9.441291499546455,20.0,0,2,18.88258299909291,20.0,False,False,Normal
FOODS_2_238_CA_1_validation,2016-04-11,9,9.698248837511924,18.0,0,2,19.39649767502385,18.0,True,False,Stockout Risk
FOODS_2_238_CA_1_validation,2016-04-18,3,9.399757198049846,16.0,0,2,18.799514396099692,16.0,True,False,Stockout Risk
FOODS_2_239_CA_1_validation,2016-03-14,0,2.3235931315761564,0.0,0,2,4.647186263152313,0.0,True,False,Stockout Risk
FOODS_2_239_CA_1_validation,2016-03-21,1,1.043850061217488,1.0,0,2,2.087700122434976,1.0,True,False,Stockout Risk
FOODS_2_239_CA_1_validation,2016-03-28,0,2.3200495624367257,1.0,0,2,4.640099124873451,1.0,True,False,Stockout Risk
FOODS_2_239_CA_1_validation,2016-04-04,1,1.2256955570409458,1.0,0,2,2.4513911140818916,1.0,True,False,Stockout Risk
FOODS_2_239_CA_1_validation,2016-04-11,3,2.835215051292848,2.0,0,2,5.670430102585696,2.0,True,False,Stockout Risk
FOODS_2_239_CA_1_validation,2016-04-18,1,3.0724508349501507,2.0,0,2,6.144901669900301,2.0,True,False,Stockout Risk
FOODS_2_240_CA_1_validation,2016-03-14,0,0.5645226621482606,0.0,0,2,1.1290453242965213,0.0,True,False,Stockout Risk
FOODS_2_240_CA_1_validation,2016-03-21,0,0.5023478579953735,0.0,0,2,1.004695715990747,0.0,True,False,Stockout Risk
FOODS_2_240_CA_1_validation,2016-03-28,0,0.438807456804893,0.0,0,2,0.877614913609786,0.0,True,False,Stockout Risk
FOODS_2_240_CA_1_validation,2016-04-04,0,0.5470073055823366,0.0,0,2,1.0940146111646731,0.0,True,False,Stockout Risk
FOODS_2_240_CA_1_validation,2016-04-11,0,0.3006084123614305,0.0,0,2,0.601216824722861,0.0,True,False,Stockout Risk
FOODS_2_240_CA_1_validation,2016-04-18,0,0.3006084123614305,0.0,0,2,0.601216824722861,0.0,True,False,Stockout Risk
FOODS_2_241_CA_1_validation,2016-03-14,22,24.867608074674138,44.0,0,2,49.735216149348275,44.0,True,False,Stockout Risk
FOODS_2_241_CA_1_validation,2016-03-21,38,22.140663912555627,60.0,0,2,44.281327825111255,60.0,False,False,Normal
FOODS_2_241_CA_1_validation,2016-03-28,41,31.84504275721908,67.0,0,2,63.69008551443816,67.0,False,False,Normal
FOODS_2_241_CA_1_validation,2016-04-04,46,40.876799722460085,74.0,0,2,81.75359944492017,74.0,True,False,Stockout Risk
FOODS_2_241_CA_1_validation,2016-04-11,42,35.31937018176229,84.0,0,2,70.63874036352458,84.0,False,False,Normal
FOODS_2_241_CA_1_validation,2016-04-18,47,38.87139267713865,88.0,0,2,77.7427853542773,88.0,False,False,Normal
FOODS_2_242_CA_1_validation,2016-03-14,17,9.45207265232698,34.0,0,2,18.90414530465396,34.0,False,False,Normal
FOODS_2_242_CA_1_validation,2016-03-21,9,11.240039961946042,26.0,0,2,22.480079923892085,26.0,False,False,Normal
FOODS_2_242_CA_1_validation,2016-03-28,11,9.93214523234502,25.0,0,2,19.86429046469004,25.0,False,False,Normal
FOODS_2_242_CA_1_validation,2016-04-04,11,11.28702381464617,24.0,0,2,22.57404762929234,24.0,False,False,Normal
FOODS_2_242_CA_1_validation,2016-04-11,12,10.353197102003826,22.0,0,2,20.70639420400765,22.0,False,False,Normal
FOODS_2_242_CA_1_validation,2016-04-18,12,10.314610006275087,23.0,0,2,20.629220012550174,23.0,False,False,Normal
FOODS_2_243_CA_1_validation,2016-03-14,1,4.251197103461906,2.0,0,2,8.502394206923812,2.0,True,False,Stockout Risk
FOODS_2_243_CA_1_validation,2016-03-21,3,2.990781750955239,4.0,0,2,5.981563501910478,4.0,True,False,Stockout Risk
FOODS_2_243_CA_1_validation,2016-03-28,1,3.481771179152926,3.0,0,2,6.963542358305852,3.0,True,False,Stockout Risk
FOODS_2_243_CA_1_validation,2016-04-04,2,2.83564727204845,4.0,0,2,5.6712945440969,4.0,True,False,Stockout Risk
FOODS_2_243_CA_1_validation,2016-04-11,1,2.838159831384565,4.0,0,2,5.67631966276913,4.0,True,False,Stockout Risk
FOODS_2_243_CA_1_validation,2016-04-18,2,2.2590397341787085,3.0,0,2,4.518079468357417,3.0,True,False,Stockout Risk
FOODS_2_244_CA_1_validation,2016-03-14,41,39.91051227463241,82.0,0,2,79.82102454926482,82.0,False,False,Normal
FOODS_2_244_CA_1_validation,2016-03-21,31,40.323393832328605,72.0,0,2,80.64678766465721,72.0,True,False,Stockout Risk
FOODS_2_244_CA_1_validation,2016-03-28,41,33.44586402359139,75.0,0,2,66.89172804718278,75.0,False,False,Normal
FOODS_2_244_CA_1_validation,2016-04-04,46,42.49863833686196,80.0,0,2,84.99727667372392,80.0,True,False,Stockout Risk
FOODS_2_244_CA_1_validation,2016-04-11,34,41.07875488351697,76.0,0,2,82.15750976703394,76.0,True,False,Stockout Risk
FOODS_2_244_CA_1_validation,2016-04-18,37,34.82870092598952,79.0,0,2,69.65740185197905,79.0,False,False,Normal
FOODS_2_245_CA_1_validation,2016-03-14,7,4.649414469250348,14.0,0,2,9.298828938500696,14.0,False,False,Normal
FOODS_2_245_CA_1_validation,2016-03-21,5,5.500564274398177,12.0,0,2,11.001128548796354,12.0,False,False,Normal
FOODS_2_245_CA_1_validation,2016-03-28,5,5.248745179972222,11.0,0,2,10.497490359944443,11.0,False,False,Normal
FOODS_2_245_CA_1_validation,2016-04-04,5,5.364913588335216,11.0,0,2,10.729827176670431,11.0,False,False,Normal
FOODS_2_245_CA_1_validation,2016-04-11,6,5.043682522155286,10.0,0,2,10.087365044310571,10.0,True,False,Stockout Risk
FOODS_2_245_CA_1_validation,2016-04-18,4,5.230749048749712,10.0,0,2,10.461498097499424,10.0,True,False,Stockout Risk
FOODS_2_246_CA_1_validation,2016-03-14,0,0.5856604396669023,0.0,0,2,1.1713208793338046,0.0,True,False,Stockout Risk
FOODS_2_246_CA_1_validation,2016-03-21,0,0.4291420694814084,0.0,0,2,0.8582841389628167,0.0,True,False,Stockout Risk
FOODS_2_246_CA_1_validation,2016-03-28,0,0.438807456804893,0.0,0,2,0.877614913609786,0.0,True,False,Stockout Risk
FOODS_2_246_CA_1_validation,2016-04-04,0,0.5470073055823366,0.0,0,2,1.0940146111646731,0.0,True,False,Stockout Risk
FOODS_2_246_CA_1_validation,2016-04-11,0,0.3006084123614305,0.0,0,2,0.601216824722861,0.0,True,False,Stockout Risk
FOODS_2_246_CA_1_validation,2016-04-18,0,0.3006084123614305,0.0,0,2,0.601216824722861,0.0,True,False,Stockout Risk
FOODS_2_247_CA_1_validation,2016-03-14,16,20.395676237153893,32.0,0,2,40.791352474307786,32.0,True,False,Stockout Risk
FOODS_2_247_CA_1_validation,2016-03-21,13,18.28187210617708,29.0,0,2,36.56374421235416,29.0,True,False,Stockout Risk
FOODS_2_247_CA_1_validation,2016-03-28,8,16.63360513267361,25.0,0,2,33.26721026534722,25.0,True,False,Stockout Risk
FOODS_2_247_CA_1_validation,2016-04-04,20,13.46226762603785,28.0,0,2,26.9245352520757,28.0,False,False,Normal
FOODS_2_247_CA_1_validation,2016-04-11,23,17.001093956306313,32.0,0,2,34.00218791261263,32.0,True,False,Stockout Risk
FOODS_2_247_CA_1_validation,2016-04-18,10,17.207814889233855,30.0,0,2,34.41562977846771,30.0,True,False,Stockout Risk
FOODS_2_248_CA_1_validation,2016-03-14,5,5.87045558618497,10.0,0,2,11.74091117236994,10.0,True,False,Stockout Risk
FOODS_2_248_CA_1_validation,2016-03-21,4,5.702669626556437,9.0,0,2,11.405339253112874,9.0,True,False,Stockout Risk
FOODS_2_248_CA_1_validation,2016-03-28,6,5.14976649328174,10.0,0,2,10.29953298656348,10.0,True,False,Stockout Risk
FOODS_2_248_CA_1_validation,2016-04-04,11,5.571080202460461,13.0,0,2,11.142160404920922,13.0,False,False,Normal
FOODS_2_248_CA_1_validation,2016-04-11,4,7.277819462842698,12.0,0,2,14.555638925685397,12.0,True,False,Stockout Risk
FOODS_2_248_CA_1_validation,2016-04-18,8,6.054826165394512,14.0,0,2,12.109652330789023,14.0,False,False,Normal
FOODS_2_249_CA_1_validation,2016-03-14,14,16.58519445891362,28.0,0,2,33.17038891782724,28.0,True,False,Stockout Risk
FOODS_2_249_CA_1_validation,2016-03-21,11,14.237907810386686,25.0,0,2,28.47581562077337,25.0,True,False,Stockout Risk
FOODS_2_249_CA_1_validation,2016-03-28,5,13.05185136192431,20.0,0,2,26.10370272384862,20.0,True,False,Stockout Risk
FOODS_2_249_CA_1_validation,2016-04-04,17,10.82826336257846,24.0,0,2,21.65652672515692,24.0,False,False,Normal
FOODS_2_249_CA_1_validation,2016-04-11,8,13.041691667057142,20.0,0,2,26.083383334114284,20.0,True,False,Stockout Risk
FOODS_2_249_CA_1_validation,2016-04-18,12,10.850594160988727,21.0,0,2,21.701188321977455,21.0,True,False,Stockout Risk
FOODS_2_250_CA_1_validation,2016-03-14,15,8.30064561758093,30.0,0,2,16.60129123516186,30.0,False,False,Normal
FOODS_2_250_CA_1_validation,2016-03-21,8,12.937466143696655,23.0,0,2,25.87493228739331,23.0,True,False,Stockout Risk
FOODS_2_250_CA_1_validation,2016-03-28,0,11.394644392154,15.0,0,2,22.789288784308,15.0,True,False,Stockout Risk
FOODS_2_250_CA_1_validation,2016-04-04,0,5.126136027996571,12.0,0,2,10.252272055993142,12.0,False,False,Normal
FOODS_2_250_CA_1_validation,2016-04-11,0,1.97081293688454,4.0,0,2,3.94162587376908,4.0,False,False,Normal
FOODS_2_250_CA_1_validation,2016-04-18,9,1.2721446860834849,4.0,0,2,2.5442893721669697,4.0,False,False,Normal
FOODS_2_251_CA_1_validation,2016-03-14,6,7.719667947624262,12.0,0,2,15.439335895248524,12.0,True,False,Stockout Risk
FOODS_2_251_CA_1_validation,2016-03-21,9,7.26526883959129,15.0,0,2,14.53053767918258,15.0,False,False,Normal
FOODS_2_251_CA_1_validation,2016-03-28,6,7.335060066753149,14.0,0,2,14.670120133506298,14.0,True,False,Stockout Risk
FOODS_2_251_CA_1_validation,2016-04-04,9,7.179843216796424,15.0,0,2,14.359686433592849,15.0,False,False,Normal
FOODS_2_251_CA_1_validation,2016-04-11,4,7.542399013549815,14.0,0,2,15.08479802709963,14.0,True,False,Stockout Risk
FOODS_2_251_CA_1_validation,2016-04-18,5,6.696438410257128,12.0,0,2,13.392876820514257,12.0,True,False,Stockout Risk
FOODS_2_252_CA_1_validation,2016-03-14,2,4.596541913069456,4.0,0,2,9.193083826138912,4.0,True,False,Stockout Risk
FOODS_2_252_CA_1_validation,2016-03-21,0,3.395281774296943,2.0,0,2,6.790563548593886,2.0,True,False,Stockout Risk
FOODS_2_252_CA_1_validation,2016-03-28,0,1.1241322714248425,1.0,0,2,2.248264542849685,1.0,True,False,Stockout Risk
FOODS_2_252_CA_1_validation,2016-04-04,3,1.1490034013800197,2.0,0,2,2.2980068027600393,2.0,True,False,Stockout Risk
FOODS_2_252_CA_1_validation,2016-04-11,5,3.473619685785094,4.0,0,2,6.947239371570188,4.0,True,False,Stockout Risk
FOODS_2_252_CA_1_validation,2016-04-18,3,4.256344294041018,6.0,0,2,8.512688588082035,6.0,True,False,Stockout Risk
FOODS_2_253_CA_1_validation,2016-03-14,5,8.475637300483866,10.0,0,2,16.951274600967732,10.0,True,False,Stockout Risk
FOODS_2_253_CA_1_validation,2016-03-21,6,6.870194672753101,11.0,0,2,13.740389345506202,11.0,True,False,Stockout Risk
FOODS_2_253_CA_1_validation,2016-03-28,11,7.332106435454776,15.0,0,2,14.664212870909552,15.0,False,False,Normal
FOODS_2_253_CA_1_validation,2016-04-04,13,7.985002705048284,18.0,0,2,15.970005410096569,18.0,False,False,Normal
FOODS_2_253_CA_1_validation,2016-04-11,4,9.329453146490598,17.0,0,2,18.658906292981197,17.0,True,False,Stockout Risk
FOODS_2_253_CA_1_validation,2016-04-18,9,7.443295618396323,18.0,0,2,14.886591236792645,18.0,False,False,Normal
FOODS_2_254_CA_1_validation,2016-03-14,2,0.983707976926116,4.0,0,2,1.967415953852232,4.0,False,False,Normal
FOODS_2_254_CA_1_validation,2016-03-21,3,4.021869774006724,5.0,0,2,8.043739548013448,5.0,True,False,Stockout Risk
FOODS_2_254_CA_1_validation,2016-03-28,4,3.3571952504246454,6.0,0,2,6.714390500849291,6.0,True,False,Stockout Risk
FOODS_2_254_CA_1_validation,2016-04-04,6,3.774968455231908,8.0,0,2,7.549936910463816,8.0,False,False,Normal
FOODS_2_254_CA_1_validation,2016-04-11,2,4.411385541378763,8.0,0,2,8.822771082757527,8.0,True,False,Stockout Risk
FOODS_2_254_CA_1_validation,2016-04-18,4,3.5535373873491407,8.0,0,2,7.107074774698281,8.0,False,False,Normal
FOODS_2_255_CA_1_validation,2016-03-14,11,6.80342131085302,22.0,0,2,13.60684262170604,22.0,False,False,Normal
FOODS_2_255_CA_1_validation,2016-03-21,15,8.045012113148465,26.0,0,2,16.09002422629693,26.0,False,False,Normal
FOODS_2_255_CA_1_validation,2016-03-28,2,10.367739558750724,19.0,0,2,20.73547911750145,19.0,True,False,Stockout Risk
FOODS_2_255_CA_1_validation,2016-04-04,3,7.586409290839524,16.0,0,2,15.172818581679048,16.0,False,False,Normal
FOODS_2_255_CA_1_validation,2016-04-11,3,6.154290532768719,12.0,0,2,12.308581065537439,12.0,True,False,Stockout Risk
FOODS_2_255_CA_1_validation,2016-04-18,7,5.01589161433032,8.0,0,2,10.03178322866064,8.0,True,False,Stockout Risk
FOODS_2_256_CA_1_validation,2016-03-14,0,3.314533341705027,0.0,0,2,6.629066683410054,0.0,True,False,Stockout Risk
FOODS_2_256_CA_1_validation,2016-03-21,4,1.0341846738940037,4.0,0,2,2.0683693477880074,4.0,False,False,Normal
FOODS_2_256_CA_1_validation,2016-03-28,2,3.654884930044771,4.0,0,2,7.309769860089542,4.0,True,False,Stockout Risk
FOODS_2_256_CA_1_validation,2016-04-04,0,3.1784967954446097,3.0,0,2,6.3569935908892194,3.0,True,False,Stockout Risk
FOODS_2_256_CA_1_validation,2016-04-11,1,0.9348929237379714,4.0,0,2,1.8697858474759428,4.0,False,False,Normal
FOODS_2_256_CA_1_validation,2016-04-18,3,2.2554961650392777,3.0,0,2,4.5109923300785555,3.0,True,False,Stockout Risk
FOODS_2_257_CA_1_validation,2016-03-14,9,10.050035915821724,18.0,0,2,20.100071831643447,18.0,True,False,Stockout Risk
FOODS_2_257_CA_1_validation,2016-03-21,13,9.94157848541412,22.0,0,2,19.88315697082824,22.0,False,False,Normal
FOODS_2_257_CA_1_validation,2016-03-28,12,11.714158865487724,23.0,0,2,23.428317730975447,23.0,True,False,Stockout Risk
FOODS_2_257_CA_1_validation,2016-04-04,7,11.082806978682257,20.0,0,2,22.165613957364513,20.0,True,False,Stockout Risk
FOODS_2_257_CA_1_validation,2016-04-11,13,9.974618971422002,22.0,0,2,19.949237942844004,22.0,False,False,Normal
FOODS_2_257_CA_1_validation,2016-04-18,11,10.369486854799147,22.0,0,2,20.738973709598294,22.0,False,False,Normal
FOODS_2_258_CA_1_validation,2016-03-14,4,2.3486951953209063,8.0,0,2,4.697390390641813,8.0,False,False,Normal
FOODS_2_258_CA_1_validation,2016-03-21,8,4.593141611280797,12.0,0,2,9.186283222561594,12.0,False,False,Normal
FOODS_2_258_CA_1_validation,2016-03-28,5,5.630157151443585,11.0,0,2,11.26031430288717,11.0,True,False,Stockout Risk
FOODS_2_258_CA_1_validation,2016-04-04,4,5.92895542563771,10.0,0,2,11.85791085127542,10.0,True,False,Stockout Risk
FOODS_2_258_CA_1_validation,2016-04-11,1,4.847164281560353,9.0,0,2,9.694328563120706,9.0,True,False,Stockout Risk
FOODS_2_258_CA_1_validation,2016-04-18,2,3.779589331692931,6.0,0,2,7.559178663385862,6.0,True,False,Stockout Risk
FOODS_2_259_CA_1_validation,2016-03-14,1,3.0774241731692413,2.0,0,2,6.154848346338483,2.0,True,False,Stockout Risk
FOODS_2_259_CA_1_validation,2016-03-21,1,2.5448471062781244,2.0,0,2,5.089694212556249,2.0,True,False,Stockout Risk
FOODS_2_259_CA_1_validation,2016-03-28,0,2.5448471062781244,1.0,0,2,5.089694212556249,1.0,True,False,Stockout Risk
FOODS_2_259_CA_1_validation,2016-04-04,0,1.2256955570409458,1.0,0,2,2.4513911140818916,1.0,True,False,Stockout Risk
FOODS_2_259_CA_1_validation,2016-04-11,0,0.9191545795286676,0.0,0,2,1.8383091590573353,0.0,True,False,Stockout Risk
FOODS_2_259_CA_1_validation,2016-04-18,0,0.9191545795286676,0.0,0,2,1.8383091590573353,0.0,True,False,Stockout Risk
FOODS_2_260_CA_1_validation,2016-03-14,2,6.237353177798532,4.0,0,2,12.474706355597064,4.0,True,False,Stockout Risk
FOODS_2_260_CA_1_validation,2016-03-21,5,4.347092987190953,7.0,0,2,8.694185974381906,7.0,True,False,Stockout Risk
FOODS_2_260_CA_1_validation,2016-03-28,3,4.904208577600725,7.0,0,2,9.80841715520145,7.0,True,False,Stockout Risk
FOODS_2_260_CA_1_validation,2016-04-04,5,4.640629414452067,8.0,0,2,9.281258828904134,8.0,True,False,Stockout Risk
FOODS_2_260_CA_1_validation,2016-04-11,4,4.479766790480875,8.0,0,2,8.95953358096175,8.0,True,False,Stockout Risk
FOODS_2_260_CA_1_validation,2016-04-18,6,4.847164281560353,9.0,0,2,9.694328563120706,9.0,True,False,Stockout Risk
FOODS_2_261_CA_1_validation,2016-03-14,3,3.965875264572155,6.0,0,2,7.93175052914431,6.0,True,False,Stockout Risk
FOODS_2_261_CA_1_validation,2016-03-21,0,3.793626189484504,3.0,0,2,7.587252378969008,3.0,True,False,Stockout Risk
FOODS_2_261_CA_1_validation,2016-03-28,1,1.327515675551586,3.0,0,2,2.655031351103172,3.0,False,False,Normal
FOODS_2_261_CA_1_validation,2016-04-04,7,2.548438088574924,6.0,0,2,5.096876177149848,6.0,False,False,Normal
FOODS_2_261_CA_1_validation,2016-04-11,6,4.625452950960495,7.0,0,2,9.25090590192099,7.0,True,False,Stockout Risk
FOODS_2_261_CA_1_validation,2016-04-18,2,5.167579156464165,8.0,0,2,10.33515831292833,8.0,True,False,Stockout Risk
FOODS_2_262_CA_1_validation,2016-03-14,6,5.524649605480451,12.0,0,2,11.049299210960902,12.0,False,False,Normal
FOODS_2_262_CA_1_validation,2016-03-21,4,6.292135294569357,10.0,0,2,12.584270589138715,10.0,True,False,Stockout Risk
FOODS_2_262_CA_1_validation,2016-03-28,6,5.248145693444006,11.0,0,2,10.496291386888013,11.0,False,False,Normal
FOODS_2_262_CA_1_validation,2016-04-04,8,6.23717009107005,12.0,0,2,12.4743401821401,12.0,True,False,Stockout Risk
FOODS_2_262_CA_1_validation,2016-04-11,11,5.961157396278735,14.0,0,2,11.92231479255747,14.0,False,False,Normal
FOODS_2_262_CA_1_validation,2016-04-18,3,7.924363029182118,14.0,0,2,15.848726058364235,14.0,True,False,Stockout Risk
FOODS_2_263_CA_1_validation,2016-03-14,5,6.765684706920722,10.0,0,2,13.531369413841444,10.0,True,False,Stockout Risk
FOODS_2_263_CA_1_validation,2016-03-21,3,6.078539683677299,8.0,0,2,12.157079367354598,8.0,True,False,Stockout Risk
FOODS_2_263_CA_1_validation,2016-03-28,0,5.110433849592318,5.0,0,2,10.220867699184636,5.0,True,False,Stockout Risk
FOODS_2_263_CA_1_validation,2016-04-04,2,2.1753095086883385,5.0,0,2,4.350619017376677,5.0,False,False,Normal
FOODS_2_263_CA_1_validation,2016-04-11,0,4.0044660425869365,2.0,0,2,8.008932085173873,2.0,True,False,Stockout Risk
FOODS_2_263_CA_1_validation,2016-04-18,7,1.348836841744411,4.0,0,2,2.697673683488822,4.0,False,False,Normal
FOODS_2_264_CA_1_validation,2016-03-14,13,10.045606870141327,26.0,0,2,20.091213740282654,26.0,False,False,Normal
FOODS_2_264_CA_1_validation,2016-03-21,11,10.252000090487952,24.0,0,2,20.504000180975904,24.0,False,False,Normal
FOODS_2_264_CA_1_validation,2016-03-28,13,10.207993719811377,25.0,0,2,20.415987439622754,25.0,False,False,Normal
FOODS_2_264_CA_1_validation,2016-04-04,7,11.672432579268822,22.0,0,2,23.344865158537644,22.0,True,False,Stockout Risk
FOODS_2_264_CA_1_validation,2016-04-11,8,9.50190655199106,20.0,0,2,19.00381310398212,20.0,False,False,Normal
FOODS_2_264_CA_1_validation,2016-04-18,10,9.40792176202359,19.0,0,2,18.81584352404718,19.0,False,False,Normal
FOODS_2_265_CA_1_validation,2016-03-14,2,5.463613424101318,4.0,0,2,10.927226848202636,4.0,True,False,Stockout Risk
FOODS_2_265_CA_1_validation,2016-03-21,4,4.437235871092316,6.0,0,2,8.874471742184632,6.0,True,False,Stockout Risk
FOODS_2_265_CA_1_validation,2016-03-28,5,4.693126707063485,7.0,0,2,9.38625341412697,7.0,True,False,Stockout Risk
FOODS_2_265_CA_1_validation,2016-04-04,2,4.9619206387732,6.0,0,2,9.9238412775464,6.0,True,False,Stockout Risk
FOODS_2_265_CA_1_validation,2016-04-11,1,3.6180981367508367,6.0,0,2,7.236196273501673,6.0,True,False,Stockout Risk
FOODS_2_265_CA_1_validation,2016-04-18,6,2.9587885567519168,7.0,0,2,5.9175771135038335,7.0,False,False,Normal
FOODS_2_266_CA_1_validation,2016-03-14,15,14.33373956413972,30.0,0,2,28.66747912827944,30.0,False,False,Normal
FOODS_2_266_CA_1_validation,2016-03-21,9,13.245016976104573,24.0,0,2,26.490033952209146,24.0,True,False,Stockout Risk
FOODS_2_266_CA_1_validation,2016-03-28,17,12.480595791004507,27.0,0,2,24.961191582009015,27.0,False,False,Normal
FOODS_2_266_CA_1_validation,2016-04-04,24,14.98661138329624,32.0,0,2,29.97322276659248,32.0,False,False,Normal
FOODS_2_266_CA_1_validation,2016-04-11,17,16.429758263701228,34.0,0,2,32.859516527402455,34.0,False,False,Normal
FOODS_2_266_CA_1_validation,2016-04-18,9,15.754531149780272,34.0,0,2,31.509062299560544,34.0,False,False,Normal
FOODS_2_267_CA_1_validation,2016-03-14,20,20.507692624838203,40.0,0,2,41.015385249676406,40.0,True,False,Stockout Risk
FOODS_2_267_CA_1_validation,2016-03-21,18,18.67865379760685,38.0,0,2,37.3573075952137,38.0,False,False,Normal
FOODS_2_267_CA_1_validation,2016-03-28,20,19.054857778002205,39.0,0,2,38.10971555600441,39.0,False,False,Normal
FOODS_2_267_CA_1_validation,2016-04-04,14,18.744652153999496,36.0,0,2,37.48930430799899,36.0,True,False,Stockout Risk
FOODS_2_267_CA_1_validation,2016-04-11,12,16.952517544385298,32.0,0,2,33.905035088770596,32.0,True,False,Stockout Risk
FOODS_2_267_CA_1_validation,2016-04-18,14,15.220346681354396,30.0,0,2,30.440693362708792,30.0,True,False,Stockout Risk
FOODS_2_268_CA_1_validation,2016-03-14,3,4.741316420071527,6.0,0,2,9.482632840143054,6.0,True,False,Stockout Risk
FOODS_2_268_CA_1_validation,2016-03-21,0,4.029100930615858,3.0,0,2,8.058201861231716,3.0,True,False,Stockout Risk
FOODS_2_268_CA_1_validation,2016-03-28,1,1.327515675551586,3.0,0,2,2.655031351103172,3.0,False,False,Normal
FOODS_2_268_CA_1_validation,2016-04-04,4,2.832103702909019,4.0,0,2,5.664207405818038,4.0,True,False,Stockout Risk
FOODS_2_268_CA_1_validation,2016-04-11,2,3.429753747207718,4.0,0,2,6.859507494415436,4.0,True,False,Stockout Risk
FOODS_2_268_CA_1_validation,2016-04-18,4,3.0671061553800296,6.0,0,2,6.134212310760059,6.0,True,False,Stockout Risk
FOODS_2_269_CA_1_validation,2016-03-14,3,4.95432890810643,6.0,0,2,9.90865781621286,6.0,True,False,Stockout Risk
FOODS_2_269_CA_1_validation,2016-03-21,5,4.573515583254182,8.0,0,2,9.147031166508365,8.0,True,False,Stockout Risk
FOODS_2_269_CA_1_validation,2016-03-28,2,4.557803191716381,7.0,0,2,9.115606383432763,7.0,True,False,Stockout Risk
FOODS_2_269_CA_1_validation,2016-04-04,4,4.531114608874987,7.0,0,2,9.062229217749975,7.0,True,False,Stockout Risk
FOODS_2_269_CA_1_validation,2016-04-11,4,4.539329656746988,8.0,0,2,9.078659313493976,8.0,True,False,Stockout Risk
FOODS_2_269_CA_1_validation,2016-04-18,1,4.995112330870021,6.0,0,2,9.990224661740042,6.0,True,False,Stockout Risk
FOODS_2_270_CA_1_validation,2016-03-14,0,1.1241322714248425,0.0,0,2,2.248264542849685,0.0,True,False,Stockout Risk
FOODS_2_270_CA_1_validation,2016-03-21,6,1.1295502741483376,6.0,0,2,2.2591005482966753,6.0,False,False,Normal
FOODS_2_270_CA_1_validation,2016-03-28,0,4.733281257423246,4.0,0,2,9.466562514846492,4.0,True,False,Stockout Risk
FOODS_2_270_CA_1_validation,2016-04-04,5,1.662440322637723,6.0,0,2,3.324880645275446,6.0,False,False,Normal
FOODS_2_270_CA_1_validation,2016-04-11,4,5.808930399004281,8.0,0,2,11.617860798008563,8.0,True,False,Stockout Risk
FOODS_2_270_CA_1_validation,2016-04-18,6,3.9901254654695255,8.0,0,2,7.980250930939051,8.0,False,False,Normal
FOODS_2_271_CA_1_validation,2016-03-14,9,3.769357023977224,18.0,0,2,7.538714047954448,18.0,False,False,Normal
FOODS_2_271_CA_1_validation,2016-03-21,1,5.520523631507011,10.0,0,2,11.041047263014022,10.0,True,False,Stockout Risk
FOODS_2_271_CA_1_validation,2016-03-28,7,3.701112385667803,11.0,0,2,7.402224771335606,11.0,False,False,Normal
FOODS_2_271_CA_1_validation,2016-04-04,5,5.45089955395815,11.0,0,2,10.9017991079163,11.0,False,False,Normal
FOODS_2_271_CA_1_validation,2016-04-11,6,5.184191782574773,10.0,0,2,10.368383565149546,10.0,True,False,Stockout Risk
FOODS_2_271_CA_1_validation,2016-04-18,3,5.273028983748356,10.0,0,2,10.546057967496711,10.0,True,False,Stockout Risk
FOODS_2_272_CA_1_validation,2016-03-14,2,7.70315212034151,4.0,0,2,15.40630424068302,4.0,True,False,Stockout Risk
FOODS_2_272_CA_1_validation,2016-03-21,2,5.955247908614746,4.0,0,2,11.910495817229492,4.0,True,False,Stockout Risk
FOODS_2_272_CA_1_validation,2016-03-28,6,4.613868247843843,7.0,0,2,9.227736495687687,7.0,True,False,Stockout Risk
FOODS_2_272_CA_1_validation,2016-04-04,13,5.779660732444063,12.0,0,2,11.559321464888127,12.0,False,False,Normal
FOODS_2_272_CA_1_validation,2016-04-11,7,7.321811896964839,14.0,0,2,14.643623793929677,14.0,True,False,Stockout Risk
FOODS_2_272_CA_1_validation,2016-04-18,5,7.153588143859959,16.0,0,2,14.307176287719917,16.0,False,False,Normal
FOODS_2_273_CA_1_validation,2016-03-14,6,4.162902419345027,12.0,0,2,8.325804838690054,12.0,False,False,Normal
FOODS_2_273_CA_1_validation,2016-03-21,10,5.017780319690952,16.0,0,2,10.035560639381904,16.0,False,False,Normal
FOODS_2_273_CA_1_validation,2016-03-28,5,6.449567677495271,14.0,0,2,12.899135354990541,14.0,False,False,Normal
FOODS_2_273_CA_1_validation,2016-04-04,7,6.081329613282634,14.0,0,2,12.162659226565268,14.0,False,False,Normal
FOODS_2_273_CA_1_validation,2016-04-11,6,6.435733182791388,14.0,0,2,12.871466365582776,14.0,False,False,Normal
FOODS_2_273_CA_1_validation,2016-04-18,5,6.230848377207397,12.0,0,2,12.461696754414794,12.0,True,False,Stockout Risk
FOODS_2_274_CA_1_validation,2016-03-14,7,7.970983550332817,14.0,0,2,15.941967100665634,14.0,True,False,Stockout Risk
FOODS_2_274_CA_1_validation,2016-03-21,10,7.324946108865047,17.0,0,2,14.649892217730095,17.0,False,False,Normal
FOODS_2_274_CA_1_validation,2016-03-28,7,8.490768234825891,16.0,0,2,16.981536469651783,16.0,True,False,Stockout Risk
FOODS_2_274_CA_1_validation,2016-04-04,8,7.652664214367211,16.0,0,2,15.305328428734422,16.0,False,False,Normal
FOODS_2_274_CA_1_validation,2016-04-11,9,7.929273779836902,17.0,0,2,15.858547559673804,17.0,False,False,Normal
FOODS_2_274_CA_1_validation,2016-04-18,7,8.406689978573029,16.0,0,2,16.813379957146058,16.0,True,False,Stockout Risk
FOODS_2_275_CA_1_validation,2016-03-14,15,6.8375945455804,30.0,0,2,13.6751890911608,30.0,False,False,Normal
FOODS_2_275_CA_1_validation,2016-03-21,0,10.838208702899106,15.0,0,2,21.67641740579821,15.0,True,False,Stockout Risk
FOODS_2_275_CA_1_validation,2016-03-28,5,4.8050069858364255,13.0,0,2,9.610013971672851,13.0,False,False,Normal
FOODS_2_275_CA_1_validation,2016-04-04,11,6.8498026655641535,16.0,0,2,13.699605331128307,16.0,False,False,Normal
FOODS_2_275_CA_1_validation,2016-04-11,0,7.953972222948021,8.0,0,2,15.907944445896042,8.0,True,False,Stockout Risk
FOODS_2_275_CA_1_validation,2016-04-18,14,3.7814753499379297,15.0,0,2,7.562950699875859,15.0,False,False,Normal
FOODS_2_276_CA_1_validation,2016-03-14,58,78.29261526211783,116.0,0,2,156.58523052423567,116.0,True,False,Stockout Risk
FOODS_2_276_CA_1_validation,2016-03-21,63,71.54848347972501,121.0,0,2,143.09696695945001,121.0,True,False,Stockout Risk
FOODS_2_276_CA_1_validation,2016-03-28,81,75.89451165800267,135.0,0,2,151.78902331600534,135.0,True,False,Stockout Risk
FOODS_2_276_CA_1_validation,2016-04-04,109,81.6686234060202,156.0,0,2,163.3372468120404,156.0,True,False,Stockout Risk
FOODS_2_276_CA_1_validation,2016-04-11,59,93.06618256913586,156.0,0,2,186.13236513827172,156.0,True,False,Stockout Risk
FOODS_2_276_CA_1_validation,2016-04-18,75,69.84931360147793,162.0,0,2,139.69862720295586,162.0,False,False,Normal
FOODS_2_277_CA_1_validation,2016-03-14,4,9.094654270036363,8.0,0,2,18.189308540072727,8.0,True,False,Stockout Risk
FOODS_2_277_CA_1_validation,2016-03-21,4,8.088498051660917,8.0,0,2,16.176996103321834,8.0,True,False,Stockout Risk
FOODS_2_277_CA_1_validation,2016-03-28,6,6.928399998775098,9.0,0,2,13.856799997550196,9.0,True,False,Stockout Risk
FOODS_2_277_CA_1_validation,2016-04-04,4,5.884025362574988,9.0,0,2,11.768050725149976,9.0,True,False,Stockout Risk
FOODS_2_277_CA_1_validation,2016-04-11,8,5.3947314420192845,11.0,0,2,10.789462884038569,11.0,False,False,Normal
FOODS_2_277_CA_1_validation,2016-04-18,15,6.544481343700228,16.0,0,2,13.088962687400455,16.0,False,False,Normal
FOODS_2_278_CA_1_validation,2016-03-14,5,6.080954782999338,10.0,0,2,12.161909565998675,10.0,True,False,Stockout Risk
FOODS_2_278_CA_1_validation,2016-03-21,8,6.042893963822046,13.0,0,2,12.085787927644091,13.0,False,False,Normal
FOODS_2_278_CA_1_validation,2016-03-28,5,6.940951399253737,12.0,0,2,13.881902798507474,12.0,True,False,Stockout Risk
FOODS_2_278_CA_1_validation,2016-04-04,6,6.3080634555060255,12.0,0,2,12.616126911012051,12.0,True,False,Stockout Risk
FOODS_2_278_CA_1_validation,2016-04-11,2,5.48561295112775,10.0,0,2,10.9712259022555,10.0,True,False,Stockout Risk
FOODS_2_278_CA_1_validation,2016-04-18,6,4.490192366081605,10.0,0,2,8.98038473216321,10.0,False,False,Normal
FOODS_2_279_CA_1_validation,2016-03-14,8,6.595643739438112,16.0,0,2,13.191287478876225,16.0,False,False,Normal
FOODS_2_279_CA_1_validation,2016-03-21,4,7.412068843561866,12.0,0,2,14.824137687123732,12.0,True,False,Stockout Risk
FOODS_2_279_CA_1_validation,2016-03-28,7,6.825133165382261,13.0,0,2,13.650266330764522,13.0,True,False,Stockout Risk
FOODS_2_279_CA_1_validation,2016-04-04,8,6.316716326331629,14.0,0,2,12.633432652663258,14.0,False,False,Normal
FOODS_2_279_CA_1_validation,2016-04-11,7,7.0675135080266,13.0,0,2,14.1350270160532,13.0,True,False,Stockout Risk
FOODS_2_279_CA_1_validation,2016-04-18,8,6.793999964774216,15.0,0,2,13.587999929548433,15.0,False,False,Normal
FOODS_2_280_CA_1_validation,2016-03-14,16,8.649696944749326,32.0,0,2,17.299393889498653,32.0,False,False,Normal
FOODS_2_280_CA_1_validation,2016-03-21,5,10.836558548590835,21.0,0,2,21.67311709718167,21.0,True,False,Stockout Risk
FOODS_2_280_CA_1_validation,2016-03-28,3,8.217878172151028,16.0,0,2,16.435756344302057,16.0,True,False,Stockout Risk
FOODS_2_280_CA_1_validation,2016-04-04,22,7.156930896967488,23.0,0,2,14.313861793934976,23.0,False,False,Normal
FOODS_2_280_CA_1_validation,2016-04-11,10,13.613836047321383,20.0,0,2,27.227672094642767,20.0,True,False,Stockout Risk
FOODS_2_280_CA_1_validation,2016-04-18,2,10.569475520260823,18.0,0,2,21.138951040521647,18.0,True,False,Stockout Risk
FOODS_2_281_CA_1_validation,2016-03-14,2,3.1370042323475986,4.0,0,2,6.274008464695197,4.0,True,False,Stockout Risk
FOODS_2_281_CA_1_validation,2016-03-21,0,3.395281774296943,2.0,0,2,6.790563548593886,2.0,True,False,Stockout Risk
FOODS_2_281_CA_1_validation,2016-03-28,3,1.0272999898479327,3.0,0,2,2.0545999796958654,3.0,False,False,Normal
FOODS_2_281_CA_1_validation,2016-04-04,1,3.498764604304033,3.0,0,2,6.997529208608066,3.0,True,False,Stockout Risk
FOODS_2_281_CA_1_validation,2016-04-11,2,2.2590397341787085,3.0,0,2,4.518079468357417,3.0,True,False,Stockout Risk
FOODS_2_281_CA_1_validation,2016-04-18,4,3.330728376899495,5.0,0,2,6.66145675379899,5.0,True,False,Stockout Risk
FOODS_2_282_CA_1_validation,2016-03-14,6,5.9252261598218325,12.0,0,2,11.850452319643665,12.0,False,False,Normal
FOODS_2_282_CA_1_validation,2016-03-21,9,5.527978711733777,15.0,0,2,11.055957423467554,15.0,False,False,Normal
FOODS_2_282_CA_1_validation,2016-03-28,0,6.801387313974914,10.0,0,2,13.602774627949827,10.0,True,False,Stockout Risk
FOODS_2_282_CA_1_validation,2016-04-04,12,2.915856327545828,14.0,0,2,5.831712655091656,14.0,False,False,Normal
FOODS_2_282_CA_1_validation,2016-04-11,12,8.153691852966979,16.0,0,2,16.307383705933958,16.0,True,False,Stockout Risk
FOODS_2_282_CA_1_validation,2016-04-18,12,9.026328660980845,18.0,0,2,18.05265732196169,18.0,True,False,Stockout Risk
FOODS_2_283_CA_1_validation,2016-03-14,9,10.663270799265517,18.0,0,2,21.326541598531033,18.0,True,False,Stockout Risk
FOODS_2_283_CA_1_validation,2016-03-21,31,9.14333317192788,40.0,0,2,18.28666634385576,40.0,False,False,Normal
FOODS_2_283_CA_1_validation,2016-03-28,17,19.64347243372108,38.0,0,2,39.28694486744216,38.0,True,False,Stockout Risk
FOODS_2_283_CA_1_validation,2016-04-04,9,17.298570172607604,33.0,0,2,34.59714034521521,33.0,True,False,Stockout Risk
FOODS_2_283_CA_1_validation,2016-04-11,10,14.163851896935965,34.0,0,2,28.32770379387193,34.0,False,False,Normal
FOODS_2_283_CA_1_validation,2016-04-18,17,13.904529354447371,26.0,0,2,27.809058708894742,26.0,True,False,Stockout Risk
FOODS_2_284_CA_1_validation,2016-03-14,0,2.435767342527474,0.0,0,2,4.871534685054948,0.0,True,False,Stockout Risk
FOODS_2_284_CA_1_validation,2016-03-21,0,1.043850061217488,0.0,0,2,2.087700122434976,0.0,True,False,Stockout Risk
FOODS_2_284_CA_1_validation,2016-03-28,2,0.983707976926116,1.0,0,2,1.967415953852232,1.0,True,False,Stockout Risk
FOODS_2_284_CA_1_validation,2016-04-04,3,3.076752060149945,2.0,0,2,6.15350412029989,2.0,True,False,Stockout Risk
FOODS_2_284_CA_1_validation,2016-04-11,1,3.292641853027197,3.0,0,2,6.585283706054394,3.0,True,False,Stockout Risk
FOODS_2_284_CA_1_validation,2016-04-18,2,2.3688510923457544,4.0,0,2,4.737702184691509,4.0,True,False,Stockout Risk
FOODS_2_285_CA_1_validation,2016-03-14,8,14.723018180483445,16.0,0,2,29.44603636096689,16.0,True,False,Stockout Risk
FOODS_2_285_CA_1_validation,2016-03-21,5,11.066600692703174,13.0,0,2,22.13320138540635,13.0,True,False,Stockout Risk
FOODS_2_285_CA_1_validation,2016-03-28,1,9.25972437992968,9.0,0,2,18.51944875985936,9.0,True,False,Stockout Risk
FOODS_2_285_CA_1_validation,2016-04-04,5,6.586135407485054,10.0,0,2,13.172270814970108,10.0,True,False,Stockout Risk
FOODS_2_285_CA_1_validation,2016-04-11,1,7.072626057812599,6.0,0,2,14.145252115625198,6.0,True,False,Stockout Risk
FOODS_2_285_CA_1_validation,2016-04-18,18,4.20077553437792,12.0,0,2,8.40155106875584,12.0,False,False,Normal
FOODS_2_286_CA_1_validation,2016-03-14,3,6.434210024974531,6.0,0,2,12.868420049949062,6.0,True,False,Stockout Risk
FOODS_2_286_CA_1_validation,2016-03-21,5,5.632977672472341,8.0,0,2,11.265955344944683,8.0,True,False,Stockout Risk
FOODS_2_286_CA_1_validation,2016-03-28,6,5.472923514179064,9.0,0,2,10.945847028358129,9.0,True,False,Stockout Risk
FOODS_2_286_CA_1_validation,2016-04-04,10,5.55676410461226,12.0,0,2,11.11352820922452,12.0,False,False,Normal
FOODS_2_286_CA_1_validation,2016-04-11,10,6.665650796513026,16.0,0,2,13.331301593026051,16.0,False,False,Normal
FOODS_2_286_CA_1_validation,2016-04-18,3,7.9220477168135055,14.0,0,2,15.844095433627011,14.0,True,False,Stockout Risk
FOODS_2_287_CA_1_validation,2016-03-14,0,0.983707976926116,0.0,0,2,1.967415953852232,0.0,True,False,Stockout Risk
FOODS_2_287_CA_1_validation,2016-03-21,0,0.5023478579953735,0.0,0,2,1.004695715990747,0.0,True,False,Stockout Risk
FOODS_2_287_CA_1_validation,2016-03-28,0,0.438807456804893,0.0,0,2,0.877614913609786,0.0,True,False,Stockout Risk
FOODS_2_287_CA_1_validation,2016-04-04,0,0.6841933538188314,0.0,0,2,1.3683867076376628,0.0,True,False,Stockout Risk
FOODS_2_287_CA_1_validation,2016-04-11,0,0.3742540594074448,0.0,0,2,0.7485081188148895,0.0,True,False,Stockout Risk
FOODS_2_287_CA_1_validation,2016-04-18,0,0.3006084123614305,0.0,0,2,0.601216824722861,0.0,True,False,Stockout Risk
FOODS_2_288_CA_1_validation,2016-03-14,15,6.437401192849686,30.0,0,2,12.874802385699372,30.0,False,False,Normal
FOODS_2_288_CA_1_validation,2016-03-21,9,10.044301062458846,24.0,0,2,20.088602124917692,24.0,False,False,Normal
FOODS_2_288_CA_1_validation,2016-03-28,6,9.343738589512958,20.0,0,2,18.687477179025915,20.0,False,False,Normal
FOODS_2_288_CA_1_validation,2016-04-04,11,7.897934999654631,20.0,0,2,15.795869999309263,20.0,False,False,Normal
FOODS_2_288_CA_1_validation,2016-04-11,9,9.75957674757006,18.0,0,2,19.51915349514012,18.0,True,False,Stockout Risk
FOODS_2_288_CA_1_validation,2016-04-18,10,8.619831901396967,18.0,0,2,17.239663802793935,18.0,False,False,Normal
FOODS_2_289_CA_1_validation,2016-03-14,13,6.886033061969255,26.0,0,2,13.77206612393851,26.0,False,False,Normal
FOODS_2_289_CA_1_validation,2016-03-21,8,8.808967195436663,21.0,0,2,17.617934390873327,21.0,False,False,Normal
FOODS_2_289_CA_1_validation,2016-03-28,3,9.111164030028512,16.0,0,2,18.222328060057023,16.0,True,False,Stockout Risk
FOODS_2_289_CA_1_validation,2016-04-04,9,6.636747087873059,16.0,0,2,13.273494175746118,16.0,False,False,Normal
FOODS_2_289_CA_1_validation,2016-04-11,9,7.804889454633486,14.0,0,2,15.609778909266971,14.0,True,False,Stockout Risk
FOODS_2_289_CA_1_validation,2016-04-18,6,7.479431252097502,14.0,0,2,14.958862504195004,14.0,True,False,Stockout Risk
FOODS_2_290_CA_1_validation,2016-03-14,2,4.406446778677062,4.0,0,2,8.812893557354124,4.0,True,False,Stockout Risk
FOODS_2_290_CA_1_validation,2016-03-21,7,3.892628045858532,9.0,0,2,7.785256091717064,9.0,False,False,Normal
FOODS_2_290_CA_1_validation,2016-03-28,7,5.074392178008628,11.0,0,2,10.148784356017256,11.0,False,False,Normal
FOODS_2_290_CA_1_validation,2016-04-04,4,5.808602932792921,10.0,0,2,11.617205865585841,10.0,True,False,Stockout Risk
FOODS_2_290_CA_1_validation,2016-04-11,4,4.987673541979841,11.0,0,2,9.975347083959681,11.0,False,False,Normal
FOODS_2_290_CA_1_validation,2016-04-18,7,4.861480379408555,11.0,0,2,9.72296075881711,11.0,False,False,Normal
FOODS_2_291_CA_1_validation,2016-03-14,9,11.205812543977268,18.0,0,2,22.411625087954537,18.0,True,False,Stockout Risk
FOODS_2_291_CA_1_validation,2016-03-21,6,9.93214523234502,15.0,0,2,19.86429046469004,15.0,True,False,Stockout Risk
FOODS_2_291_CA_1_validation,2016-03-28,7,9.267985731817395,15.0,0,2,18.53597146363479,15.0,True,False,Stockout Risk
FOODS_2_291_CA_1_validation,2016-04-04,13,8.397287304311323,18.0,0,2,16.794574608622646,18.0,False,False,Normal
FOODS_2_291_CA_1_validation,2016-04-11,5,9.40711672244742,16.0,0,2,18.81423344489484,16.0,True,False,Stockout Risk
FOODS_2_291_CA_1_validation,2016-04-18,8,7.943751130614491,16.0,0,2,15.887502261228981,16.0,False,False,Normal
FOODS_2_292_CA_1_validation,2016-03-14,0,0.438807456804893,0.0,0,2,0.877614913609786,0.0,True,False,Stockout Risk
FOODS_2_292_CA_1_validation,2016-03-21,0,0.4553433990161183,0.0,0,2,0.9106867980322366,0.0,True,False,Stockout Risk
FOODS_2_292_CA_1_validation,2016-03-28,0,0.438807456804893,0.0,0,2,0.877614913609786,0.0,True,False,Stockout Risk
FOODS_2_292_CA_1_validation,2016-04-04,0,0.5470073055823366,0.0,0,2,1.0940146111646731,0.0,True,False,Stockout Risk
FOODS_2_292_CA_1_validation,2016-04-11,0,0.3006084123614305,0.0,0,2,0.601216824722861,0.0,True,False,Stockout Risk
FOODS_2_292_CA_1_validation,2016-04-18,0,0.3006084123614305,0.0,0,2,0.601216824722861,0.0,True,False,Stockout Risk
FOODS_2_293_CA_1_validation,2016-03-14,77,22.38768778058952,154.0,0,2,44.77537556117904,154.0,False,False,Normal
FOODS_2_293_CA_1_validation,2016-03-21,71,45.57313904374804,148.0,0,2,91.14627808749609,148.0,False,False,Normal
FOODS_2_293_CA_1_validation,2016-03-28,75,52.74982162403235,149.0,0,2,105.4996432480647,149.0,False,False,Normal
FOODS_2_293_CA_1_validation,2016-04-04,78,60.2897794872037,150.0,0,2,120.5795589744074,150.0,False,False,Normal
FOODS_2_293_CA_1_validation,2016-04-11,21,67.50960728718228,122.0,0,2,135.01921457436455,122.0,True,False,Stockout Risk
FOODS_2_293_CA_1_validation,2016-04-18,20,36.1565748101825,97.0,0,2,72.313149620365,97.0,False,False,Normal
FOODS_2_294_CA_1_validation,2016-03-14,12,20.366427587123383,24.0,0,2,40.732855174246765,24.0,True,False,Stockout Risk
FOODS_2_294_CA_1_validation,2016-03-21,18,15.865700157613947,30.0,0,2,31.731400315227894,30.0,True,False,Stockout Risk
FOODS_2_294_CA_1_validation,2016-03-28,24,15.659052089452372,36.0,0,2,31.318104178904743,36.0,False,False,Normal
FOODS_2_294_CA_1_validation,2016-04-04,21,18.05474601297627,38.0,0,2,36.10949202595254,38.0,False,False,Normal
FOODS_2_294_CA_1_validation,2016-04-11,14,18.05792746084908,38.0,0,2,36.11585492169816,38.0,False,False,Normal
FOODS_2_294_CA_1_validation,2016-04-18,19,17.24801435987355,39.0,0,2,34.4960287197471,39.0,False,False,Normal
FOODS_2_295_CA_1_validation,2016-03-14,4,3.8778515303674665,8.0,0,2,7.755703060734933,8.0,False,False,Normal
FOODS_2_295_CA_1_validation,2016-03-21,4,3.9796044855996624,8.0,0,2,7.959208971199325,8.0,False,False,Normal
FOODS_2_295_CA_1_validation,2016-03-28,3,3.994162787756152,7.0,0,2,7.988325575512304,7.0,True,False,Stockout Risk
FOODS_2_295_CA_1_validation,2016-04-04,3,3.715274810816879,7.0,0,2,7.430549621633758,7.0,True,False,Stockout Risk
FOODS_2_295_CA_1_validation,2016-04-11,5,3.417217781755478,8.0,0,2,6.834435563510956,8.0,False,False,Normal
FOODS_2_295_CA_1_validation,2016-04-18,7,4.049344530714476,9.0,0,2,8.098689061428953,9.0,False,False,Normal
FOODS_2_296_CA_1_validation,2016-03-14,4,4.207835998951063,8.0,0,2,8.415671997902127,8.0,True,False,Stockout Risk
FOODS_2_296_CA_1_validation,2016-03-21,4,3.829873099088046,8.0,0,2,7.659746198176092,8.0,False,False,Normal
FOODS_2_296_CA_1_validation,2016-03-28,1,4.409389788722662,6.0,0,2,8.818779577445325,6.0,True,False,Stockout Risk
FOODS_2_296_CA_1_validation,2016-04-04,2,3.101544509425703,6.0,0,2,6.203089018851406,6.0,True,False,Stockout Risk
FOODS_2_296_CA_1_validation,2016-04-11,3,3.1218254457186627,5.0,0,2,6.243650891437325,5.0,True,False,Stockout Risk
FOODS_2_296_CA_1_validation,2016-04-18,2,3.4026594795989875,4.0,0,2,6.805318959197975,4.0,True,False,Stockout Risk
FOODS_2_297_CA_1_validation,2016-03-14,3,3.666893676376697,6.0,0,2,7.333787352753394,6.0,True,False,Stockout Risk
FOODS_2_297_CA_1_validation,2016-03-21,3,3.542045049955459,6.0,0,2,7.084090099910918,6.0,True,False,Stockout Risk
FOODS_2_297_CA_1_validation,2016-03-28,2,3.5094928119950795,5.0,0,2,7.018985623990159,5.0,True,False,Stockout Risk
FOODS_2_297_CA_1_validation,2016-04-04,3,3.3216813086248296,6.0,0,2,6.643362617249659,6.0,True,False,Stockout Risk
FOODS_2_297_CA_1_validation,2016-04-11,4,3.4026594795989875,6.0,0,2,6.805318959197975,6.0,True,False,Stockout Risk
FOODS_2_297_CA_1_validation,2016-04-18,6,3.6385871885827914,8.0,0,2,7.277174377165583,8.0,False,False,Normal
FOODS_2_298_CA_1_validation,2016-03-14,3,3.641923821383664,6.0,0,2,7.283847642767328,6.0,True,False,Stockout Risk
FOODS_2_298_CA_1_validation,2016-03-21,3,3.641923821383664,6.0,0,2,7.283847642767328,6.0,True,False,Stockout Risk
FOODS_2_298_CA_1_validation,2016-03-28,4,3.641923821383664,7.0,0,2,7.283847642767328,7.0,True,False,Stockout Risk
FOODS_2_298_CA_1_validation,2016-04-04,2,3.8995443839601873,6.0,0,2,7.799088767920375,6.0,True,False,Stockout Risk
FOODS_2_298_CA_1_validation,2016-04-11,1,3.1734835815591573,5.0,0,2,6.346967163118315,5.0,True,False,Stockout Risk
FOODS_2_298_CA_1_validation,2016-04-18,3,2.589248378827544,5.0,0,2,5.178496757655088,5.0,True,False,Stockout Risk
FOODS_2_299_CA_1_validation,2016-03-14,28,20.741351566014533,56.0,0,2,41.482703132029066,56.0,False,False,Normal
FOODS_2_299_CA_1_validation,2016-03-21,2,23.20795170229,30.0,0,2,46.41590340458,30.0,True,False,Stockout Risk
FOODS_2_299_CA_1_validation,2016-03-28,20,11.936191268713378,33.0,0,2,23.872382537426756,33.0,False,False,Normal
FOODS_2_299_CA_1_validation,2016-04-04,16,19.80567284520413,33.0,0,2,39.61134569040826,33.0,True,False,Stockout Risk
FOODS_2_299_CA_1_validation,2016-04-11,8,18.90764370159233,23.0,0,2,37.81528740318466,23.0,True,False,Stockout Risk
FOODS_2_299_CA_1_validation,2016-04-18,14,12.46227506288229,29.0,0,2,24.92455012576458,29.0,False,False,Normal
FOODS_2_300_CA_1_validation,2016-03-14,3,2.3200495624367257,6.0,0,2,4.640099124873451,6.0,False,False,Normal
FOODS_2_300_CA_1_validation,2016-03-21,8,3.3571952504246454,11.0,0,2,6.714390500849291,11.0,False,False,Normal
FOODS_2_300_CA_1_validation,2016-03-28,1,5.762684148660536,8.0,0,2,11.525368297321071,8.0,True,False,Stockout Risk
FOODS_2_300_CA_1_validation,2016-04-04,4,3.242925116745819,8.0,0,2,6.485850233491638,8.0,False,False,Normal
FOODS_2_300_CA_1_validation,2016-04-11,2,3.9236380775603497,8.0,0,2,7.847276155120699,8.0,False,False,Normal
FOODS_2_300_CA_1_validation,2016-04-18,4,3.4128476474945777,6.0,0,2,6.825695294989155,6.0,True,False,Stockout Risk
FOODS_2_301_CA_1_validation,2016-03-14,4,7.384714060297435,8.0,0,2,14.76942812059487,8.0,True,False,Stockout Risk
FOODS_2_301_CA_1_validation,2016-03-21,4,5.863624862570142,8.0,0,2,11.727249725140284,8.0,True,False,Stockout Risk
FOODS_2_301_CA_1_validation,2016-03-28,18,5.347810739578842,17.0,0,2,10.695621479157683,17.0,False,False,Normal
FOODS_2_301_CA_1_validation,2016-04-04,4,10.64177721304818,15.0,0,2,21.28355442609636,15.0,True,False,Stockout Risk
FOODS_2_301_CA_1_validation,2016-04-11,0,6.848487045183345,13.0,0,2,13.69697409036669,13.0,True,False,Stockout Risk
FOODS_2_301_CA_1_validation,2016-04-18,3,3.5573063311210977,12.0,0,2,7.1146126622421955,12.0,False,False,Normal
FOODS_2_302_CA_1_validation,2016-03-14,5,10.888836962968492,10.0,0,2,21.777673925936984,10.0,True,False,Stockout Risk
FOODS_2_302_CA_1_validation,2016-03-21,8,8.459920322037506,13.0,0,2,16.919840644075013,13.0,True,False,Stockout Risk
FOODS_2_302_CA_1_validation,2016-03-28,7,8.684143220813814,13.0,0,2,17.368286441627628,13.0,True,False,Stockout Risk
FOODS_2_302_CA_1_validation,2016-04-04,16,8.920815282829892,18.0,0,2,17.841630565659784,18.0,False,False,Normal
FOODS_2_302_CA_1_validation,2016-04-11,11,10.346315708174576,21.0,0,2,20.69263141634915,21.0,False,False,Normal
FOODS_2_302_CA_1_validation,2016-04-18,7,10.038227722595876,20.0,0,2,20.07645544519175,20.0,True,False,Stockout Risk
FOODS_2_303_CA_1_validation,2016-03-14,0,0.438807456804893,0.0,0,2,0.877614913609786,0.0,True,False,Stockout Risk
FOODS_2_303_CA_1_validation,2016-03-21,0,0.4291420694814084,0.0,0,2,0.8582841389628167,0.0,True,False,Stockout Risk
FOODS_2_303_CA_1_validation,2016-03-28,0,0.438807456804893,0.0,0,2,0.877614913609786,0.0,True,False,Stockout Risk
FOODS_2_303_CA_1_validation,2016-04-04,0,0.5470073055823366,0.0,0,2,1.0940146111646731,0.0,True,False,Stockout Risk
FOODS_2_303_CA_1_validation,2016-04-11,0,0.3006084123614305,0.0,0,2,0.601216824722861,0.0,True,False,Stockout Risk
FOODS_2_303_CA_1_validation,2016-04-18,0,0.3006084123614305,0.0,0,2,0.601216824722861,0.0,True,False,Stockout Risk
FOODS_2_304_CA_1_validation,2016-03-14,19,16.700179418027975,38.0,0,2,33.40035883605595,38.0,False,False,Normal
FOODS_2_304_CA_1_validation,2016-03-21,7,17.36169196384057,26.0,0,2,34.72338392768114,26.0,True,False,Stockout Risk
FOODS_2_304_CA_1_validation,2016-03-28,19,12.836265497370505,30.0,0,2,25.67253099474101,30.0,False,False,Normal
FOODS_2_304_CA_1_validation,2016-04-04,18,15.909338363686915,32.0,0,2,31.81867672737383,32.0,False,False,Normal
FOODS_2_304_CA_1_validation,2016-04-11,16,16.21171331596239,30.0,0,2,32.42342663192478,30.0,True,False,Stockout Risk
FOODS_2_304_CA_1_validation,2016-04-18,27,14.743709711589558,40.0,0,2,29.487419423179116,40.0,False,False,Normal
FOODS_2_305_CA_1_validation,2016-03-14,2,0.5023478579953735,4.0,0,2,1.004695715990747,4.0,False,False,Normal
FOODS_2_305_CA_1_validation,2016-03-21,1,3.4323455155814124,3.0,0,2,6.864691031162825,3.0,True,False,Stockout Risk
FOODS_2_305_CA_1_validation,2016-03-28,2,2.862704707405826,3.0,0,2,5.725409414811652,3.0,True,False,Stockout Risk
FOODS_2_305_CA_1_validation,2016-04-04,1,3.577127270120401,3.0,0,2,7.154254540240802,3.0,True,False,Stockout Risk
FOODS_2_305_CA_1_validation,2016-04-11,3,2.4802937088806765,4.0,0,2,4.960587417761353,4.0,True,False,Stockout Risk
FOODS_2_305_CA_1_validation,2016-04-18,1,3.293704809652118,4.0,0,2,6.587409619304236,4.0,True,False,Stockout Risk
FOODS_2_306_CA_1_validation,2016-03-14,9,14.80864563267322,18.0,0,2,29.61729126534644,18.0,True,False,Stockout Risk
FOODS_2_306_CA_1_validation,2016-03-21,9,12.83742870596348,18.0,0,2,25.67485741192696,18.0,True,False,Stockout Risk
FOODS_2_306_CA_1_validation,2016-03-28,3,12.056263669949557,14.0,0,2,24.112527339899113,14.0,True,False,Stockout Risk
FOODS_2_306_CA_1_validation,2016-04-04,7,8.78168354654619,14.0,0,2,17.56336709309238,14.0,True,False,Stockout Risk
FOODS_2_306_CA_1_validation,2016-04-11,3,9.11127348240404,11.0,0,2,18.22254696480808,11.0,True,False,Stockout Risk
FOODS_2_306_CA_1_validation,2016-04-18,3,6.2404759252304,8.0,0,2,12.4809518504608,8.0,True,False,Stockout Risk
FOODS_2_307_CA_1_validation,2016-03-14,12,18.70397436949425,24.0,0,2,37.4079487389885,24.0,True,False,Stockout Risk
FOODS_2_307_CA_1_validation,2016-03-21,9,15.35892233670273,21.0,0,2,30.71784467340546,21.0,True,False,Stockout Risk
FOODS_2_307_CA_1_validation,2016-03-28,20,13.85729899442216,27.0,0,2,27.71459798884432,27.0,True,False,Stockout Risk
FOODS_2_307_CA_1_validation,2016-04-04,15,16.439820250678352,28.0,0,2,32.879640501356704,28.0,True,False,Stockout Risk
FOODS_2_307_CA_1_validation,2016-04-11,6,13.602241906011407,25.0,0,2,27.204483812022815,25.0,True,False,Stockout Risk
FOODS_2_307_CA_1_validation,2016-04-18,17,12.101774418261504,29.0,0,2,24.20354883652301,29.0,False,False,Normal
FOODS_2_308_CA_1_validation,2016-03-14,3,5.325014233018136,6.0,0,2,10.650028466036272,6.0,True,False,Stockout Risk
FOODS_2_308_CA_1_validation,2016-03-21,10,4.615273894863175,13.0,0,2,9.23054778972635,13.0,False,False,Normal
FOODS_2_308_CA_1_validation,2016-03-28,7,6.1672532529001565,13.0,0,2,12.334506505800313,13.0,False,False,Normal
FOODS_2_308_CA_1_validation,2016-04-04,3,6.321841828038234,12.0,0,2,12.643683656076467,12.0,True,False,Stockout Risk
FOODS_2_308_CA_1_validation,2016-04-11,6,5.165042387056371,13.0,0,2,10.330084774112741,13.0,False,False,Normal
FOODS_2_308_CA_1_validation,2016-04-18,0,5.785152700138557,8.0,0,2,11.570305400277114,8.0,True,False,Stockout Risk
FOODS_2_309_CA_1_validation,2016-03-14,10,15.87873106683044,20.0,0,2,31.75746213366088,20.0,True,False,Stockout Risk
FOODS_2_309_CA_1_validation,2016-03-21,13,13.23415250213242,23.0,0,2,26.46830500426484,23.0,True,False,Stockout Risk
FOODS_2_309_CA_1_validation,2016-03-28,11,15.373245743900467,23.0,0,2,30.746491487800935,23.0,True,False,Stockout Risk
FOODS_2_309_CA_1_validation,2016-04-04,15,13.398624291631778,24.0,0,2,26.797248583263556,24.0,True,False,Stockout Risk
FOODS_2_309_CA_1_validation,2016-04-11,8,12.743798958746696,24.0,0,2,25.487597917493392,24.0,True,False,Stockout Risk
FOODS_2_309_CA_1_validation,2016-04-18,19,10.714591720188164,26.0,0,2,21.429183440376327,26.0,False,False,Normal
FOODS_2_310_CA_1_validation,2016-03-14,1,5.594213946675027,2.0,0,2,11.188427893350054,2.0,True,False,Stockout Risk
FOODS_2_310_CA_1_validation,2016-03-21,2,3.7408010823091455,3.0,0,2,7.481602164618291,3.0,True,False,Stockout Risk
FOODS_2_310_CA_1_validation,2016-03-28,0,3.3756480896598298,2.0,0,2,6.7512961793196595,2.0,True,False,Stockout Risk
FOODS_2_310_CA_1_validation,2016-04-04,2,1.4928111000054882,2.0,0,2,2.9856222000109764,2.0,True,False,Stockout Risk
FOODS_2_310_CA_1_validation,2016-04-11,0,3.009327206632362,2.0,0,2,6.018654413264724,2.0,True,False,Stockout Risk
FOODS_2_310_CA_1_validation,2016-04-18,2,0.9627465924504832,2.0,0,2,1.9254931849009664,2.0,False,False,Normal
FOODS_2_311_CA_1_validation,2016-03-14,20,18.987039287494465,40.0,0,2,37.97407857498893,40.0,False,False,Normal
FOODS_2_311_CA_1_validation,2016-03-21,16,20.347176570125388,36.0,0,2,40.694353140250776,36.0,True,False,Stockout Risk
FOODS_2_311_CA_1_validation,2016-03-28,25,18.421353239120304,41.0,0,2,36.84270647824061,41.0,False,False,Normal
FOODS_2_311_CA_1_validation,2016-04-04,21,20.29165317746646,41.0,0,2,40.58330635493292,41.0,False,False,Normal
FOODS_2_311_CA_1_validation,2016-04-11,17,20.52962353398345,40.0,0,2,41.0592470679669,40.0,True,False,Stockout Risk
FOODS_2_311_CA_1_validation,2016-04-18,11,19.38089810379785,37.0,0,2,38.7617962075957,37.0,True,False,Stockout Risk
FOODS_2_312_CA_1_validation,2016-03-14,0,1.889403729171012,0.0,0,2,3.778807458342024,0.0,True,False,Stockout Risk
FOODS_2_312_CA_1_validation,2016-03-21,0,1.1705188793790753,0.0,0,2,2.3410377587581506,0.0,True,False,Stockout Risk
FOODS_2_312_CA_1_validation,2016-03-28,4,0.970838079998806,3.0,0,2,1.941676159997612,3.0,False,False,Normal
FOODS_2_312_CA_1_validation,2016-04-04,4,4.733104467220864,4.0,0,2,9.466208934441728,4.0,True,False,Stockout Risk
FOODS_2_312_CA_1_validation,2016-04-11,3,3.740790588468899,6.0,0,2,7.481581176937798,6.0,True,False,Stockout Risk
FOODS_2_312_CA_1_validation,2016-04-18,0,3.741985463504452,6.0,0,2,7.483970927008904,6.0,True,False,Stockout Risk
FOODS_2_313_CA_1_validation,2016-03-14,0,1.095508197057982,0.0,0,2,2.191016394115964,0.0,True,False,Stockout Risk
FOODS_2_313_CA_1_validation,2016-03-21,1,0.9393042368440488,1.0,0,2,1.8786084736880977,1.0,True,False,Stockout Risk
FOODS_2_313_CA_1_validation,2016-03-28,1,2.3200495624367257,1.0,0,2,4.640099124873451,1.0,True,False,Stockout Risk
FOODS_2_313_CA_1_validation,2016-04-04,2,3.044550203229284,2.0,0,2,6.089100406458568,2.0,True,False,Stockout Risk
FOODS_2_313_CA_1_validation,2016-04-11,1,2.901428159236872,2.0,0,2,5.802856318473744,2.0,True,False,Stockout Risk
FOODS_2_313_CA_1_validation,2016-04-18,3,2.4802937088806765,4.0,0,2,4.960587417761353,4.0,True,False,Stockout Risk
FOODS_2_314_CA_1_validation,2016-03-14,0,5.283483659289129,0.0,0,2,10.566967318578259,0.0,True,False,Stockout Risk
FOODS_2_314_CA_1_validation,2016-03-21,0,2.3729263010334414,0.0,0,2,4.745852602066883,0.0,True,False,Stockout Risk
FOODS_2_314_CA_1_validation,2016-03-28,1,1.6369137691845843,1.0,0,2,3.2738275383691686,1.0,True,False,Stockout Risk
FOODS_2_314_CA_1_validation,2016-04-04,11,2.9179782664992926,6.0,0,2,5.835956532998585,6.0,False,False,Normal
FOODS_2_314_CA_1_validation,2016-04-11,5,7.514381031336366,8.0,0,2,15.028762062672731,8.0,True,False,Stockout Risk
FOODS_2_314_CA_1_validation,2016-04-18,1,5.9370344842322815,9.0,0,2,11.874068968464563,9.0,True,False,Stockout Risk
FOODS_2_315_CA_1_validation,2016-03-14,0,2.5895315662657765,0.0,0,2,5.179063132531553,0.0,True,False,Stockout Risk
FOODS_2_315_CA_1_validation,2016-03-21,0,1.795021239750618,0.0,0,2,3.590042479501236,0.0,True,False,Stockout Risk
FOODS_2_315_CA_1_validation,2016-03-28,0,2.1934638161837983,0.0,0,2,4.3869276323675965,0.0,True,False,Stockout Risk
FOODS_2_315_CA_1_validation,2016-04-04,0,1.3517233844110137,0.0,0,2,2.7034467688220274,0.0,True,False,Stockout Risk
FOODS_2_315_CA_1_validation,2016-04-11,23,0.521107042269454,12.0,0,2,1.042214084538908,12.0,False,False,Normal
FOODS_2_315_CA_1_validation,2016-04-18,21,28.914804593437804,22.0,0,2,57.82960918687561,22.0,True,False,Stockout Risk
FOODS_2_316_CA_1_validation,2016-03-14,13,13.14957881833498,26.0,0,2,26.29915763666996,26.0,True,False,Stockout Risk
FOODS_2_316_CA_1_validation,2016-03-21,14,12.699719497003969,27.0,0,2,25.399438994007937,27.0,False,False,Normal
FOODS_2_316_CA_1_validation,2016-03-28,9,13.835281920745404,24.0,0,2,27.670563841490807,24.0,True,False,Stockout Risk
FOODS_2_316_CA_1_validation,2016-04-04,14,12.536570729167831,25.0,0,2,25.073141458335662,25.0,True,False,Stockout Risk
FOODS_2_316_CA_1_validation,2016-04-11,13,12.82012516889151,25.0,0,2,25.64025033778302,25.0,True,False,Stockout Risk
FOODS_2_316_CA_1_validation,2016-04-18,15,12.449757183256578,26.0,0,2,24.899514366513156,26.0,False,False,Normal
FOODS_2_317_CA_1_validation,2016-03-14,1,2.5413035371386936,2.0,0,2,5.082607074277387,2.0,True,False,Stockout Risk
FOODS_2_317_CA_1_validation,2016-03-21,2,2.5448471062781244,3.0,0,2,5.089694212556249,3.0,True,False,Stockout Risk
FOODS_2_317_CA_1_validation,2016-03-28,3,3.395281774296943,4.0,0,2,6.790563548593886,4.0,True,False,Stockout Risk
FOODS_2_317_CA_1_validation,2016-04-04,2,3.540103702873025,4.0,0,2,7.08020740574605,4.0,True,False,Stockout Risk
FOODS_2_317_CA_1_validation,2016-04-11,2,2.791616801069825,4.0,0,2,5.58323360213965,4.0,True,False,Stockout Risk
FOODS_2_317_CA_1_validation,2016-04-18,4,2.791616801069825,6.0,0,2,5.58323360213965,6.0,False,False,Normal
FOODS_2_318_CA_1_validation,2016-03-14,15,14.535076154844534,30.0,0,2,29.070152309689067,30.0,False,False,Normal
FOODS_2_318_CA_1_validation,2016-03-21,11,14.483809023932826,26.0,0,2,28.967618047865653,26.0,True,False,Stockout Risk
FOODS_2_318_CA_1_validation,2016-03-28,11,13.739742952601,25.0,0,2,27.479485905202,25.0,True,False,Stockout Risk
FOODS_2_318_CA_1_validation,2016-04-04,12,12.255792929775168,24.0,0,2,24.511585859550337,24.0,True,False,Stockout Risk
FOODS_2_318_CA_1_validation,2016-04-11,16,12.46511997983055,25.0,0,2,24.9302399596611,25.0,False,False,Normal
FOODS_2_318_CA_1_validation,2016-04-18,19,13.707840504748052,29.0,0,2,27.415681009496105,29.0,False,False,Normal
FOODS_2_319_CA_1_validation,2016-03-14,3,5.318348111440106,6.0,0,2,10.636696222880213,6.0,True,False,Stockout Risk
FOODS_2_319_CA_1_validation,2016-03-21,2,4.27279702041198,5.0,0,2,8.54559404082396,5.0,True,False,Stockout Risk
FOODS_2_319_CA_1_validation,2016-03-28,4,4.015137023650184,6.0,0,2,8.030274047300368,6.0,True,False,Stockout Risk
FOODS_2_319_CA_1_validation,2016-04-04,0,4.392631860638473,4.0,0,2,8.785263721276946,4.0,True,False,Stockout Risk
FOODS_2_319_CA_1_validation,2016-04-11,4,1.0644995476826795,5.0,0,2,2.128999095365359,5.0,False,False,Normal
FOODS_2_319_CA_1_validation,2016-04-18,10,4.28581725990443,9.0,0,2,8.57163451980886,9.0,False,False,Normal
FOODS_2_320_CA_1_validation,2016-03-14,9,9.270839423747166,18.0,0,2,18.54167884749433,18.0,True,False,Stockout Risk
FOODS_2_320_CA_1_validation,2016-03-21,5,10.0100789637302,14.0,0,2,20.0201579274604,14.0,True,False,Stockout Risk
FOODS_2_320_CA_1_validation,2016-03-28,8,8.771435157128252,15.0,0,2,17.542870314256504,15.0,True,False,Stockout Risk
FOODS_2_320_CA_1_validation,2016-04-04,16,8.103256907593819,19.0,0,2,16.206513815187638,19.0,False,False,Normal
FOODS_2_320_CA_1_validation,2016-04-11,11,10.45241586202324,20.0,0,2,20.90483172404648,20.0,True,False,Stockout Risk
FOODS_2_320_CA_1_validation,2016-04-18,8,10.097942930166589,22.0,0,2,20.195885860333178,22.0,False,False,Normal
FOODS_2_321_CA_1_validation,2016-03-14,5,9.567563713630276,10.0,0,2,19.135127427260553,10.0,True,False,Stockout Risk
FOODS_2_321_CA_1_validation,2016-03-21,7,7.844093401789759,12.0,0,2,15.688186803579518,12.0,True,False,Stockout Risk
FOODS_2_321_CA_1_validation,2016-03-28,10,8.243858834336125,15.0,0,2,16.48771766867225,15.0,True,False,Stockout Risk
FOODS_2_321_CA_1_validation,2016-04-04,7,8.907710376763415,14.0,0,2,17.81542075352683,14.0,True,False,Stockout Risk
FOODS_2_321_CA_1_validation,2016-04-11,8,7.714849121414424,16.0,0,2,15.429698242828849,16.0,False,False,Normal
FOODS_2_321_CA_1_validation,2016-04-18,8,7.914112361532979,16.0,0,2,15.828224723065958,16.0,False,False,Normal
FOODS_2_322_CA_1_validation,2016-03-14,1,3.8778515303674665,2.0,0,2,7.755703060734933,2.0,True,False,Stockout Risk
FOODS_2_322_CA_1_validation,2016-03-21,1,2.64660006151032,2.0,0,2,5.29320012302064,2.0,True,False,Stockout Risk
FOODS_2_322_CA_1_validation,2016-03-28,1,2.5448471062781244,2.0,0,2,5.089694212556249,2.0,True,False,Stockout Risk
FOODS_2_322_CA_1_validation,2016-04-04,1,2.626813830673378,2.0,0,2,5.253627661346756,2.0,True,False,Stockout Risk
FOODS_2_322_CA_1_validation,2016-04-11,1,2.2590397341787085,2.0,0,2,4.518079468357417,2.0,True,False,Stockout Risk
FOODS_2_322_CA_1_validation,2016-04-18,3,2.2590397341787085,3.0,0,2,4.518079468357417,3.0,True,False,Stockout Risk
FOODS_2_323_CA_1_validation,2016-03-14,6,4.601863355026718,12.0,0,2,9.203726710053436,12.0,False,False,Normal
FOODS_2_323_CA_1_validation,2016-03-21,2,4.90220575681774,8.0,0,2,9.80441151363548,8.0,True,False,Stockout Risk
FOODS_2_323_CA_1_validation,2016-03-28,1,4.207484899345242,6.0,0,2,8.414969798690484,6.0,True,False,Stockout Risk
FOODS_2_323_CA_1_validation,2016-04-04,2,3.2197457521293136,6.0,0,2,6.439491504258627,6.0,True,False,Stockout Risk
FOODS_2_323_CA_1_validation,2016-04-11,6,3.4913656236430293,6.0,0,2,6.9827312472860585,6.0,True,False,Stockout Risk
FOODS_2_323_CA_1_validation,2016-04-18,4,4.391712133696516,6.0,0,2,8.783424267393032,6.0,True,False,Stockout Risk
FOODS_2_324_CA_1_validation,2016-03-14,0,1.3403782579231784,0.0,0,2,2.680756515846357,0.0,True,False,Stockout Risk
FOODS_2_324_CA_1_validation,2016-03-21,0,0.5785280209945922,0.0,0,2,1.1570560419891844,0.0,True,False,Stockout Risk
FOODS_2_324_CA_1_validation,2016-03-28,0,0.4259375598775828,0.0,0,2,0.8518751197551656,0.0,True,False,Stockout Risk
FOODS_2_324_CA_1_validation,2016-04-04,0,0.620652952628351,0.0,0,2,1.241305905256702,0.0,True,False,Stockout Risk
FOODS_2_324_CA_1_validation,2016-04-11,0,0.3742540594074448,0.0,0,2,0.7485081188148895,0.0,True,False,Stockout Risk
FOODS_2_324_CA_1_validation,2016-04-18,0,0.3006084123614305,0.0,0,2,0.601216824722861,0.0,True,False,Stockout Risk
FOODS_2_325_CA_1_validation,2016-03-14,30,31.62435691146791,60.0,0,2,63.24871382293582,60.0,True,False,Stockout Risk
FOODS_2_325_CA_1_validation,2016-03-21,40,32.719258634809336,70.0,0,2,65.43851726961867,70.0,False,False,Normal
FOODS_2_325_CA_1_validation,2016-03-28,29,36.79404791160896,66.0,0,2,73.58809582321793,66.0,True,False,Stockout Risk
FOODS_2_325_CA_1_validation,2016-04-04,41,32.35772111278614,70.0,0,2,64.71544222557227,70.0,False,False,Normal
FOODS_2_325_CA_1_validation,2016-04-11,35,34.66516955607055,72.0,0,2,69.3303391121411,72.0,False,False,Normal
FOODS_2_325_CA_1_validation,2016-04-18,27,33.57331697502952,66.0,0,2,67.14663395005904,66.0,True,False,Stockout Risk
FOODS_2_326_CA_1_validation,2016-03-14,86,65.97342937302584,172.0,0,2,131.94685874605167,172.0,False,False,Normal
FOODS_2_326_CA_1_validation,2016-03-21,64,69.26021188362455,150.0,0,2,138.5204237672491,150.0,False,False,Normal
FOODS_2_326_CA_1_validation,2016-03-28,45,63.81201226984317,130.0,0,2,127.62402453968635,130.0,False,False,Normal
FOODS_2_326_CA_1_validation,2016-04-04,98,60.08558432837607,146.0,0,2,120.17116865675214,146.0,False,False,Normal
FOODS_2_326_CA_1_validation,2016-04-11,24,73.77543584982516,116.0,0,2,147.55087169965032,116.0,True,False,Stockout Risk
FOODS_2_326_CA_1_validation,2016-04-18,44,39.332783790694506,106.0,0,2,78.66556758138901,106.0,False,False,Normal
FOODS_2_327_CA_1_validation,2016-03-14,13,11.991770897475426,26.0,0,2,23.983541794950852,26.0,False,False,Normal
FOODS_2_327_CA_1_validation,2016-03-21,15,12.398483434820257,28.0,0,2,24.796966869640514,28.0,False,False,Normal
FOODS_2_327_CA_1_validation,2016-03-28,16,13.31288545655666,29.0,0,2,26.62577091311332,29.0,False,False,Normal
FOODS_2_327_CA_1_validation,2016-04-04,19,14.952472618325686,32.0,0,2,29.904945236651372,32.0,False,False,Normal
FOODS_2_327_CA_1_validation,2016-04-11,14,15.13755558678052,32.0,0,2,30.27511117356104,32.0,False,False,Normal
FOODS_2_327_CA_1_validation,2016-04-18,16,14.658507266241774,32.0,0,2,29.317014532483547,32.0,False,False,Normal
FOODS_2_328_CA_1_validation,2016-03-14,0,3.464750841308809,0.0,0,2,6.929501682617618,0.0,True,False,Stockout Risk
FOODS_2_328_CA_1_validation,2016-03-21,0,1.5417547770883424,0.0,0,2,3.083509554176685,0.0,True,False,Stockout Risk
FOODS_2_328_CA_1_validation,2016-03-28,0,0.983707976926116,0.0,0,2,1.967415953852232,0.0,True,False,Stockout Risk
FOODS_2_328_CA_1_validation,2016-04-04,0,1.1526835758222649,0.0,0,2,2.3053671516445298,0.0,True,False,Stockout Risk
FOODS_2_328_CA_1_validation,2016-04-11,0,0.3742540594074448,0.0,0,2,0.7485081188148895,0.0,True,False,Stockout Risk
FOODS_2_328_CA_1_validation,2016-04-18,2,0.3645886720839602,1.0,0,2,0.7291773441679203,1.0,False,False,Normal
FOODS_2_329_CA_1_validation,2016-03-14,6,5.1696159420821965,12.0,0,2,10.339231884164393,12.0,False,False,Normal
FOODS_2_329_CA_1_validation,2016-03-21,5,5.533351260471099,11.0,0,2,11.066702520942197,11.0,True,False,Stockout Risk
FOODS_2_329_CA_1_validation,2016-03-28,6,5.409017040131658,11.0,0,2,10.818034080263317,11.0,False,False,Normal
FOODS_2_329_CA_1_validation,2016-04-04,4,5.551980114929642,10.0,0,2,11.103960229859284,10.0,True,False,Stockout Risk
FOODS_2_329_CA_1_validation,2016-04-11,6,5.002170119263117,10.0,0,2,10.004340238526234,10.0,True,False,Stockout Risk
FOODS_2_329_CA_1_validation,2016-04-18,4,5.17023297363889,10.0,0,2,10.34046594727778,10.0,True,False,Stockout Risk
FOODS_2_330_CA_1_validation,2016-03-14,3,4.695864769148867,6.0,0,2,9.391729538297733,6.0,True,False,Stockout Risk
FOODS_2_330_CA_1_validation,2016-03-21,7,4.282693280644574,10.0,0,2,8.565386561289149,10.0,False,False,Normal
FOODS_2_330_CA_1_validation,2016-03-28,6,5.074392178008628,11.0,0,2,10.148784356017256,11.0,False,False,Normal
FOODS_2_330_CA_1_validation,2016-04-04,11,5.6599371373887495,14.0,0,2,11.319874274777499,14.0,False,False,Normal
FOODS_2_330_CA_1_validation,2016-04-11,3,7.001373431485659,14.0,0,2,14.002746862971318,14.0,True,False,Stockout Risk
FOODS_2_330_CA_1_validation,2016-04-18,6,5.601866515244452,13.0,0,2,11.203733030488904,13.0,False,False,Normal
FOODS_2_331_CA_1_validation,2016-03-14,6,7.668332420483643,12.0,0,2,15.336664840967286,12.0,True,False,Stockout Risk
FOODS_2_331_CA_1_validation,2016-03-21,7,7.695548784512177,13.0,0,2,15.391097569024353,13.0,True,False,Stockout Risk
FOODS_2_331_CA_1_validation,2016-03-28,0,7.169133509033225,9.0,0,2,14.33826701806645,9.0,True,False,Stockout Risk
FOODS_2_331_CA_1_validation,2016-04-04,0,2.883398693940093,6.0,0,2,5.766797387880186,6.0,False,False,Normal
FOODS_2_331_CA_1_validation,2016-04-11,1,1.878433918499548,4.0,0,2,3.756867836999096,4.0,False,False,Normal
FOODS_2_331_CA_1_validation,2016-04-18,5,3.4972788779323216,3.0,0,2,6.994557755864643,3.0,True,False,Stockout Risk
FOODS_2_332_CA_1_validation,2016-03-14,7,7.379818370035581,14.0,0,2,14.759636740071162,14.0,True,False,Stockout Risk
FOODS_2_332_CA_1_validation,2016-03-21,0,7.335522305246751,7.0,0,2,14.671044610493501,7.0,True,False,Stockout Risk
FOODS_2_332_CA_1_validation,2016-03-28,0,2.5962562336983965,5.0,0,2,5.192512467396793,5.0,True,False,Stockout Risk
FOODS_2_332_CA_1_validation,2016-04-04,0,2.124832811720452,4.0,0,2,4.249665623440904,4.0,True,False,Stockout Risk
FOODS_2_332_CA_1_validation,2016-04-11,0,1.7059252073523268,0.0,0,2,3.4118504147046536,0.0,True,False,Stockout Risk
FOODS_2_332_CA_1_validation,2016-04-18,2,0.952135116906542,1.0,0,2,1.904270233813084,1.0,True,False,Stockout Risk
FOODS_2_333_CA_1_validation,2016-03-14,0,4.199413277012414,0.0,0,2,8.398826554024827,0.0,True,False,Stockout Risk
FOODS_2_333_CA_1_validation,2016-03-21,0,1.37917381139208,0.0,0,2,2.75834762278416,0.0,True,False,Stockout Risk
FOODS_2_333_CA_1_validation,2016-03-28,5,0.9740425896026316,3.0,0,2,1.9480851792052631,3.0,False,False,Normal
FOODS_2_333_CA_1_validation,2016-04-04,8,4.226089039339323,6.0,0,2,8.452178078678646,6.0,True,False,Stockout Risk
FOODS_2_333_CA_1_validation,2016-04-11,4,5.968546134900576,8.0,0,2,11.937092269801152,8.0,True,False,Stockout Risk
FOODS_2_333_CA_1_validation,2016-04-18,4,5.092566773493487,10.0,0,2,10.185133546986973,10.0,True,False,Stockout Risk
FOODS_2_334_CA_1_validation,2016-03-14,9,10.261208309816668,18.0,0,2,20.522416619633336,18.0,True,False,Stockout Risk
FOODS_2_334_CA_1_validation,2016-03-21,9,8.976277334120262,18.0,0,2,17.952554668240523,18.0,False,False,Normal
FOODS_2_334_CA_1_validation,2016-03-28,5,9.135757737770314,15.0,0,2,18.271515475540628,15.0,True,False,Stockout Risk
FOODS_2_334_CA_1_validation,2016-04-04,15,8.34288050677137,19.0,0,2,16.68576101354274,19.0,False,False,Normal
FOODS_2_334_CA_1_validation,2016-04-11,7,9.85427552873131,18.0,0,2,19.70855105746262,18.0,True,False,Stockout Risk
FOODS_2_334_CA_1_validation,2016-04-18,8,8.72555988098545,18.0,0,2,17.4511197619709,18.0,False,False,Normal
FOODS_2_335_CA_1_validation,2016-03-14,8,4.419613481001126,16.0,0,2,8.839226962002252,16.0,False,False,Normal
FOODS_2_335_CA_1_validation,2016-03-21,3,5.621294102464254,11.0,0,2,11.242588204928508,11.0,True,False,Stockout Risk
FOODS_2_335_CA_1_validation,2016-03-28,1,5.031167474522581,8.0,0,2,10.062334949045162,8.0,True,False,Stockout Risk
FOODS_2_335_CA_1_validation,2016-04-04,13,3.343293050883233,12.0,0,2,6.686586101766466,12.0,False,False,Normal
FOODS_2_335_CA_1_validation,2016-04-11,1,7.263346718550009,9.0,0,2,14.526693437100018,9.0,True,False,Stockout Risk
FOODS_2_335_CA_1_validation,2016-04-18,3,4.072466148644604,9.0,0,2,8.144932297289207,9.0,False,False,Normal
FOODS_2_336_CA_1_validation,2016-03-14,0,0.983707976926116,0.0,0,2,1.967415953852232,0.0,True,False,Stockout Risk
FOODS_2_336_CA_1_validation,2016-03-21,0,0.438807456804893,0.0,0,2,0.877614913609786,0.0,True,False,Stockout Risk
FOODS_2_336_CA_1_validation,2016-03-28,0,0.4259375598775828,0.0,0,2,0.8518751197551656,0.0,True,False,Stockout Risk
FOODS_2_336_CA_1_validation,2016-04-04,0,0.6109875653048663,0.0,0,2,1.2219751306097326,0.0,True,False,Stockout Risk
FOODS_2_336_CA_1_validation,2016-04-11,0,0.3742540594074448,0.0,0,2,0.7485081188148895,0.0,True,False,Stockout Risk
FOODS_2_336_CA_1_validation,2016-04-18,0,0.3006084123614305,0.0,0,2,0.601216824722861,0.0,True,False,Stockout Risk
FOODS_2_337_CA_1_validation,2016-03-14,4,0.983707976926116,8.0,0,2,1.967415953852232,8.0,False,False,Normal
FOODS_2_337_CA_1_validation,2016-03-21,6,5.140783229822719,10.0,0,2,10.281566459645438,10.0,True,False,Stockout Risk
FOODS_2_337_CA_1_validation,2016-03-28,1,4.8975477887718935,7.0,0,2,9.795095577543787,7.0,True,False,Stockout Risk
FOODS_2_337_CA_1_validation,2016-04-04,5,3.205283335898478,8.0,0,2,6.410566671796956,8.0,False,False,Normal
FOODS_2_337_CA_1_validation,2016-04-11,3,4.073613287840543,8.0,0,2,8.147226575681087,8.0,True,False,Stockout Risk
FOODS_2_337_CA_1_validation,2016-04-18,1,3.754197756485724,5.0,0,2,7.508395512971448,5.0,True,False,Stockout Risk
FOODS_2_338_CA_1_validation,2016-03-14,10,12.253039166516109,20.0,0,2,24.506078333032217,20.0,True,False,Stockout Risk
FOODS_2_338_CA_1_validation,2016-03-21,8,10.456134295086642,18.0,0,2,20.912268590173284,18.0,True,False,Stockout Risk
FOODS_2_338_CA_1_validation,2016-03-28,12,10.22393466653192,20.0,0,2,20.44786933306384,20.0,True,False,Stockout Risk
FOODS_2_338_CA_1_validation,2016-04-04,19,10.657703562939174,24.0,0,2,21.315407125878348,24.0,False,False,Normal
FOODS_2_338_CA_1_validation,2016-04-11,14,13.119157217359245,26.0,0,2,26.23831443471849,26.0,True,False,Stockout Risk
FOODS_2_338_CA_1_validation,2016-04-18,22,12.725387755253292,34.0,0,2,25.450775510506585,34.0,False,False,Normal
FOODS_2_339_CA_1_validation,2016-03-14,7,5.630340013268938,14.0,0,2,11.260680026537877,14.0,False,False,Normal
FOODS_2_339_CA_1_validation,2016-03-21,4,6.489254053376342,11.0,0,2,12.978508106752685,11.0,True,False,Stockout Risk
FOODS_2_339_CA_1_validation,2016-03-28,2,5.3070908417553255,9.0,0,2,10.614181683510651,9.0,True,False,Stockout Risk
FOODS_2_339_CA_1_validation,2016-04-04,8,4.816508975283134,10.0,0,2,9.633017950566268,10.0,False,False,Normal
FOODS_2_339_CA_1_validation,2016-04-11,5,5.556740705066805,10.0,0,2,11.11348141013361,10.0,True,False,Stockout Risk
FOODS_2_339_CA_1_validation,2016-04-18,6,5.478676189345511,10.0,0,2,10.957352378691022,10.0,True,False,Stockout Risk
FOODS_2_340_CA_1_validation,2016-03-14,10,7.453568708182914,20.0,0,2,14.907137416365828,20.0,False,False,Normal
FOODS_2_340_CA_1_validation,2016-03-21,2,8.434354671096365,12.0,0,2,16.86870934219273,12.0,True,False,Stockout Risk
FOODS_2_340_CA_1_validation,2016-03-28,2,6.1944770687425095,9.0,0,2,12.388954137485019,9.0,True,False,Stockout Risk
FOODS_2_340_CA_1_validation,2016-04-04,10,4.544243383607454,12.0,0,2,9.088486767214908,12.0,False,False,Normal
FOODS_2_340_CA_1_validation,2016-04-11,4,6.432497528955858,9.0,0,2,12.864995057911717,9.0,True,False,Stockout Risk
FOODS_2_340_CA_1_validation,2016-04-18,5,5.62018228577619,10.0,0,2,11.24036457155238,10.0,True,False,Stockout Risk
FOODS_2_341_CA_1_validation,2016-03-14,0,0.983707976926116,0.0,0,2,1.967415953852232,0.0,True,False,Stockout Risk
FOODS_2_341_CA_1_validation,2016-03-21,0,0.4259375598775828,0.0,0,2,0.8518751197551656,0.0,True,False,Stockout Risk
FOODS_2_341_CA_1_validation,2016-03-28,0,0.438807456804893,0.0,0,2,0.877614913609786,0.0,True,False,Stockout Risk
FOODS_2_341_CA_1_validation,2016-04-04,0,0.6077830557010407,0.0,0,2,1.2155661114020815,0.0,True,False,Stockout Risk
FOODS_2_341_CA_1_validation,2016-04-11,0,0.3742540594074448,0.0,0,2,0.7485081188148895,0.0,True,False,Stockout Risk
FOODS_2_341_CA_1_validation,2016-04-18,0,0.3006084123614305,0.0,0,2,0.601216824722861,0.0,True,False,Stockout Risk
FOODS_2_342_CA_1_validation,2016-03-14,20,21.38810821566485,40.0,0,2,42.7762164313297,40.0,True,False,Stockout Risk
FOODS_2_342_CA_1_validation,2016-03-21,14,20.16159818882661,34.0,0,2,40.32319637765322,34.0,True,False,Stockout Risk
FOODS_2_342_CA_1_validation,2016-03-28,8,17.821577701699496,28.0,0,2,35.64315540339899,28.0,True,False,Stockout Risk
FOODS_2_342_CA_1_validation,2016-04-04,24,14.543463332540076,33.0,0,2,29.086926665080153,33.0,False,False,Normal
FOODS_2_342_CA_1_validation,2016-04-11,13,17.461156703128797,30.0,0,2,34.922313406257594,30.0,True,False,Stockout Risk
FOODS_2_342_CA_1_validation,2016-04-18,17,15.714161501335967,31.0,0,2,31.428323002671934,31.0,True,False,Stockout Risk
FOODS_2_343_CA_1_validation,2016-03-14,8,6.146424886586429,16.0,0,2,12.292849773172858,16.0,False,False,Normal
FOODS_2_343_CA_1_validation,2016-03-21,6,6.656243494405617,14.0,0,2,13.312486988811234,14.0,False,False,Normal
FOODS_2_343_CA_1_validation,2016-03-28,5,6.333651167369822,13.0,0,2,12.667302334739643,13.0,False,False,Normal
FOODS_2_343_CA_1_validation,2016-04-04,4,5.218352730468495,12.0,0,2,10.43670546093699,12.0,False,False,Normal
FOODS_2_343_CA_1_validation,2016-04-11,3,4.805405969951361,9.0,0,2,9.610811939902723,9.0,True,False,Stockout Risk
FOODS_2_343_CA_1_validation,2016-04-18,6,4.3824295719152335,9.0,0,2,8.764859143830467,9.0,False,False,Normal
FOODS_2_344_CA_1_validation,2016-03-14,10,12.265405901455976,20.0,0,2,24.530811802911952,20.0,True,False,Stockout Risk
FOODS_2_344_CA_1_validation,2016-03-21,12,10.14291511351423,22.0,0,2,20.28583022702846,22.0,False,False,Normal
FOODS_2_344_CA_1_validation,2016-03-28,16,11.536453397473204,25.0,0,2,23.07290679494641,25.0,False,False,Normal
FOODS_2_344_CA_1_validation,2016-04-04,14,12.746643748619205,26.0,0,2,25.49328749723841,26.0,False,False,Normal
FOODS_2_344_CA_1_validation,2016-04-11,15,12.855116223363936,28.0,0,2,25.710232446727872,28.0,False,False,Normal
FOODS_2_344_CA_1_validation,2016-04-18,13,13.249911335720215,29.0,0,2,26.49982267144043,29.0,False,False,Normal
FOODS_2_345_CA_1_validation,2016-03-14,0,2.8561701984672734,0.0,0,2,5.712340396934547,0.0,True,False,Stockout Risk
FOODS_2_345_CA_1_validation,2016-03-21,1,0.9994463211354212,1.0,0,2,1.9988926422708424,1.0,True,False,Stockout Risk
FOODS_2_345_CA_1_validation,2016-03-28,3,2.441424765710489,3.0,0,2,4.882849531420978,3.0,True,False,Stockout Risk
FOODS_2_345_CA_1_validation,2016-04-04,1,3.318849728171057,2.0,0,2,6.637699456342114,2.0,True,False,Stockout Risk
FOODS_2_345_CA_1_validation,2016-04-11,1,2.3688510923457544,3.0,0,2,4.737702184691509,3.0,True,False,Stockout Risk
FOODS_2_345_CA_1_validation,2016-04-18,2,2.4802937088806765,4.0,0,2,4.960587417761353,4.0,True,False,Stockout Risk
FOODS_2_346_CA_1_validation,2016-03-14,45,61.22373957293721,90.0,0,2,122.44747914587442,90.0,True,False,Stockout Risk
FOODS_2_346_CA_1_validation,2016-03-21,32,53.19653533887352,77.0,0,2,106.39307067774703,77.0,True,False,Stockout Risk
FOODS_2_346_CA_1_validation,2016-03-28,32,48.30446000762504,73.0,0,2,96.60892001525008,73.0,True,False,Stockout Risk
FOODS_2_346_CA_1_validation,2016-04-04,41,44.10792856832288,75.0,0,2,88.21585713664577,75.0,True,False,Stockout Risk
FOODS_2_346_CA_1_validation,2016-04-11,33,42.75511305461617,69.0,0,2,85.51022610923233,69.0,True,False,Stockout Risk
FOODS_2_346_CA_1_validation,2016-04-18,29,37.27921178332675,68.0,0,2,74.5584235666535,68.0,True,False,Stockout Risk
FOODS_2_347_CA_1_validation,2016-03-14,48,60.69421894758933,96.0,0,2,121.38843789517865,96.0,True,False,Stockout Risk
FOODS_2_347_CA_1_validation,2016-03-21,48,62.02912362847036,96.0,0,2,124.05824725694072,96.0,True,False,Stockout Risk
FOODS_2_347_CA_1_validation,2016-03-28,69,57.0263176260239,110.0,0,2,114.0526352520478,110.0,True,False,Stockout Risk
FOODS_2_347_CA_1_validation,2016-04-04,73,69.58105575994956,119.0,0,2,139.16211151989913,119.0,True,False,Stockout Risk
FOODS_2_347_CA_1_validation,2016-04-11,60,64.03027911121735,125.0,0,2,128.0605582224347,125.0,True,False,Stockout Risk
FOODS_2_347_CA_1_validation,2016-04-18,73,63.41133907077822,138.0,0,2,126.82267814155644,138.0,False,False,Normal
FOODS_2_348_CA_1_validation,2016-03-14,7,10.037357832163067,14.0,0,2,20.074715664326135,14.0,True,False,Stockout Risk
FOODS_2_348_CA_1_validation,2016-03-21,8,9.005622609132766,15.0,0,2,18.011245218265532,15.0,True,False,Stockout Risk
FOODS_2_348_CA_1_validation,2016-03-28,6,9.132186392120008,14.0,0,2,18.264372784240017,14.0,True,False,Stockout Risk
FOODS_2_348_CA_1_validation,2016-04-04,6,8.028101566949717,14.0,0,2,16.056203133899434,14.0,True,False,Stockout Risk
FOODS_2_348_CA_1_validation,2016-04-11,6,7.406033123732935,13.0,0,2,14.81206624746587,13.0,True,False,Stockout Risk
FOODS_2_348_CA_1_validation,2016-04-18,6,6.412341833588426,12.0,0,2,12.824683667176853,12.0,True,False,Stockout Risk
FOODS_2_349_CA_1_validation,2016-03-14,32,31.059597951935565,64.0,0,2,62.11919590387113,64.0,False,False,Normal
FOODS_2_349_CA_1_validation,2016-03-21,26,30.41160509722415,58.0,0,2,60.8232101944483,58.0,True,False,Stockout Risk
FOODS_2_349_CA_1_validation,2016-03-28,30,28.867159075512347,59.0,0,2,57.734318151024695,59.0,False,False,Normal
FOODS_2_349_CA_1_validation,2016-04-04,50,30.88875117679921,69.0,0,2,61.77750235359842,69.0,False,False,Normal
FOODS_2_349_CA_1_validation,2016-04-11,33,38.356911126772594,70.0,0,2,76.71382225354519,70.0,True,False,Stockout Risk
FOODS_2_349_CA_1_validation,2016-04-18,24,33.87787770852198,68.0,0,2,67.75575541704396,68.0,False,False,Normal
FOODS_2_350_CA_1_validation,2016-03-14,0,0.3651618097588788,0.0,0,2,0.7303236195177576,0.0,True,False,Stockout Risk
FOODS_2_350_CA_1_validation,2016-03-21,0,0.3651618097588788,0.0,0,2,0.7303236195177576,0.0,True,False,Stockout Risk
FOODS_2_350_CA_1_validation,2016-03-28,2,0.3651618097588788,1.0,0,2,0.7303236195177576,1.0,False,False,Normal
FOODS_2_350_CA_1_validation,2016-04-04,8,4.2037152698301865,5.0,0,2,8.407430539660373,5.0,True,False,Stockout Risk
FOODS_2_350_CA_1_validation,2016-04-11,10,6.148211142374075,10.0,0,2,12.29642228474815,10.0,True,False,Stockout Risk
FOODS_2_350_CA_1_validation,2016-04-18,2,8.227084042088105,11.0,0,2,16.45416808417621,11.0,True,False,Stockout Risk
FOODS_2_351_CA_1_validation,2016-03-14,6,1.4133902391418594,12.0,0,2,2.8267804782837187,12.0,False,False,Normal
FOODS_2_351_CA_1_validation,2016-03-21,5,4.941570868043238,11.0,0,2,9.883141736086476,11.0,False,False,Normal
FOODS_2_351_CA_1_validation,2016-03-28,5,4.9927491704344265,11.0,0,2,9.985498340868853,11.0,False,False,Normal
FOODS_2_351_CA_1_validation,2016-04-04,4,6.120006510781574,10.0,0,2,12.240013021563149,10.0,True,False,Stockout Risk
FOODS_2_351_CA_1_validation,2016-04-11,6,4.405352466436036,10.0,0,2,8.810704932872072,10.0,False,False,Normal
FOODS_2_351_CA_1_validation,2016-04-18,3,4.777136284309469,9.0,0,2,9.554272568618938,9.0,True,False,Stockout Risk
FOODS_2_352_CA_1_validation,2016-03-14,9,20.02904615318049,18.0,0,2,40.05809230636098,18.0,True,False,Stockout Risk
FOODS_2_352_CA_1_validation,2016-03-21,0,15.433791463895936,9.0,0,2,30.867582927791872,9.0,True,False,Stockout Risk
FOODS_2_352_CA_1_validation,2016-03-28,15,6.707730135348084,16.0,0,2,13.415460270696167,16.0,False,False,Normal
FOODS_2_352_CA_1_validation,2016-04-04,17,14.29881516607514,20.0,0,2,28.59763033215028,20.0,True,False,Stockout Risk
FOODS_2_352_CA_1_validation,2016-04-11,40,13.450748169690003,36.0,0,2,26.901496339380007,36.0,False,False,Normal
FOODS_2_352_CA_1_validation,2016-04-18,43,30.68516056028479,58.0,0,2,61.37032112056958,58.0,True,False,Stockout Risk
FOODS_2_353_CA_1_validation,2016-03-14,8,9.296200250814206,16.0,0,2,18.59240050162841,16.0,True,False,Stockout Risk
FOODS_2_353_CA_1_validation,2016-03-21,11,9.175939552358,19.0,0,2,18.351879104716,19.0,False,False,Normal
FOODS_2_353_CA_1_validation,2016-03-28,13,9.50521801498496,21.0,0,2,19.01043602996992,21.0,False,False,Normal
FOODS_2_353_CA_1_validation,2016-04-04,13,10.23419706579326,22.0,0,2,20.46839413158652,22.0,False,False,Normal
FOODS_2_353_CA_1_validation,2016-04-11,5,10.68486720512118,21.0,0,2,21.36973441024236,21.0,True,False,Stockout Risk
FOODS_2_353_CA_1_validation,2016-04-18,9,9.813069902050724,20.0,0,2,19.62613980410145,20.0,False,False,Normal
FOODS_2_354_CA_1_validation,2016-03-14,0,0.3651618097588788,0.0,0,2,0.7303236195177576,0.0,True,False,Stockout Risk
FOODS_2_354_CA_1_validation,2016-03-21,0,0.3651618097588788,0.0,0,2,0.7303236195177576,0.0,True,False,Stockout Risk
FOODS_2_354_CA_1_validation,2016-03-28,1,0.3651618097588788,1.0,0,2,0.7303236195177576,1.0,False,False,Normal
FOODS_2_354_CA_1_validation,2016-04-04,1,3.6711382029390656,1.0,0,2,7.342276405878131,1.0,True,False,Stockout Risk
FOODS_2_354_CA_1_validation,2016-04-11,2,2.798151310008378,2.0,0,2,5.596302620016756,2.0,True,False,Stockout Risk
FOODS_2_354_CA_1_validation,2016-04-18,1,3.330728376899495,2.0,0,2,6.66145675379899,2.0,True,False,Stockout Risk
FOODS_2_355_CA_1_validation,2016-03-14,7,6.223476150014505,14.0,0,2,12.44695230002901,14.0,False,False,Normal
FOODS_2_355_CA_1_validation,2016-03-21,7,6.988200878135791,14.0,0,2,13.976401756271581,14.0,False,False,Normal
FOODS_2_355_CA_1_validation,2016-03-28,4,6.602364574317938,12.0,0,2,13.204729148635876,12.0,True,False,Stockout Risk
FOODS_2_355_CA_1_validation,2016-04-04,3,5.825733860864859,10.0,0,2,11.651467721729718,10.0,True,False,Stockout Risk
FOODS_2_355_CA_1_validation,2016-04-11,10,4.705168833066391,12.0,0,2,9.410337666132783,12.0,False,False,Normal
FOODS_2_355_CA_1_validation,2016-04-18,8,6.578272811832018,12.0,0,2,13.156545623664035,12.0,True,False,Stockout Risk
FOODS_2_356_CA_1_validation,2016-03-14,12,12.594918171934411,24.0,0,2,25.189836343868823,24.0,True,False,Stockout Risk
FOODS_2_356_CA_1_validation,2016-03-21,9,12.564363166959422,21.0,0,2,25.128726333918845,21.0,True,False,Stockout Risk
FOODS_2_356_CA_1_validation,2016-03-28,8,11.919014102119288,19.0,0,2,23.838028204238576,19.0,True,False,Stockout Risk
FOODS_2_356_CA_1_validation,2016-04-04,13,10.161010176085163,21.0,0,2,20.322020352170327,21.0,False,False,Normal
FOODS_2_356_CA_1_validation,2016-04-11,13,11.005904843750455,22.0,0,2,22.01180968750091,22.0,True,False,Stockout Risk
FOODS_2_356_CA_1_validation,2016-04-18,3,10.922899867496035,18.0,0,2,21.84579973499207,18.0,True,False,Stockout Risk
FOODS_2_357_CA_1_validation,2016-03-14,14,20.136180518463487,28.0,0,2,40.272361036926974,28.0,True,False,Stockout Risk
FOODS_2_357_CA_1_validation,2016-03-21,11,17.618320410356112,25.0,0,2,35.236640820712225,25.0,True,False,Stockout Risk
FOODS_2_357_CA_1_validation,2016-03-28,21,15.43169623069554,31.0,0,2,30.86339246139108,31.0,False,False,Normal
FOODS_2_357_CA_1_validation,2016-04-04,22,17.752206559943748,34.0,0,2,35.504413119887495,34.0,True,False,Stockout Risk
FOODS_2_357_CA_1_validation,2016-04-11,18,17.726221439554962,36.0,0,2,35.452442879109924,36.0,False,False,Normal
FOODS_2_357_CA_1_validation,2016-04-18,11,17.540875124698317,36.0,0,2,35.081750249396634,36.0,False,False,Normal
FOODS_2_358_CA_1_validation,2016-03-14,0,0.438807456804893,0.0,0,2,0.877614913609786,0.0,True,False,Stockout Risk
FOODS_2_358_CA_1_validation,2016-03-21,0,0.4553433990161183,0.0,0,2,0.9106867980322366,0.0,True,False,Stockout Risk
FOODS_2_358_CA_1_validation,2016-03-28,0,0.438807456804893,0.0,0,2,0.877614913609786,0.0,True,False,Stockout Risk
FOODS_2_358_CA_1_validation,2016-04-04,0,0.6841933538188314,0.0,0,2,1.3683867076376628,0.0,True,False,Stockout Risk
FOODS_2_358_CA_1_validation,2016-04-11,0,0.3006084123614305,0.0,0,2,0.601216824722861,0.0,True,False,Stockout Risk
FOODS_2_358_CA_1_validation,2016-04-18,0,0.3006084123614305,0.0,0,2,0.601216824722861,0.0,True,False,Stockout Risk
FOODS_2_359_CA_1_validation,2016-03-14,22,24.29887913902116,44.0,0,2,48.59775827804232,44.0,True,False,Stockout Risk
FOODS_2_359_CA_1_validation,2016-03-21,51,25.293863777295616,73.0,0,2,50.58772755459123,73.0,False,False,Normal
FOODS_2_359_CA_1_validation,2016-03-28,18,36.76228551297362,61.0,0,2,73.52457102594724,61.0,True,False,Stockout Risk
FOODS_2_359_CA_1_validation,2016-04-04,21,25.58009330179961,56.0,0,2,51.16018660359922,56.0,False,False,Normal
FOODS_2_359_CA_1_validation,2016-04-11,33,24.3240127123566,62.0,0,2,48.6480254247132,62.0,False,False,Normal
FOODS_2_359_CA_1_validation,2016-04-18,22,28.86156127275448,47.0,0,2,57.72312254550896,47.0,True,False,Stockout Risk
FOODS_2_360_CA_1_validation,2016-03-14,48,61.53033523939264,96.0,0,2,123.06067047878528,96.0,True,False,Stockout Risk
FOODS_2_360_CA_1_validation,2016-03-21,69,55.30270587679698,117.0,0,2,110.60541175359396,117.0,False,False,Normal
FOODS_2_360_CA_1_validation,2016-03-28,63,62.65284119282312,120.0,0,2,125.30568238564624,120.0,True,False,Stockout Risk
FOODS_2_360_CA_1_validation,2016-04-04,85,73.39792325414896,132.0,0,2,146.79584650829793,132.0,True,False,Stockout Risk
FOODS_2_360_CA_1_validation,2016-04-11,52,74.85485113530329,134.0,0,2,149.70970227060658,134.0,True,False,Stockout Risk
FOODS_2_360_CA_1_validation,2016-04-18,54,58.6880747878926,127.0,0,2,117.3761495757852,127.0,False,False,Normal
FOODS_2_361_CA_1_validation,2016-03-14,8,6.93485488638694,16.0,0,2,13.86970977277388,16.0,False,False,Normal
FOODS_2_361_CA_1_validation,2016-03-21,12,7.599348166024808,20.0,0,2,15.198696332049616,20.0,False,False,Normal
FOODS_2_361_CA_1_validation,2016-03-28,14,9.334731818036907,23.0,0,2,18.669463636073814,23.0,False,False,Normal
FOODS_2_361_CA_1_validation,2016-04-04,8,11.405136142409626,21.0,0,2,22.810272284819252,21.0,True,False,Stockout Risk
FOODS_2_361_CA_1_validation,2016-04-11,3,9.403397219721189,18.0,0,2,18.806794439442378,18.0,True,False,Stockout Risk
FOODS_2_361_CA_1_validation,2016-04-18,8,7.911730752995525,16.0,0,2,15.82346150599105,16.0,False,False,Normal
FOODS_2_362_CA_1_validation,2016-03-14,2,1.1295502741483376,4.0,0,2,2.2591005482966753,4.0,False,False,Normal
FOODS_2_362_CA_1_validation,2016-03-21,1,3.0738806040298106,3.0,0,2,6.147761208059621,3.0,True,False,Stockout Risk
FOODS_2_362_CA_1_validation,2016-03-28,1,2.4334044897432023,3.0,0,2,4.866808979486405,3.0,True,False,Stockout Risk
FOODS_2_362_CA_1_validation,2016-04-04,0,2.6152499855666607,2.0,0,2,5.230499971133321,2.0,True,False,Stockout Risk
FOODS_2_362_CA_1_validation,2016-04-11,1,0.9627465924504832,2.0,0,2,1.9254931849009664,2.0,False,False,Normal
FOODS_2_362_CA_1_validation,2016-04-18,1,2.2554961650392777,2.0,0,2,4.5109923300785555,2.0,True,False,Stockout Risk
FOODS_2_363_CA_1_validation,2016-03-14,0,1.7844839635961067,0.0,0,2,3.5689679271922135,0.0,True,False,Stockout Risk
FOODS_2_363_CA_1_validation,2016-03-21,0,0.948068198918964,0.0,0,2,1.896136397837928,0.0,True,False,Stockout Risk
FOODS_2_363_CA_1_validation,2016-03-28,0,0.4259375598775828,0.0,0,2,0.8518751197551656,0.0,True,False,Stockout Risk
FOODS_2_363_CA_1_validation,2016-04-04,0,0.7675059354903602,0.0,0,2,1.5350118709807203,0.0,True,False,Stockout Risk
FOODS_2_363_CA_1_validation,2016-04-11,0,0.3742540594074448,0.0,0,2,0.7485081188148895,0.0,True,False,Stockout Risk
FOODS_2_363_CA_1_validation,2016-04-18,0,0.3006084123614305,0.0,0,2,0.601216824722861,0.0,True,False,Stockout Risk
FOODS_2_364_CA_1_validation,2016-03-14,13,12.594918171934411,26.0,0,2,25.189836343868823,26.0,False,False,Normal
FOODS_2_364_CA_1_validation,2016-03-21,9,12.671992726512752,22.0,0,2,25.343985453025503,22.0,True,False,Stockout Risk
FOODS_2_364_CA_1_validation,2016-03-28,11,11.762544396795668,22.0,0,2,23.525088793591337,22.0,True,False,Stockout Risk
FOODS_2_364_CA_1_validation,2016-04-04,21,10.597151790567535,27.0,0,2,21.19430358113507,27.0,False,False,Normal
FOODS_2_364_CA_1_validation,2016-04-11,10,15.094392560683392,26.0,0,2,30.188785121366784,26.0,True,False,Stockout Risk
FOODS_2_364_CA_1_validation,2016-04-18,7,12.53036477453696,24.0,0,2,25.06072954907392,24.0,True,False,Stockout Risk
FOODS_2_365_CA_1_validation,2016-03-14,0,1.1241322714248425,0.0,0,2,2.248264542849685,0.0,True,False,Stockout Risk
FOODS_2_365_CA_1_validation,2016-03-21,0,0.967157905556561,0.0,0,2,1.934315811113122,0.0,True,False,Stockout Risk
FOODS_2_365_CA_1_validation,2016-03-28,4,0.967157905556561,3.0,0,2,1.934315811113122,3.0,False,False,Normal
FOODS_2_365_CA_1_validation,2016-04-04,2,5.322628725646177,3.0,0,2,10.645257451292354,3.0,True,False,Stockout Risk
FOODS_2_365_CA_1_validation,2016-04-11,0,3.5465011924343544,3.0,0,2,7.093002384868709,3.0,True,False,Stockout Risk
FOODS_2_365_CA_1_validation,2016-04-18,4,0.9252275364144872,5.0,0,2,1.8504550728289744,5.0,False,False,Normal
FOODS_2_366_CA_1_validation,2016-03-14,8,3.656482123540154,16.0,0,2,7.312964247080308,16.0,False,False,Normal
FOODS_2_366_CA_1_validation,2016-03-21,10,5.585991922893402,18.0,0,2,11.171983845786803,18.0,False,False,Normal
FOODS_2_366_CA_1_validation,2016-03-28,7,6.983990092181839,17.0,0,2,13.967980184363679,17.0,False,False,Normal
FOODS_2_366_CA_1_validation,2016-04-04,7,7.480597608734384,16.0,0,2,14.961195217468768,16.0,False,False,Normal
FOODS_2_366_CA_1_validation,2016-04-11,6,6.906360268696008,15.0,0,2,13.812720537392016,15.0,False,False,Normal
FOODS_2_366_CA_1_validation,2016-04-18,8,6.513693432323651,14.0,0,2,13.027386864647301,14.0,False,False,Normal
FOODS_2_367_CA_1_validation,2016-03-14,10,8.93446788570919,20.0,0,2,17.86893577141838,20.0,False,False,Normal
FOODS_2_367_CA_1_validation,2016-03-21,2,9.32484293732688,12.0,0,2,18.64968587465376,12.0,True,False,Stockout Risk
FOODS_2_367_CA_1_validation,2016-03-28,10,6.774478799241195,15.0,0,2,13.54895759848239,15.0,False,False,Normal
FOODS_2_367_CA_1_validation,2016-04-04,11,8.462725346139711,16.0,0,2,16.925450692279423,16.0,True,False,Stockout Risk
FOODS_2_367_CA_1_validation,2016-04-11,5,9.219967861330094,14.0,0,2,18.439935722660188,14.0,True,False,Stockout Risk
FOODS_2_367_CA_1_validation,2016-04-18,3,6.839420327055569,14.0,0,2,13.678840654111138,14.0,False,False,Normal
FOODS_2_368_CA_1_validation,2016-03-14,10,13.656161878289057,20.0,0,2,27.312323756578113,20.0,True,False,Stockout Risk
FOODS_2_368_CA_1_validation,2016-03-21,6,12.00350826048187,16.0,0,2,24.00701652096374,16.0,True,False,Stockout Risk
FOODS_2_368_CA_1_validation,2016-03-28,13,11.344478790515325,19.0,0,2,22.68895758103065,19.0,True,False,Stockout Risk
FOODS_2_368_CA_1_validation,2016-04-04,18,10.54323678944033,24.0,0,2,21.08647357888066,24.0,False,False,Normal
FOODS_2_368_CA_1_validation,2016-04-11,13,11.920831115573677,25.0,0,2,23.841662231147353,25.0,False,False,Normal
FOODS_2_368_CA_1_validation,2016-04-18,9,11.99400624835009,26.0,0,2,23.98801249670018,26.0,False,False,Normal
FOODS_2_369_CA_1_validation,2016-03-14,5,5.204519455502114,10.0,0,2,10.409038911004227,10.0,True,False,Stockout Risk
FOODS_2_369_CA_1_validation,2016-03-21,7,4.912575505690686,12.0,0,2,9.825151011381372,12.0,False,False,Normal
FOODS_2_369_CA_1_validation,2016-03-28,7,5.706855632385159,13.0,0,2,11.413711264770319,13.0,False,False,Normal
FOODS_2_369_CA_1_validation,2016-04-04,7,6.05868284548834,13.0,0,2,12.11736569097668,13.0,False,False,Normal
FOODS_2_369_CA_1_validation,2016-04-11,1,6.153949728953151,11.0,0,2,12.307899457906302,11.0,True,False,Stockout Risk
FOODS_2_369_CA_1_validation,2016-04-18,5,3.938334732224594,10.0,0,2,7.876669464449188,10.0,False,False,Normal
FOODS_2_370_CA_1_validation,2016-03-14,5,5.6906756089446855,10.0,0,2,11.381351217889371,10.0,True,False,Stockout Risk
FOODS_2_370_CA_1_validation,2016-03-21,1,5.702669626556437,6.0,0,2,11.405339253112874,6.0,True,False,Stockout Risk
FOODS_2_370_CA_1_validation,2016-03-28,7,3.937211042161581,9.0,0,2,7.874422084323162,9.0,False,False,Normal
FOODS_2_370_CA_1_validation,2016-04-04,14,5.757147199965576,14.0,0,2,11.514294399931153,14.0,False,False,Normal
FOODS_2_370_CA_1_validation,2016-04-11,8,9.086757115305666,15.0,0,2,18.17351423061133,15.0,True,False,Stockout Risk
FOODS_2_370_CA_1_validation,2016-04-18,4,7.362637580122631,16.0,0,2,14.725275160245262,16.0,False,False,Normal
FOODS_2_371_CA_1_validation,2016-03-14,57,59.32318340658336,114.0,0,2,118.64636681316672,114.0,True,False,Stockout Risk
FOODS_2_371_CA_1_validation,2016-03-21,40,56.43880521394858,97.0,0,2,112.87761042789715,97.0,True,False,Stockout Risk
FOODS_2_371_CA_1_validation,2016-03-28,57,51.38697763124505,103.0,0,2,102.7739552624901,103.0,False,False,Normal
FOODS_2_371_CA_1_validation,2016-04-04,52,55.68495336419242,103.0,0,2,111.36990672838483,103.0,True,False,Stockout Risk
FOODS_2_371_CA_1_validation,2016-04-11,59,50.38263735900143,104.0,0,2,100.76527471800286,104.0,False,False,Normal
FOODS_2_371_CA_1_validation,2016-04-18,58,51.13793751694632,113.0,0,2,102.27587503389265,113.0,False,False,Normal
FOODS_2_372_CA_1_validation,2016-03-14,8,7.264993733378382,16.0,0,2,14.529987466756763,16.0,False,False,Normal
FOODS_2_372_CA_1_validation,2016-03-21,9,7.290729060848064,17.0,0,2,14.581458121696128,17.0,False,False,Normal
FOODS_2_372_CA_1_validation,2016-03-28,9,7.34334049378943,17.0,0,2,14.68668098757886,17.0,False,False,Normal
FOODS_2_372_CA_1_validation,2016-04-04,3,8.378696917215457,14.0,0,2,16.757393834430914,14.0,True,False,Stockout Risk
FOODS_2_372_CA_1_validation,2016-04-11,1,6.439372923754682,11.0,0,2,12.878745847509364,11.0,True,False,Stockout Risk
FOODS_2_372_CA_1_validation,2016-04-18,4,4.102064946781507,8.0,0,2,8.204129893563014,8.0,True,False,Stockout Risk
FOODS_2_373_CA_1_validation,2016-03-14,7,6.008530478123933,14.0,0,2,12.017060956247866,14.0,False,False,Normal
FOODS_2_373_CA_1_validation,2016-03-21,4,6.218418862633574,11.0,0,2,12.436837725267148,11.0,True,False,Stockout Risk
FOODS_2_373_CA_1_validation,2016-03-28,5,5.793142623426109,11.0,0,2,11.586285246852219,11.0,True,False,Stockout Risk
FOODS_2_373_CA_1_validation,2016-04-04,7,5.55926141560243,12.0,0,2,11.11852283120486,12.0,False,False,Normal
FOODS_2_373_CA_1_validation,2016-04-11,10,5.751390854489587,13.0,0,2,11.502781708979175,13.0,False,False,Normal
FOODS_2_373_CA_1_validation,2016-04-18,8,7.058883863110243,15.0,0,2,14.117767726220485,15.0,False,False,Normal
FOODS_2_374_CA_1_validation,2016-03-14,21,18.98500244088094,42.0,0,2,37.97000488176188,42.0,False,False,Normal
FOODS_2_374_CA_1_validation,2016-03-21,17,18.25117011844777,38.0,0,2,36.50234023689554,38.0,False,False,Normal
FOODS_2_374_CA_1_validation,2016-03-28,14,18.95703587070872,35.0,0,2,37.91407174141744,35.0,True,False,Stockout Risk
FOODS_2_374_CA_1_validation,2016-04-04,10,17.845110776665646,31.0,0,2,35.69022155333129,31.0,True,False,Stockout Risk
FOODS_2_374_CA_1_validation,2016-04-11,3,14.684204416241274,22.0,0,2,29.368408832482547,22.0,True,False,Stockout Risk
FOODS_2_374_CA_1_validation,2016-04-18,11,8.60820881602337,19.0,0,2,17.21641763204674,19.0,False,False,Normal
FOODS_2_375_CA_1_validation,2016-03-14,4,5.80540489117998,8.0,0,2,11.61080978235996,8.0,True,False,Stockout Risk
FOODS_2_375_CA_1_validation,2016-03-21,2,5.192263010547362,6.0,0,2,10.384526021094723,6.0,True,False,Stockout Risk
FOODS_2_375_CA_1_validation,2016-03-28,1,4.409272033941874,5.0,0,2,8.818544067883748,5.0,True,False,Stockout Risk
FOODS_2_375_CA_1_validation,2016-04-04,10,3.555140806310633,8.0,0,2,7.110281612621266,8.0,False,False,Normal
FOODS_2_375_CA_1_validation,2016-04-11,2,6.023083692861067,8.0,0,2,12.046167385722134,8.0,True,False,Stockout Risk
FOODS_2_375_CA_1_validation,2016-04-18,11,4.074037395712079,12.0,0,2,8.148074791424158,12.0,False,False,Normal
FOODS_2_376_CA_1_validation,2016-03-14,16,15.80900093139289,32.0,0,2,31.61800186278578,32.0,False,False,Normal
FOODS_2_376_CA_1_validation,2016-03-21,13,14.784997692791524,29.0,0,2,29.56999538558305,29.0,True,False,Stockout Risk
FOODS_2_376_CA_1_validation,2016-03-28,13,14.78839836786165,28.0,0,2,29.5767967357233,28.0,True,False,Stockout Risk
FOODS_2_376_CA_1_validation,2016-04-04,14,14.246927050715648,28.0,0,2,28.493854101431296,28.0,True,False,Stockout Risk
FOODS_2_376_CA_1_validation,2016-04-11,15,13.1772021327136,28.0,0,2,26.3544042654272,28.0,False,False,Normal
FOODS_2_376_CA_1_validation,2016-04-18,9,13.44211109858194,26.0,0,2,26.88422219716388,26.0,True,False,Stockout Risk
FOODS_2_377_CA_1_validation,2016-03-14,4,4.583556902354809,8.0,0,2,9.167113804709619,8.0,True,False,Stockout Risk
FOODS_2_377_CA_1_validation,2016-03-21,5,4.409389788722662,9.0,0,2,8.818779577445325,9.0,False,False,Normal
FOODS_2_377_CA_1_validation,2016-03-28,4,4.747522904989362,9.0,0,2,9.495045809978723,9.0,True,False,Stockout Risk
FOODS_2_377_CA_1_validation,2016-04-04,3,4.700466485451837,8.0,0,2,9.400932970903675,8.0,True,False,Stockout Risk
FOODS_2_377_CA_1_validation,2016-04-11,1,4.157623808136304,6.0,0,2,8.315247616272607,6.0,True,False,Stockout Risk
FOODS_2_377_CA_1_validation,2016-04-18,3,3.048179031867431,6.0,0,2,6.096358063734862,6.0,True,False,Stockout Risk
FOODS_2_378_CA_1_validation,2016-03-14,2,3.18637884311611,4.0,0,2,6.37275768623222,4.0,True,False,Stockout Risk
FOODS_2_378_CA_1_validation,2016-03-21,3,3.0774241731692413,5.0,0,2,6.154848346338483,5.0,True,False,Stockout Risk
FOODS_2_378_CA_1_validation,2016-03-28,2,3.4041547184975216,5.0,0,2,6.808309436995043,5.0,True,False,Stockout Risk
FOODS_2_378_CA_1_validation,2016-04-04,4,3.038015694290732,6.0,0,2,6.076031388581464,6.0,True,False,Stockout Risk
FOODS_2_378_CA_1_validation,2016-04-11,0,3.6808671235814345,4.0,0,2,7.361734247162869,4.0,True,False,Stockout Risk
FOODS_2_378_CA_1_validation,2016-04-18,2,1.0309547996605335,4.0,0,2,2.061909599321067,4.0,False,False,Normal
FOODS_2_379_CA_1_validation,2016-03-14,2,3.7031405859802384,4.0,0,2,7.406281171960477,4.0,True,False,Stockout Risk
FOODS_2_379_CA_1_validation,2016-03-21,1,3.238036978956605,3.0,0,2,6.47607395791321,3.0,True,False,Stockout Risk
FOODS_2_379_CA_1_validation,2016-03-28,0,2.3235931315761564,2.0,0,2,4.647186263152313,2.0,True,False,Stockout Risk
FOODS_2_379_CA_1_validation,2016-04-04,3,1.2256955570409458,3.0,0,2,2.4513911140818916,3.0,False,False,Normal
FOODS_2_379_CA_1_validation,2016-04-11,2,3.2523657110831268,3.0,0,2,6.5047314221662536,3.0,True,False,Stockout Risk
FOODS_2_379_CA_1_validation,2016-04-18,0,2.791616801069825,2.0,0,2,5.58323360213965,2.0,True,False,Stockout Risk
FOODS_2_380_CA_1_validation,2016-03-14,9,10.256510315258922,18.0,0,2,20.513020630517843,18.0,True,False,Stockout Risk
FOODS_2_380_CA_1_validation,2016-03-21,8,10.49157968461367,17.0,0,2,20.98315936922734,17.0,True,False,Stockout Risk
FOODS_2_380_CA_1_validation,2016-03-28,11,10.011587257931804,19.0,0,2,20.02317451586361,19.0,True,False,Stockout Risk
FOODS_2_380_CA_1_validation,2016-04-04,9,9.45892379999384,18.0,0,2,18.91784759998768,18.0,True,False,Stockout Risk
FOODS_2_380_CA_1_validation,2016-04-11,7,9.479843692826154,18.0,0,2,18.95968738565231,18.0,True,False,Stockout Risk
FOODS_2_380_CA_1_validation,2016-04-18,14,9.26159327129458,20.0,0,2,18.52318654258916,20.0,False,False,Normal
FOODS_2_381_CA_1_validation,2016-03-14,13,17.917290782621,26.0,0,2,35.834581565242,26.0,True,False,Stockout Risk
FOODS_2_381_CA_1_validation,2016-03-21,18,15.68793097113744,31.0,0,2,31.37586194227488,31.0,True,False,Stockout Risk
FOODS_2_381_CA_1_validation,2016-03-28,19,16.432336759716655,33.0,0,2,32.86467351943331,33.0,False,False,Normal
FOODS_2_381_CA_1_validation,2016-04-04,24,17.26727008303579,37.0,0,2,34.53454016607158,37.0,False,False,Normal
FOODS_2_381_CA_1_validation,2016-04-11,12,17.810734045760213,36.0,0,2,35.62146809152043,36.0,False,False,Normal
FOODS_2_381_CA_1_validation,2016-04-18,7,15.552393172265042,31.0,0,2,31.104786344530083,31.0,True,False,Stockout Risk
FOODS_2_382_CA_1_validation,2016-03-14,10,7.7291051593634,20.0,0,2,15.4582103187268,20.0,False,False,Normal
FOODS_2_382_CA_1_validation,2016-03-21,8,8.56687932059186,18.0,0,2,17.13375864118372,18.0,False,False,Normal
FOODS_2_382_CA_1_validation,2016-03-28,3,8.37635200803047,14.0,0,2,16.75270401606094,14.0,True,False,Stockout Risk
FOODS_2_382_CA_1_validation,2016-04-04,7,6.239599917481989,14.0,0,2,12.479199834963978,14.0,False,False,Normal
FOODS_2_382_CA_1_validation,2016-04-11,3,6.866281314633559,10.0,0,2,13.732562629267118,10.0,True,False,Stockout Risk
FOODS_2_382_CA_1_validation,2016-04-18,7,5.566237466547869,10.0,0,2,11.132474933095738,10.0,True,False,Stockout Risk
FOODS_2_383_CA_1_validation,2016-03-14,8,9.07227393047211,16.0,0,2,18.14454786094422,16.0,True,False,Stockout Risk
FOODS_2_383_CA_1_validation,2016-03-21,9,8.35751720841243,17.0,0,2,16.71503441682486,17.0,False,False,Normal
FOODS_2_383_CA_1_validation,2016-03-28,17,8.89977957056869,23.0,0,2,17.79955914113738,23.0,False,False,Normal
FOODS_2_383_CA_1_validation,2016-04-04,9,11.58320635014318,22.0,0,2,23.16641270028636,22.0,True,False,Stockout Risk
FOODS_2_383_CA_1_validation,2016-04-11,7,9.818485243255129,21.0,0,2,19.636970486510258,21.0,False,False,Normal
FOODS_2_383_CA_1_validation,2016-04-18,6,9.484259555123543,20.0,0,2,18.968519110247087,20.0,False,False,Normal
FOODS_2_384_CA_1_validation,2016-03-14,10,11.35449041597026,20.0,0,2,22.70898083194052,20.0,True,False,Stockout Risk
FOODS_2_384_CA_1_validation,2016-03-21,16,11.695666937124518,26.0,0,2,23.391333874249035,26.0,False,False,Normal
FOODS_2_384_CA_1_validation,2016-03-28,19,12.659420482316923,30.0,0,2,25.318840964633846,30.0,False,False,Normal
FOODS_2_384_CA_1_validation,2016-04-04,14,14.409243534006707,30.0,0,2,28.818487068013415,30.0,False,False,Normal
FOODS_2_384_CA_1_validation,2016-04-11,17,13.484315132760903,33.0,0,2,26.968630265521806,33.0,False,False,Normal
FOODS_2_384_CA_1_validation,2016-04-18,12,14.64633031914483,31.0,0,2,29.29266063828966,31.0,False,False,Normal
FOODS_2_385_CA_1_validation,2016-03-14,4,10.480483612015185,8.0,0,2,20.96096722403037,8.0,True,False,Stockout Risk
FOODS_2_385_CA_1_validation,2016-03-21,6,9.046944799186615,10.0,0,2,18.09388959837323,10.0,True,False,Stockout Risk
FOODS_2_385_CA_1_validation,2016-03-28,12,8.192417459459946,15.0,0,2,16.384834918919893,15.0,True,False,Stockout Risk
FOODS_2_385_CA_1_validation,2016-04-04,10,9.088860241810348,16.0,0,2,18.177720483620696,16.0,True,False,Stockout Risk
FOODS_2_385_CA_1_validation,2016-04-11,8,9.163948568935464,18.0,0,2,18.327897137870927,18.0,True,False,Stockout Risk
FOODS_2_385_CA_1_validation,2016-04-18,10,8.976194141704488,20.0,0,2,17.952388283408975,20.0,False,False,Normal
FOODS_2_386_CA_1_validation,2016-03-14,5,4.596648372237905,10.0,0,2,9.19329674447581,10.0,False,False,Normal
FOODS_2_386_CA_1_validation,2016-03-21,3,4.35942065993996,8.0,0,2,8.71884131987992,8.0,True,False,Stockout Risk
FOODS_2_386_CA_1_validation,2016-03-28,5,4.08924374070424,9.0,0,2,8.17848748140848,9.0,False,False,Normal
FOODS_2_386_CA_1_validation,2016-04-04,3,4.640313746866716,8.0,0,2,9.280627493733432,8.0,True,False,Stockout Risk
FOODS_2_386_CA_1_validation,2016-04-11,0,4.268759698125354,6.0,0,2,8.537519396250708,6.0,True,False,Stockout Risk
FOODS_2_386_CA_1_validation,2016-04-18,4,1.6325024560785069,6.0,0,2,3.2650049121570137,6.0,False,False,Normal
FOODS_2_387_CA_1_validation,2016-03-14,5,3.395281774296943,10.0,0,2,6.790563548593886,10.0,False,False,Normal
FOODS_2_387_CA_1_validation,2016-03-21,2,4.320897691438466,7.0,0,2,8.641795382876932,7.0,True,False,Stockout Risk
FOODS_2_387_CA_1_validation,2016-03-28,4,3.5233588178463577,7.0,0,2,7.0467176356927155,7.0,True,False,Stockout Risk
FOODS_2_387_CA_1_validation,2016-04-04,6,4.0742553283474185,8.0,0,2,8.148510656694837,8.0,True,False,Stockout Risk
FOODS_2_387_CA_1_validation,2016-04-11,3,4.953226922293504,8.0,0,2,9.906453844587007,8.0,True,False,Stockout Risk
FOODS_2_387_CA_1_validation,2016-04-18,4,3.8343714212294646,8.0,0,2,7.668742842458929,8.0,False,False,Normal
FOODS_2_388_CA_1_validation,2016-03-14,11,17.174303269108652,22.0,0,2,34.348606538217304,22.0,True,False,Stockout Risk
FOODS_2_388_CA_1_validation,2016-03-21,20,13.946212551922388,31.0,0,2,27.892425103844776,31.0,False,False,Normal
FOODS_2_388_CA_1_validation,2016-03-28,15,16.02215947265766,31.0,0,2,32.04431894531532,31.0,True,False,Stockout Risk
FOODS_2_388_CA_1_validation,2016-04-04,20,15.402146609148897,33.0,0,2,30.804293218297794,33.0,False,False,Normal
FOODS_2_388_CA_1_validation,2016-04-11,15,17.567025981189335,35.0,0,2,35.13405196237867,35.0,True,False,Stockout Risk
FOODS_2_388_CA_1_validation,2016-04-18,18,15.403475970222692,34.0,0,2,30.806951940445384,34.0,False,False,Normal
FOODS_2_389_CA_1_validation,2016-03-14,0,3.395281774296943,0.0,0,2,6.790563548593886,0.0,True,False,Stockout Risk
FOODS_2_389_CA_1_validation,2016-03-21,0,1.0272999898479327,0.0,0,2,2.0545999796958654,0.0,True,False,Stockout Risk
FOODS_2_389_CA_1_validation,2016-03-28,0,0.967157905556561,0.0,0,2,1.934315811113122,0.0,True,False,Stockout Risk
FOODS_2_389_CA_1_validation,2016-04-04,0,1.1490034013800197,0.0,0,2,2.2980068027600393,0.0,True,False,Stockout Risk
FOODS_2_389_CA_1_validation,2016-04-11,5,0.39079000161867,2.0,0,2,0.78158000323734,2.0,False,False,Normal
FOODS_2_389_CA_1_validation,2016-04-18,3,4.935740526244872,4.0,0,2,9.871481052489743,4.0,True,False,Stockout Risk
FOODS_2_390_CA_1_validation,2016-03-14,1,3.395281774296943,2.0,0,2,6.790563548593886,2.0,True,False,Stockout Risk
FOODS_2_390_CA_1_validation,2016-03-21,3,2.3235931315761564,4.0,0,2,4.647186263152313,4.0,True,False,Stockout Risk
FOODS_2_390_CA_1_validation,2016-03-28,0,3.3582582070495666,3.0,0,2,6.716516414099133,3.0,True,False,Stockout Risk
FOODS_2_390_CA_1_validation,2016-04-04,1,1.2256955570409458,2.0,0,2,2.4513911140818916,2.0,True,False,Stockout Risk
FOODS_2_390_CA_1_validation,2016-04-11,0,2.4767501397412457,2.0,0,2,4.953500279482491,2.0,True,False,Stockout Risk
FOODS_2_390_CA_1_validation,2016-04-18,2,0.9792966638200388,2.0,0,2,1.9585933276400775,2.0,False,False,Normal
FOODS_2_391_CA_1_validation,2016-03-14,13,11.189831961614988,26.0,0,2,22.379663923229977,26.0,False,False,Normal
FOODS_2_391_CA_1_validation,2016-03-21,7,13.019749629747636,20.0,0,2,26.039499259495273,20.0,True,False,Stockout Risk
FOODS_2_391_CA_1_validation,2016-03-28,18,10.236754893247776,25.0,0,2,20.47350978649555,25.0,False,False,Normal
FOODS_2_391_CA_1_validation,2016-04-04,8,12.986565993312045,23.0,0,2,25.97313198662409,23.0,True,False,Stockout Risk
FOODS_2_391_CA_1_validation,2016-04-11,15,10.537207897363457,24.0,0,2,21.074415794726914,24.0,False,False,Normal
FOODS_2_391_CA_1_validation,2016-04-18,10,12.248795809490266,26.0,0,2,24.497591618980533,26.0,False,False,Normal
FOODS_2_392_CA_1_validation,2016-03-14,2,1.37917381139208,4.0,0,2,2.75834762278416,4.0,False,False,Normal
FOODS_2_392_CA_1_validation,2016-03-21,1,3.1362922436619405,3.0,0,2,6.272584487323881,3.0,True,False,Stockout Risk
FOODS_2_392_CA_1_validation,2016-03-28,6,2.3235931315761564,6.0,0,2,4.647186263152313,6.0,False,False,Normal
FOODS_2_392_CA_1_validation,2016-04-04,2,4.676592704432834,6.0,0,2,9.353185408865668,6.0,True,False,Stockout Risk
FOODS_2_392_CA_1_validation,2016-04-11,4,3.3141733214137203,6.0,0,2,6.628346642827441,6.0,True,False,Stockout Risk
FOODS_2_392_CA_1_validation,2016-04-18,0,3.695425425737925,6.0,0,2,7.39085085147585,6.0,True,False,Stockout Risk
FOODS_2_393_CA_1_validation,2016-03-14,5,5.15032399538384,10.0,0,2,10.30064799076768,10.0,True,False,Stockout Risk
FOODS_2_393_CA_1_validation,2016-03-21,0,5.047719844441912,5.0,0,2,10.095439688883824,5.0,True,False,Stockout Risk
FOODS_2_393_CA_1_validation,2016-03-28,4,1.8109184696564529,6.0,0,2,3.6218369393129057,6.0,False,False,Normal
FOODS_2_393_CA_1_validation,2016-04-04,5,4.546774455281827,7.0,0,2,9.093548910563655,7.0,True,False,Stockout Risk
FOODS_2_393_CA_1_validation,2016-04-11,3,4.270862045099076,6.0,0,2,8.541724090198151,6.0,True,False,Stockout Risk
FOODS_2_393_CA_1_validation,2016-04-18,4,4.293416919813403,8.0,0,2,8.586833839626806,8.0,True,False,Stockout Risk
FOODS_2_394_CA_1_validation,2016-03-14,1,4.4562655310939645,2.0,0,2,8.912531062187929,2.0,True,False,Stockout Risk
FOODS_2_394_CA_1_validation,2016-03-21,0,2.846149651920049,1.0,0,2,5.692299303840098,1.0,True,False,Stockout Risk
FOODS_2_394_CA_1_validation,2016-03-28,1,1.043850061217488,1.0,0,2,2.087700122434976,1.0,True,False,Stockout Risk
FOODS_2_394_CA_1_validation,2016-04-04,1,2.623270261533947,2.0,0,2,5.246540523067894,2.0,True,False,Stockout Risk
FOODS_2_394_CA_1_validation,2016-04-11,3,2.2590397341787085,2.0,0,2,4.518079468357417,2.0,True,False,Stockout Risk
FOODS_2_394_CA_1_validation,2016-04-18,1,3.292641853027197,3.0,0,2,6.585283706054394,3.0,True,False,Stockout Risk
FOODS_2_395_CA_1_validation,2016-03-14,0,4.596541913069456,0.0,0,2,9.193083826138912,0.0,True,False,Stockout Risk
FOODS_2_395_CA_1_validation,2016-03-21,0,1.1241322714248425,0.0,0,2,2.248264542849685,0.0,True,False,Stockout Risk
FOODS_2_395_CA_1_validation,2016-03-28,0,1.1295502741483376,0.0,0,2,2.2591005482966753,0.0,True,False,Stockout Risk
FOODS_2_395_CA_1_validation,2016-04-04,3,1.1490034013800197,2.0,0,2,2.2980068027600393,2.0,True,False,Stockout Risk
FOODS_2_395_CA_1_validation,2016-04-11,2,4.531988515672008,2.0,0,2,9.063977031344017,2.0,True,False,Stockout Risk
FOODS_2_395_CA_1_validation,2016-04-18,3,3.330728376899495,4.0,0,2,6.66145675379899,4.0,True,False,Stockout Risk
FOODS_2_396_CA_1_validation,2016-03-14,21,15.081251200204097,42.0,0,2,30.162502400408194,42.0,False,False,Normal
FOODS_2_396_CA_1_validation,2016-03-21,15,16.42726527712296,36.0,0,2,32.85453055424592,36.0,False,False,Normal
FOODS_2_396_CA_1_validation,2016-03-28,9,15.626466782110947,30.0,0,2,31.252933564221895,30.0,True,False,Stockout Risk
FOODS_2_396_CA_1_validation,2016-04-04,18,13.515219646005487,32.0,0,2,27.030439292010975,32.0,False,False,Normal
FOODS_2_396_CA_1_validation,2016-04-11,22,15.361368919372737,32.0,0,2,30.722737838745473,32.0,False,False,Normal
FOODS_2_396_CA_1_validation,2016-04-18,16,16.917562481114743,32.0,0,2,33.835124962229486,32.0,True,False,Stockout Risk
FOODS_2_397_CA_1_validation,2016-03-14,3,5.756942277531972,6.0,0,2,11.513884555063944,6.0,True,False,Stockout Risk
FOODS_2_397_CA_1_validation,2016-03-21,6,4.997467198995647,9.0,0,2,9.994934397991294,9.0,True,False,Stockout Risk
FOODS_2_397_CA_1_validation,2016-03-28,8,5.001879301293822,11.0,0,2,10.003758602587643,11.0,False,False,Normal
FOODS_2_397_CA_1_validation,2016-04-04,5,6.5444380765027415,11.0,0,2,13.088876153005483,11.0,True,False,Stockout Risk
FOODS_2_397_CA_1_validation,2016-04-11,9,5.324227853744846,14.0,0,2,10.648455707489692,14.0,False,False,Normal
FOODS_2_397_CA_1_validation,2016-04-18,7,7.073073937761444,14.0,0,2,14.146147875522889,14.0,True,False,Stockout Risk
FOODS_2_398_CA_1_validation,2016-03-14,6,4.516852033733957,12.0,0,2,9.033704067467914,12.0,False,False,Normal
FOODS_2_398_CA_1_validation,2016-03-21,6,5.838716756018435,12.0,0,2,11.67743351203687,12.0,False,False,Normal
FOODS_2_398_CA_1_validation,2016-03-28,8,5.450308283849925,13.0,0,2,10.90061656769985,13.0,False,False,Normal
FOODS_2_398_CA_1_validation,2016-04-04,10,6.107140722722271,15.0,0,2,12.214281445444541,15.0,False,False,Normal
FOODS_2_398_CA_1_validation,2016-04-11,5,7.286488797954036,14.0,0,2,14.572977595908071,14.0,True,False,Stockout Risk
FOODS_2_398_CA_1_validation,2016-04-18,5,6.339493071123244,14.0,0,2,12.678986142246488,14.0,False,False,Normal
FOODS_2_399_CA_1_validation,2016-03-14,15,12.929511580149866,30.0,0,2,25.85902316029973,30.0,False,False,Normal
FOODS_2_399_CA_1_validation,2016-03-21,6,13.057946222820354,21.0,0,2,26.115892445640707,21.0,True,False,Stockout Risk
FOODS_2_399_CA_1_validation,2016-03-28,11,11.022665054237564,21.0,0,2,22.045330108475127,21.0,True,False,Stockout Risk
FOODS_2_399_CA_1_validation,2016-04-04,16,10.739787003623633,24.0,0,2,21.479574007247265,24.0,False,False,Normal
FOODS_2_399_CA_1_validation,2016-04-11,14,12.941990032432953,24.0,0,2,25.883980064865906,24.0,True,False,Stockout Risk
FOODS_2_399_CA_1_validation,2016-04-18,13,12.074835831307269,27.0,0,2,24.149671662614537,27.0,False,False,Normal
FOODS_3_001_CA_1_validation,2016-03-14,5,3.6644153940361055,10.0,0,2,7.328830788072211,10.0,False,False,Normal
FOODS_3_001_CA_1_validation,2016-03-21,7,4.5542498934771,12.0,0,2,9.1084997869542,12.0,False,False,Normal
FOODS_3_001_CA_1_validation,2016-03-28,2,5.528528111548619,9.0,0,2,11.057056223097238,9.0,True,False,Stockout Risk
FOODS_3_001_CA_1_validation,2016-04-04,6,4.449665990844447,10.0,0,2,8.899331981688894,10.0,False,False,Normal
FOODS_3_001_CA_1_validation,2016-04-11,2,4.776097963347202,8.0,0,2,9.552195926694404,8.0,True,False,Stockout Risk
FOODS_3_001_CA_1_validation,2016-04-18,4,4.110379263987413,7.0,0,2,8.220758527974827,7.0,True,False,Stockout Risk
FOODS_3_002_CA_1_validation,2016-03-14,0,7.989369141341811,0.0,0,2,15.978738282683622,0.0,True,False,Stockout Risk
FOODS_3_002_CA_1_validation,2016-03-21,0,5.56040605713457,0.0,0,2,11.12081211426914,0.0,True,False,Stockout Risk
FOODS_3_002_CA_1_validation,2016-03-28,0,3.592942702605316,0.0,0,2,7.185885405210632,0.0,True,False,Stockout Risk
FOODS_3_002_CA_1_validation,2016-04-04,0,2.4341436173790805,0.0,0,2,4.868287234758161,0.0,True,False,Stockout Risk
FOODS_3_002_CA_1_validation,2016-04-11,0,1.9433222983461205,0.0,0,2,3.886644596692241,0.0,True,False,Stockout Risk
FOODS_3_002_CA_1_validation,2016-04-18,0,1.56576853962532,0.0,0,2,3.13153707925064,0.0,True,False,Stockout Risk
FOODS_3_003_CA_1_validation,2016-03-14,0,11.549355647722724,0.0,0,2,23.098711295445447,0.0,True,False,Stockout Risk
FOODS_3_003_CA_1_validation,2016-03-21,6,2.632095539925557,6.0,0,2,5.264191079851114,6.0,False,False,Normal
FOODS_3_003_CA_1_validation,2016-03-28,8,6.787599486986269,9.0,0,2,13.575198973972538,9.0,True,False,Stockout Risk
FOODS_3_003_CA_1_validation,2016-04-04,4,6.6020258031847545,9.0,0,2,13.204051606369509,9.0,True,False,Stockout Risk
FOODS_3_003_CA_1_validation,2016-04-11,3,5.783556729010551,10.0,0,2,11.567113458021103,10.0,True,False,Stockout Risk
FOODS_3_003_CA_1_validation,2016-04-18,2,4.433049386793462,8.0,0,2,8.866098773586923,8.0,True,False,Stockout Risk
FOODS_3_004_CA_1_validation,2016-03-14,2,7.314327341122175,4.0,0,2,14.62865468224435,4.0,True,False,Stockout Risk
FOODS_3_004_CA_1_validation,2016-03-21,6,5.017082780651926,8.0,0,2,10.034165561303851,8.0,True,False,Stockout Risk
FOODS_3_004_CA_1_validation,2016-03-28,2,6.450524827435438,7.0,0,2,12.901049654870876,7.0,True,False,Stockout Risk
FOODS_3_004_CA_1_validation,2016-04-04,10,4.731807269619894,10.0,0,2,9.463614539239789,10.0,False,False,Normal
FOODS_3_004_CA_1_validation,2016-04-11,10,6.26961291589751,14.0,0,2,12.53922583179502,14.0,False,False,Normal
FOODS_3_004_CA_1_validation,2016-04-18,3,7.308657203277539,12.0,0,2,14.617314406555078,12.0,True,False,Stockout Risk
FOODS_3_005_CA_1_validation,2016-03-14,4,5.4168690524598215,8.0,0,2,10.833738104919643,8.0,True,False,Stockout Risk
FOODS_3_005_CA_1_validation,2016-03-21,2,5.052226939377289,6.0,0,2,10.104453878754578,6.0,True,False,Stockout Risk
FOODS_3_005_CA_1_validation,2016-03-28,5,4.409272033941874,7.0,0,2,8.818544067883748,7.0,True,False,Stockout Risk
FOODS_3_005_CA_1_validation,2016-04-04,3,5.336339856107172,7.0,0,2,10.672679712214345,7.0,True,False,Stockout Risk
FOODS_3_005_CA_1_validation,2016-04-11,4,4.380102507688639,7.0,0,2,8.760205015377277,7.0,True,False,Stockout Risk
FOODS_3_005_CA_1_validation,2016-04-18,1,4.022685668663648,6.0,0,2,8.045371337327296,6.0,True,False,Stockout Risk
FOODS_3_006_CA_1_validation,2016-03-14,7,3.5299547395198583,14.0,0,2,7.0599094790397166,14.0,False,False,Normal
FOODS_3_006_CA_1_validation,2016-03-21,3,5.459148987458465,10.0,0,2,10.91829797491693,10.0,True,False,Stockout Risk
FOODS_3_006_CA_1_validation,2016-03-28,5,4.816299230393485,10.0,0,2,9.63259846078697,10.0,False,False,Normal
FOODS_3_006_CA_1_validation,2016-04-04,5,5.398514660260059,10.0,0,2,10.797029320520117,10.0,True,False,Stockout Risk
FOODS_3_006_CA_1_validation,2016-04-11,2,4.701205647704092,8.0,0,2,9.402411295408184,8.0,True,False,Stockout Risk
FOODS_3_006_CA_1_validation,2016-04-18,3,3.717433077423961,8.0,0,2,7.434866154847922,8.0,False,False,Normal
FOODS_3_007_CA_1_validation,2016-03-14,0,40.044065624604265,0.0,0,2,80.08813124920853,0.0,True,False,Stockout Risk
FOODS_3_007_CA_1_validation,2016-03-21,0,13.205966247058074,0.0,0,2,26.411932494116147,0.0,True,False,Stockout Risk
FOODS_3_007_CA_1_validation,2016-03-28,0,7.668958484586909,0.0,0,2,15.337916969173818,0.0,True,False,Stockout Risk
FOODS_3_007_CA_1_validation,2016-04-04,0,5.927977300052424,0.0,0,2,11.855954600104848,0.0,True,False,Stockout Risk
FOODS_3_007_CA_1_validation,2016-04-11,0,3.1800098864587967,0.0,0,2,6.360019772917593,0.0,True,False,Stockout Risk
FOODS_3_007_CA_1_validation,2016-04-18,16,2.832461589090076,8.0,0,2,5.664923178180152,8.0,False,False,Normal
FOODS_3_008_CA_1_validation,2016-03-14,0,0.5368798997836834,0.0,0,2,1.073759799567367,0.0,True,False,Stockout Risk
FOODS_3_008_CA_1_validation,2016-03-21,0,0.3651618097588788,0.0,0,2,0.7303236195177576,0.0,True,False,Stockout Risk
FOODS_3_008_CA_1_validation,2016-03-28,0,0.3651618097588788,0.0,0,2,0.7303236195177576,0.0,True,False,Stockout Risk
FOODS_3_008_CA_1_validation,2016-04-04,0,0.5470073055823366,0.0,0,2,1.0940146111646731,0.0,True,False,Stockout Risk
FOODS_3_008_CA_1_validation,2016-04-11,0,0.3006084123614305,0.0,0,2,0.601216824722861,0.0,True,False,Stockout Risk
FOODS_3_008_CA_1_validation,2016-04-18,0,0.3006084123614305,0.0,0,2,0.601216824722861,0.0,True,False,Stockout Risk
FOODS_3_009_CA_1_validation,2016-03-14,0,5.234786371036338,0.0,0,2,10.469572742072677,0.0,True,False,Stockout Risk
FOODS_3_009_CA_1_validation,2016-03-21,6,2.32119248122679,6.0,0,2,4.64238496245358,6.0,False,False,Normal
FOODS_3_009_CA_1_validation,2016-03-28,6,5.611378566470637,8.0,0,2,11.222757132941274,8.0,True,False,Stockout Risk
FOODS_3_009_CA_1_validation,2016-04-04,5,5.599601541713002,8.0,0,2,11.199203083426005,8.0,True,False,Stockout Risk
FOODS_3_009_CA_1_validation,2016-04-11,1,5.64511585181849,9.0,0,2,11.29023170363698,9.0,True,False,Stockout Risk
FOODS_3_009_CA_1_validation,2016-04-18,2,3.497628532352564,7.0,0,2,6.995257064705128,7.0,False,False,Normal
FOODS_3_010_CA_1_validation,2016-03-14,3,2.9027132287820128,6.0,0,2,5.8054264575640255,6.0,False,False,Normal
FOODS_3_010_CA_1_validation,2016-03-21,5,3.183547262662338,8.0,0,2,6.367094525324676,8.0,False,False,Normal
FOODS_3_010_CA_1_validation,2016-03-28,4,3.914217128731657,8.0,0,2,7.828434257463314,8.0,False,False,Normal
FOODS_3_010_CA_1_validation,2016-04-04,8,4.086550767870529,10.0,0,2,8.173101535741058,10.0,False,False,Normal
FOODS_3_010_CA_1_validation,2016-04-11,7,5.285019879470992,12.0,0,2,10.570039758941984,12.0,False,False,Normal
FOODS_3_010_CA_1_validation,2016-04-18,4,5.53501097602729,12.0,0,2,11.07002195205458,12.0,False,False,Normal
FOODS_3_011_CA_1_validation,2016-03-14,25,19.514578685083958,50.0,0,2,39.029157370167916,50.0,False,False,Normal
FOODS_3_011_CA_1_validation,2016-03-21,17,21.153570989589674,42.0,0,2,42.30714197917935,42.0,True,False,Stockout Risk
FOODS_3_011_CA_1_validation,2016-03-28,29,20.444045576659413,47.0,0,2,40.888091153318825,47.0,False,False,Normal
FOODS_3_011_CA_1_validation,2016-04-04,17,23.22351437075384,44.0,0,2,46.44702874150768,44.0,True,False,Stockout Risk
FOODS_3_011_CA_1_validation,2016-04-11,23,20.102172796626025,43.0,0,2,40.20434559325205,43.0,False,False,Normal
FOODS_3_011_CA_1_validation,2016-04-18,19,21.329688793689165,44.0,0,2,42.65937758737833,44.0,False,False,Normal
FOODS_3_012_CA_1_validation,2016-03-14,8,0.3651618097588788,16.0,0,2,0.7303236195177576,16.0,False,False,Normal
FOODS_3_012_CA_1_validation,2016-03-21,4,8.350423315338851,12.0,0,2,16.700846630677702,12.0,True,False,Stockout Risk
FOODS_3_012_CA_1_validation,2016-03-28,15,5.121060962417888,18.0,0,2,10.242121924835777,18.0,False,False,Normal
FOODS_3_012_CA_1_validation,2016-04-04,9,12.465814732521702,18.0,0,2,24.931629465043404,18.0,True,False,Stockout Risk
FOODS_3_012_CA_1_validation,2016-04-11,24,8.447680194617458,26.0,0,2,16.895360389234916,26.0,False,False,Normal
FOODS_3_012_CA_1_validation,2016-04-18,18,16.112771195594295,33.0,0,2,32.22554239118859,33.0,False,False,Normal
FOODS_3_013_CA_1_validation,2016-03-14,0,0.3651618097588788,0.0,0,2,0.7303236195177576,0.0,True,False,Stockout Risk
FOODS_3_013_CA_1_validation,2016-03-21,0,0.3651618097588788,0.0,0,2,0.7303236195177576,0.0,True,False,Stockout Risk
FOODS_3_013_CA_1_validation,2016-03-28,0,0.3651618097588788,0.0,0,2,0.7303236195177576,0.0,True,False,Stockout Risk
FOODS_3_013_CA_1_validation,2016-04-04,12,0.5470073055823366,6.0,0,2,1.0940146111646731,6.0,False,False,Normal
FOODS_3_013_CA_1_validation,2016-04-11,21,10.655413485849204,16.0,0,2,21.310826971698408,16.0,True,False,Stockout Risk
FOODS_3_013_CA_1_validation,2016-04-18,31,18.19171456365576,32.0,0,2,36.38342912731152,32.0,True,False,Stockout Risk
FOODS_3_014_CA_1_validation,2016-03-14,0,0.438807456804893,0.0,0,2,0.877614913609786,0.0,True,False,Stockout Risk
FOODS_3_014_CA_1_validation,2016-03-21,0,0.4553433990161183,0.0,0,2,0.9106867980322366,0.0,True,False,Stockout Risk
FOODS_3_014_CA_1_validation,2016-03-28,0,0.438807456804893,0.0,0,2,0.877614913609786,0.0,True,False,Stockout Risk
FOODS_3_014_CA_1_validation,2016-04-04,0,0.5470073055823366,0.0,0,2,1.0940146111646731,0.0,True,False,Stockout Risk
FOODS_3_014_CA_1_validation,2016-04-11,0,0.3006084123614305,0.0,0,2,0.601216824722861,0.0,True,False,Stockout Risk
FOODS_3_014_CA_1_validation,2016-04-18,3,0.3006084123614305,2.0,0,2,0.601216824722861,2.0,False,False,Normal
FOODS_3_015_CA_1_validation,2016-03-14,12,9.029923117611933,24.0,0,2,18.059846235223866,24.0,False,False,Normal
FOODS_3_015_CA_1_validation,2016-03-21,12,9.256517247291605,24.0,0,2,18.51303449458321,24.0,False,False,Normal
FOODS_3_015_CA_1_validation,2016-03-28,4,9.964381994126589,19.0,0,2,19.928763988253177,19.0,True,False,Stockout Risk
FOODS_3_015_CA_1_validation,2016-04-04,2,8.143831143164224,15.0,0,2,16.287662286328448,15.0,True,False,Stockout Risk
FOODS_3_015_CA_1_validation,2016-04-11,0,6.078789201038968,9.0,0,2,12.157578402077936,9.0,True,False,Stockout Risk
FOODS_3_015_CA_1_validation,2016-04-18,15,2.838915854844894,10.0,0,2,5.677831709689788,10.0,False,False,Normal
FOODS_3_016_CA_1_validation,2016-03-14,8,20.99482103356207,16.0,0,2,41.98964206712414,16.0,True,False,Stockout Risk
FOODS_3_016_CA_1_validation,2016-03-21,12,15.225832856939384,20.0,0,2,30.451665713878768,20.0,True,False,Stockout Risk
FOODS_3_016_CA_1_validation,2016-03-28,20,13.795717428198191,27.0,0,2,27.591434856396383,27.0,True,False,Stockout Risk
FOODS_3_016_CA_1_validation,2016-04-04,23,16.8975940250559,32.0,0,2,33.7951880501118,32.0,True,False,Stockout Risk
FOODS_3_016_CA_1_validation,2016-04-11,17,18.84929901254898,36.0,0,2,37.69859802509796,36.0,True,False,Stockout Risk
FOODS_3_016_CA_1_validation,2016-04-18,27,18.133875974275565,44.0,0,2,36.26775194855113,44.0,False,False,Normal
FOODS_3_017_CA_1_validation,2016-03-14,1,4.007017654644142,2.0,0,2,8.014035309288284,2.0,True,False,Stockout Risk
FOODS_3_017_CA_1_validation,2016-03-21,3,2.862704707405826,4.0,0,2,5.725409414811652,4.0,True,False,Stockout Risk
FOODS_3_017_CA_1_validation,2016-03-28,0,3.786495468087269,3.0,0,2,7.572990936174538,3.0,True,False,Stockout Risk
FOODS_3_017_CA_1_validation,2016-04-04,0,1.2091454856713904,2.0,0,2,2.4182909713427807,2.0,True,False,Stockout Risk
FOODS_3_017_CA_1_validation,2016-04-11,2,0.9026045081591122,2.0,0,2,1.8052090163182244,2.0,False,False,Normal
FOODS_3_017_CA_1_validation,2016-04-18,0,3.009327206632362,1.0,0,2,6.018654413264724,1.0,True,False,Stockout Risk
FOODS_3_018_CA_1_validation,2016-03-14,16,11.667273711784372,32.0,0,2,23.334547423568743,32.0,False,False,Normal
FOODS_3_018_CA_1_validation,2016-03-21,14,12.08292949399137,30.0,0,2,24.16585898798274,30.0,False,False,Normal
FOODS_3_018_CA_1_validation,2016-03-28,9,13.18895719186816,26.0,0,2,26.37791438373632,26.0,True,False,Stockout Risk
FOODS_3_018_CA_1_validation,2016-04-04,11,11.479221876767054,25.0,0,2,22.95844375353411,25.0,False,False,Normal
FOODS_3_018_CA_1_validation,2016-04-11,11,12.013094660057552,22.0,0,2,24.026189320115105,22.0,True,False,Stockout Risk
FOODS_3_018_CA_1_validation,2016-04-18,12,11.0215558488625,22.0,0,2,22.043111697725,22.0,True,False,Stockout Risk
FOODS_3_019_CA_1_validation,2016-03-14,5,9.937200115468343,10.0,0,2,19.874400230936686,10.0,True,False,Stockout Risk
FOODS_3_019_CA_1_validation,2016-03-21,9,8.221700128680581,14.0,0,2,16.443400257361162,14.0,True,False,Stockout Risk
FOODS_3_019_CA_1_validation,2016-03-28,7,9.012682513178683,14.0,0,2,18.025365026357367,14.0,True,False,Stockout Risk
FOODS_3_019_CA_1_validation,2016-04-04,8,7.831910270360459,14.0,0,2,15.663820540720918,14.0,True,False,Stockout Risk
FOODS_3_019_CA_1_validation,2016-04-11,4,7.587233954943485,14.0,0,2,15.17446790988697,14.0,True,False,Stockout Risk
FOODS_3_019_CA_1_validation,2016-04-18,10,6.529525349862327,14.0,0,2,13.059050699724654,14.0,False,False,Normal
FOODS_3_020_CA_1_validation,2016-03-14,83,76.00895360054325,166.0,0,2,152.0179072010865,166.0,False,False,Normal
FOODS_3_020_CA_1_validation,2016-03-21,60,75.33984852603552,143.0,0,2,150.67969705207105,143.0,True,False,Stockout Risk
FOODS_3_020_CA_1_validation,2016-03-28,60,70.13814472615752,135.0,0,2,140.27628945231504,135.0,True,False,Stockout Risk
FOODS_3_020_CA_1_validation,2016-04-04,85,68.15222728472163,144.0,0,2,136.30445456944327,144.0,False,False,Normal
FOODS_3_020_CA_1_validation,2016-04-11,92,75.95574182827234,148.0,0,2,151.91148365654468,148.0,True,False,Stockout Risk
FOODS_3_020_CA_1_validation,2016-04-18,56,75.08555535644437,146.0,0,2,150.17111071288875,146.0,True,False,Stockout Risk
FOODS_3_021_CA_1_validation,2016-03-14,3,9.335194790362076,6.0,0,2,18.67038958072415,6.0,True,False,Stockout Risk
FOODS_3_021_CA_1_validation,2016-03-21,4,6.859124408170382,7.0,0,2,13.718248816340765,7.0,True,False,Stockout Risk
FOODS_3_021_CA_1_validation,2016-03-28,8,6.722574043633712,10.0,0,2,13.445148087267423,10.0,True,False,Stockout Risk
FOODS_3_021_CA_1_validation,2016-04-04,10,8.104965065050127,12.0,0,2,16.209930130100254,12.0,True,False,Stockout Risk
FOODS_3_021_CA_1_validation,2016-04-11,9,7.0418181245175,16.0,0,2,14.083636249035,16.0,False,False,Normal
FOODS_3_021_CA_1_validation,2016-04-18,4,7.934714655973631,16.0,0,2,15.869429311947261,16.0,False,False,Normal
FOODS_3_022_CA_1_validation,2016-03-14,2,3.717698888136729,4.0,0,2,7.435397776273458,4.0,True,False,Stockout Risk
FOODS_3_022_CA_1_validation,2016-03-21,2,3.238036978956605,4.0,0,2,6.47607395791321,4.0,True,False,Stockout Risk
FOODS_3_022_CA_1_validation,2016-03-28,2,3.18637884311611,4.0,0,2,6.37275768623222,4.0,True,False,Stockout Risk
FOODS_3_022_CA_1_validation,2016-04-04,2,3.368224338939569,4.0,0,2,6.736448677879138,4.0,True,False,Stockout Risk
FOODS_3_022_CA_1_validation,2016-04-11,1,2.838159831384565,4.0,0,2,5.67631966276913,4.0,True,False,Stockout Risk
FOODS_3_022_CA_1_validation,2016-04-18,1,2.2590397341787085,3.0,0,2,4.518079468357417,3.0,True,False,Stockout Risk
FOODS_3_023_CA_1_validation,2016-03-14,2,12.66364845941282,4.0,0,2,25.32729691882564,4.0,True,False,Stockout Risk
FOODS_3_023_CA_1_validation,2016-03-21,21,7.738913562609349,23.0,0,2,15.477827125218697,23.0,False,False,Normal
FOODS_3_023_CA_1_validation,2016-03-28,12,14.172324568805358,23.0,0,2,28.344649137610716,23.0,True,False,Stockout Risk
FOODS_3_023_CA_1_validation,2016-04-04,17,11.994539577681646,26.0,0,2,23.989079155363292,26.0,False,False,Normal
FOODS_3_023_CA_1_validation,2016-04-11,12,13.669167201575029,31.0,0,2,27.338334403150057,31.0,False,False,Normal
FOODS_3_023_CA_1_validation,2016-04-18,12,13.643297432819184,26.0,0,2,27.286594865638367,26.0,True,False,Stockout Risk
FOODS_3_024_CA_1_validation,2016-03-14,10,27.01629069035469,20.0,0,2,54.03258138070938,20.0,True,False,Stockout Risk
FOODS_3_024_CA_1_validation,2016-03-21,14,21.4579872347684,24.0,0,2,42.9159744695368,24.0,True,False,Stockout Risk
FOODS_3_024_CA_1_validation,2016-03-28,12,19.54383635262167,24.0,0,2,39.08767270524334,24.0,True,False,Stockout Risk
FOODS_3_024_CA_1_validation,2016-04-04,0,16.900149772332334,18.0,0,2,33.80029954466467,18.0,True,False,Stockout Risk
FOODS_3_024_CA_1_validation,2016-04-11,0,5.997758686125968,13.0,0,2,11.995517372251935,13.0,False,False,Normal
FOODS_3_024_CA_1_validation,2016-04-18,0,3.535661995676016,6.0,0,2,7.071323991352032,6.0,True,False,Stockout Risk
FOODS_3_025_CA_1_validation,2016-03-14,1,7.245869242314776,2.0,0,2,14.491738484629552,2.0,True,False,Stockout Risk
FOODS_3_025_CA_1_validation,2016-03-21,0,4.619866719182896,1.0,0,2,9.239733438365793,1.0,True,False,Stockout Risk
FOODS_3_025_CA_1_validation,2016-03-28,0,2.126784611633131,1.0,0,2,4.253569223266262,1.0,True,False,Stockout Risk
FOODS_3_025_CA_1_validation,2016-04-04,6,1.6834516942958075,4.0,0,2,3.366903388591615,4.0,False,False,Normal
FOODS_3_025_CA_1_validation,2016-04-11,4,4.829411969819887,5.0,0,2,9.658823939639774,5.0,True,False,Stockout Risk
FOODS_3_025_CA_1_validation,2016-04-18,15,4.609518293540948,12.0,0,2,9.219036587081897,12.0,False,False,Normal
FOODS_3_026_CA_1_validation,2016-03-14,16,15.977393540887435,32.0,0,2,31.95478708177487,32.0,False,False,Normal
FOODS_3_026_CA_1_validation,2016-03-21,4,15.2964829748272,20.0,0,2,30.5929659496544,20.0,True,False,Stockout Risk
FOODS_3_026_CA_1_validation,2016-03-28,21,10.642413568851632,27.0,0,2,21.284827137703264,27.0,False,False,Normal
FOODS_3_026_CA_1_validation,2016-04-04,11,16.64187762452558,26.0,0,2,33.28375524905116,26.0,True,False,Stockout Risk
FOODS_3_026_CA_1_validation,2016-04-11,20,13.006799781156769,28.0,0,2,26.013599562313537,28.0,False,False,Normal
FOODS_3_026_CA_1_validation,2016-04-18,16,14.691805915354236,34.0,0,2,29.38361183070847,34.0,False,False,Normal
FOODS_3_027_CA_1_validation,2016-03-14,4,5.143771302098782,8.0,0,2,10.287542604197563,8.0,True,False,Stockout Risk
FOODS_3_027_CA_1_validation,2016-03-21,9,4.91325794047391,13.0,0,2,9.82651588094782,13.0,False,False,Normal
FOODS_3_027_CA_1_validation,2016-03-28,2,6.278031320699117,10.0,0,2,12.556062641398235,10.0,True,False,Stockout Risk
FOODS_3_027_CA_1_validation,2016-04-04,0,4.899626698505334,8.0,0,2,9.799253397010668,8.0,True,False,Stockout Risk
FOODS_3_027_CA_1_validation,2016-04-11,1,1.6470607582349976,6.0,0,2,3.2941215164699953,6.0,False,False,Normal
FOODS_3_027_CA_1_validation,2016-04-18,5,2.955244987612486,4.0,0,2,5.910489975224972,4.0,True,False,Stockout Risk
FOODS_3_028_CA_1_validation,2016-03-14,6,9.327039465551376,12.0,0,2,18.654078931102752,12.0,True,False,Stockout Risk
FOODS_3_028_CA_1_validation,2016-03-21,8,8.851939194126576,14.0,0,2,17.703878388253152,14.0,True,False,Stockout Risk
FOODS_3_028_CA_1_validation,2016-03-28,11,9.60872756131656,17.0,0,2,19.21745512263312,17.0,True,False,Stockout Risk
FOODS_3_028_CA_1_validation,2016-04-04,9,9.488120290513711,17.0,0,2,18.976240581027422,17.0,True,False,Stockout Risk
FOODS_3_028_CA_1_validation,2016-04-11,7,9.06383191467153,18.0,0,2,18.12766382934306,18.0,True,False,Stockout Risk
FOODS_3_028_CA_1_validation,2016-04-18,15,8.464530810885492,21.0,0,2,16.929061621770984,21.0,False,False,Normal
FOODS_3_029_CA_1_validation,2016-03-14,8,9.01918505697834,16.0,0,2,18.03837011395668,16.0,True,False,Stockout Risk
FOODS_3_029_CA_1_validation,2016-03-21,9,8.359489750232052,17.0,0,2,16.718979500464105,17.0,False,False,Normal
FOODS_3_029_CA_1_validation,2016-03-28,7,8.987772194597472,16.0,0,2,17.975544389194944,16.0,True,False,Stockout Risk
FOODS_3_029_CA_1_validation,2016-04-04,10,8.11863816223818,17.0,0,2,16.23727632447636,17.0,False,False,Normal
FOODS_3_029_CA_1_validation,2016-04-11,3,9.133539247504054,14.0,0,2,18.267078495008107,14.0,True,False,Stockout Risk
FOODS_3_029_CA_1_validation,2016-04-18,7,6.369656627577083,14.0,0,2,12.739313255154165,14.0,False,False,Normal
FOODS_3_030_CA_1_validation,2016-03-14,50,62.57069675739743,100.0,0,2,125.14139351479486,100.0,True,False,Stockout Risk
FOODS_3_030_CA_1_validation,2016-03-21,79,55.96184684528886,129.0,0,2,111.92369369057772,129.0,False,False,Normal
FOODS_3_030_CA_1_validation,2016-03-28,69,68.45274783371087,132.0,0,2,136.90549566742175,132.0,True,False,Stockout Risk
FOODS_3_030_CA_1_validation,2016-04-04,68,69.62775845664996,133.0,0,2,139.2555169132999,133.0,True,False,Stockout Risk
FOODS_3_030_CA_1_validation,2016-04-11,52,69.84955582034303,134.0,0,2,139.69911164068606,134.0,True,False,Stockout Risk
FOODS_3_030_CA_1_validation,2016-04-18,48,61.61287014861309,118.0,0,2,123.22574029722618,118.0,True,False,Stockout Risk
FOODS_3_031_CA_1_validation,2016-03-14,8,10.043931761476276,16.0,0,2,20.087863522952553,16.0,True,False,Stockout Risk
FOODS_3_031_CA_1_validation,2016-03-21,13,9.045300218881048,21.0,0,2,18.090600437762095,21.0,False,False,Normal
FOODS_3_031_CA_1_validation,2016-03-28,8,10.404174022736392,19.0,0,2,20.808348045472783,19.0,True,False,Stockout Risk
FOODS_3_031_CA_1_validation,2016-04-04,15,9.773697376094262,22.0,0,2,19.547394752188524,22.0,False,False,Normal
FOODS_3_031_CA_1_validation,2016-04-11,11,10.719349034534616,24.0,0,2,21.438698069069233,24.0,False,False,Normal
FOODS_3_031_CA_1_validation,2016-04-18,7,10.313069300950565,20.0,0,2,20.62613860190113,20.0,True,False,Stockout Risk
FOODS_3_032_CA_1_validation,2016-03-14,9,8.602943331403733,18.0,0,2,17.205886662807465,18.0,False,False,Normal
FOODS_3_032_CA_1_validation,2016-03-21,7,8.768672993658036,16.0,0,2,17.537345987316073,16.0,True,False,Stockout Risk
FOODS_3_032_CA_1_validation,2016-03-28,8,8.339571518248905,16.0,0,2,16.67914303649781,16.0,True,False,Stockout Risk
FOODS_3_032_CA_1_validation,2016-04-04,11,8.154534895539161,18.0,0,2,16.309069791078322,18.0,False,False,Normal
FOODS_3_032_CA_1_validation,2016-04-11,10,8.834075582475936,18.0,0,2,17.668151164951873,18.0,False,False,Normal
FOODS_3_032_CA_1_validation,2016-04-18,7,9.41787847765573,18.0,0,2,18.83575695531146,18.0,True,False,Stockout Risk
FOODS_3_033_CA_1_validation,2016-03-14,3,4.103994828448096,6.0,0,2,8.207989656896192,6.0,True,False,Stockout Risk
FOODS_3_033_CA_1_validation,2016-03-21,3,3.851311357077292,6.0,0,2,7.702622714154584,6.0,True,False,Stockout Risk
FOODS_3_033_CA_1_validation,2016-03-28,0,4.196636116857386,4.0,0,2,8.393272233714772,4.0,True,False,Stockout Risk
FOODS_3_033_CA_1_validation,2016-04-04,8,1.2128256601136356,7.0,0,2,2.425651320227271,7.0,False,False,Normal
FOODS_3_033_CA_1_validation,2016-04-11,0,5.391634639946739,6.0,0,2,10.783269279893478,6.0,True,False,Stockout Risk
FOODS_3_033_CA_1_validation,2016-04-18,2,1.7233511228670717,5.0,0,2,3.4467022457341434,5.0,False,False,Normal
FOODS_3_034_CA_1_validation,2016-03-14,12,16.336722723372375,24.0,0,2,32.67344544674475,24.0,True,False,Stockout Risk
FOODS_3_034_CA_1_validation,2016-03-21,12,14.241864517887146,24.0,0,2,28.483729035774292,24.0,True,False,Stockout Risk
FOODS_3_034_CA_1_validation,2016-03-28,20,13.985228690530926,29.0,0,2,27.970457381061852,29.0,False,False,Normal
FOODS_3_034_CA_1_validation,2016-04-04,16,16.15657397706118,30.0,0,2,32.31314795412236,30.0,True,False,Stockout Risk
FOODS_3_034_CA_1_validation,2016-04-11,0,14.334752682675342,24.0,0,2,28.669505365350684,24.0,True,False,Stockout Risk
FOODS_3_034_CA_1_validation,2016-04-18,13,6.845894400391018,24.0,0,2,13.691788800782035,24.0,False,False,Normal
FOODS_3_035_CA_1_validation,2016-03-14,7,7.125323727455504,14.0,0,2,14.250647454911007,14.0,True,False,Stockout Risk
FOODS_3_035_CA_1_validation,2016-03-21,13,7.259469721794298,20.0,0,2,14.518939443588597,20.0,False,False,Normal
FOODS_3_035_CA_1_validation,2016-03-28,9,8.932237859302035,19.0,0,2,17.86447571860407,19.0,False,False,Normal
FOODS_3_035_CA_1_validation,2016-04-04,13,8.828433150945894,21.0,0,2,17.65686630189179,21.0,False,False,Normal
FOODS_3_035_CA_1_validation,2016-04-11,10,9.733353756378476,22.0,0,2,19.46670751275695,22.0,False,False,Normal
FOODS_3_035_CA_1_validation,2016-04-18,6,9.94112234920894,19.0,0,2,19.88224469841788,19.0,True,False,Stockout Risk
FOODS_3_036_CA_1_validation,2016-03-14,4,5.0708938815604405,8.0,0,2,10.141787763120881,8.0,True,False,Stockout Risk
FOODS_3_036_CA_1_validation,2016-03-21,3,4.953997613956445,7.0,0,2,9.90799522791289,7.0,True,False,Stockout Risk
FOODS_3_036_CA_1_validation,2016-03-28,8,4.160737085273206,10.0,0,2,8.321474170546413,10.0,False,False,Normal
FOODS_3_036_CA_1_validation,2016-04-04,6,5.62189066438569,10.0,0,2,11.24378132877138,10.0,True,False,Stockout Risk
FOODS_3_036_CA_1_validation,2016-04-11,6,5.511294380339272,12.0,0,2,11.022588760678545,12.0,False,False,Normal
FOODS_3_036_CA_1_validation,2016-04-18,2,5.5610026261888725,11.0,0,2,11.122005252377745,11.0,True,False,Stockout Risk
FOODS_3_037_CA_1_validation,2016-03-14,63,73.7183022892835,126.0,0,2,147.436604578567,126.0,True,False,Stockout Risk
FOODS_3_037_CA_1_validation,2016-03-21,58,55.59304637641184,121.0,0,2,111.18609275282368,121.0,False,False,Normal
FOODS_3_037_CA_1_validation,2016-03-28,39,55.99987596405426,107.0,0,2,111.99975192810852,107.0,True,False,Stockout Risk
FOODS_3_037_CA_1_validation,2016-04-04,69,54.07648941308246,114.0,0,2,108.15297882616493,114.0,False,False,Normal
FOODS_3_037_CA_1_validation,2016-04-11,54,57.72637128458558,110.0,0,2,115.45274256917116,110.0,True,False,Stockout Risk
FOODS_3_037_CA_1_validation,2016-04-18,33,51.32564827787738,98.0,0,2,102.65129655575475,98.0,True,False,Stockout Risk
FOODS_3_038_CA_1_validation,2016-03-14,5,6.206470151230768,10.0,0,2,12.412940302461536,10.0,True,False,Stockout Risk
FOODS_3_038_CA_1_validation,2016-03-21,5,5.899484117459176,10.0,0,2,11.798968234918352,10.0,True,False,Stockout Risk
FOODS_3_038_CA_1_validation,2016-03-28,5,5.542879799171056,10.0,0,2,11.085759598342111,10.0,True,False,Stockout Risk
FOODS_3_038_CA_1_validation,2016-04-04,3,5.7247252949945135,9.0,0,2,11.449450589989027,9.0,True,False,Stockout Risk
FOODS_3_038_CA_1_validation,2016-04-11,6,4.611236572576549,10.0,0,2,9.222473145153097,10.0,False,False,Normal
FOODS_3_038_CA_1_validation,2016-04-18,3,5.160854772797038,8.0,0,2,10.321709545594077,8.0,True,False,Stockout Risk
FOODS_3_039_CA_1_validation,2016-03-14,54,38.00505778363007,108.0,0,2,76.01011556726014,108.0,False,False,Normal
FOODS_3_039_CA_1_validation,2016-03-21,59,40.96787523457657,113.0,0,2,81.93575046915313,113.0,False,False,Normal
FOODS_3_039_CA_1_validation,2016-03-28,33,49.41904031346619,97.0,0,2,98.83808062693238,97.0,True,False,Stockout Risk
FOODS_3_039_CA_1_validation,2016-04-04,42,42.46821269981581,94.0,0,2,84.93642539963162,94.0,False,False,Normal
FOODS_3_039_CA_1_validation,2016-04-11,30,41.23404460274888,82.0,0,2,82.46808920549776,82.0,True,False,Stockout Risk
FOODS_3_039_CA_1_validation,2016-04-18,47,35.74137670654383,76.0,0,2,71.48275341308766,76.0,False,False,Normal
FOODS_3_040_CA_1_validation,2016-03-14,6,8.350423315338851,12.0,0,2,16.700846630677702,12.0,True,False,Stockout Risk
FOODS_3_040_CA_1_validation,2016-03-21,7,6.06315858054875,13.0,0,2,12.1263171610975,13.0,False,False,Normal
FOODS_3_040_CA_1_validation,2016-03-28,7,6.308185488130191,13.0,0,2,12.616370976260383,13.0,False,False,Normal
FOODS_3_040_CA_1_validation,2016-04-04,6,6.742185396468012,13.0,0,2,13.484370792936025,13.0,True,False,Stockout Risk
FOODS_3_040_CA_1_validation,2016-04-11,10,6.02296549738213,15.0,0,2,12.04593099476426,15.0,False,False,Normal
FOODS_3_040_CA_1_validation,2016-04-18,4,7.295565978031291,14.0,0,2,14.591131956062583,14.0,True,False,Stockout Risk
FOODS_3_041_CA_1_validation,2016-03-14,37,30.046944158623507,74.0,0,2,60.093888317247014,74.0,False,False,Normal
FOODS_3_041_CA_1_validation,2016-03-21,38,32.27162878998508,75.0,0,2,64.54325757997016,75.0,False,False,Normal
FOODS_3_041_CA_1_validation,2016-03-28,36,33.58199768037038,74.0,0,2,67.16399536074076,74.0,False,False,Normal
FOODS_3_041_CA_1_validation,2016-04-04,30,33.563083646813986,70.0,0,2,67.12616729362797,70.0,False,False,Normal
FOODS_3_041_CA_1_validation,2016-04-11,31,32.49723265302404,68.0,0,2,64.99446530604808,68.0,False,False,Normal
FOODS_3_041_CA_1_validation,2016-04-18,34,32.45071427864825,66.0,0,2,64.9014285572965,66.0,False,False,Normal
FOODS_3_042_CA_1_validation,2016-03-14,5,13.8930755042679,10.0,0,2,27.7861510085358,10.0,True,False,Stockout Risk
FOODS_3_042_CA_1_validation,2016-03-21,19,10.65917532208076,24.0,0,2,21.31835064416152,24.0,False,False,Normal
FOODS_3_042_CA_1_validation,2016-03-28,17,15.820902135954952,27.0,0,2,31.641804271909905,27.0,True,False,Stockout Risk
FOODS_3_042_CA_1_validation,2016-04-04,18,14.435159408441026,30.0,0,2,28.87031881688205,30.0,False,False,Normal
FOODS_3_042_CA_1_validation,2016-04-11,20,14.966249829824552,37.0,0,2,29.932499659649103,37.0,False,False,Normal
FOODS_3_042_CA_1_validation,2016-04-18,20,17.19721338756043,38.0,0,2,34.39442677512086,38.0,False,False,Normal
FOODS_3_043_CA_1_validation,2016-03-14,9,8.350423315338851,18.0,0,2,16.700846630677702,18.0,False,False,Normal
FOODS_3_043_CA_1_validation,2016-03-21,19,7.556196051488556,28.0,0,2,15.112392102977113,28.0,False,False,Normal
FOODS_3_043_CA_1_validation,2016-03-28,11,16.02942148114695,26.0,0,2,32.0588429622939,26.0,True,False,Stockout Risk
FOODS_3_043_CA_1_validation,2016-04-04,12,10.324476438957063,26.0,0,2,20.648952877914127,26.0,False,False,Normal
FOODS_3_043_CA_1_validation,2016-04-11,8,11.048691846474126,25.0,0,2,22.097383692948252,25.0,False,False,Normal
FOODS_3_043_CA_1_validation,2016-04-18,15,10.694919831361029,23.0,0,2,21.389839662722057,23.0,False,False,Normal
FOODS_3_044_CA_1_validation,2016-03-14,4,3.899658826575166,8.0,0,2,7.799317653150332,8.0,False,False,Normal
FOODS_3_044_CA_1_validation,2016-03-21,2,3.87215303408669,6.0,0,2,7.74430606817338,6.0,True,False,Stockout Risk
FOODS_3_044_CA_1_validation,2016-03-28,0,3.238036978956605,4.0,0,2,6.47607395791321,4.0,True,False,Stockout Risk
FOODS_3_044_CA_1_validation,2016-04-04,3,1.5093611713750437,4.0,0,2,3.0187223427500873,4.0,False,False,Normal
FOODS_3_044_CA_1_validation,2016-04-11,0,3.2523657110831268,2.0,0,2,6.5047314221662536,2.0,True,False,Stockout Risk
FOODS_3_044_CA_1_validation,2016-04-18,4,0.9792966638200388,4.0,0,2,1.9585933276400775,4.0,False,False,Normal
FOODS_3_045_CA_1_validation,2016-03-14,6,2.668360078381482,12.0,0,2,5.336720156762964,12.0,False,False,Normal
FOODS_3_045_CA_1_validation,2016-03-21,0,4.741316420071527,6.0,0,2,9.482632840143054,6.0,True,False,Stockout Risk
FOODS_3_045_CA_1_validation,2016-03-28,5,1.5198635512466423,7.0,0,2,3.0397271024932846,7.0,False,False,Normal
FOODS_3_045_CA_1_validation,2016-04-04,0,4.467474718674776,6.0,0,2,8.934949437349552,6.0,True,False,Stockout Risk
FOODS_3_045_CA_1_validation,2016-04-11,1,1.3751364891054545,3.0,0,2,2.750272978210909,3.0,False,False,Normal
FOODS_3_045_CA_1_validation,2016-04-18,4,3.2915697802728,5.0,0,2,6.5831395605456,5.0,True,False,Stockout Risk
FOODS_3_046_CA_1_validation,2016-03-14,7,8.851199823792872,14.0,0,2,17.702399647585743,14.0,True,False,Stockout Risk
FOODS_3_046_CA_1_validation,2016-03-21,4,8.30568293421443,11.0,0,2,16.61136586842886,11.0,True,False,Stockout Risk
FOODS_3_046_CA_1_validation,2016-03-28,9,6.80266929812316,13.0,0,2,13.60533859624632,13.0,True,False,Stockout Risk
FOODS_3_046_CA_1_validation,2016-04-04,9,7.75453313817012,14.0,0,2,15.50906627634024,14.0,True,False,Stockout Risk
FOODS_3_046_CA_1_validation,2016-04-11,6,7.698755082396947,14.0,0,2,15.397510164793895,14.0,True,False,Stockout Risk
FOODS_3_046_CA_1_validation,2016-04-18,10,7.489488183432619,17.0,0,2,14.978976366865238,17.0,False,False,Normal
FOODS_3_047_CA_1_validation,2016-03-14,12,9.251418444626518,24.0,0,2,18.502836889253036,24.0,False,False,Normal
FOODS_3_047_CA_1_validation,2016-03-21,17,10.144300108753766,29.0,0,2,20.288600217507533,29.0,False,False,Normal
FOODS_3_047_CA_1_validation,2016-03-28,7,12.681005315968653,24.0,0,2,25.362010631937306,24.0,True,False,Stockout Risk
FOODS_3_047_CA_1_validation,2016-04-04,8,10.390360862078555,22.0,0,2,20.78072172415711,22.0,False,False,Normal
FOODS_3_047_CA_1_validation,2016-04-11,7,9.7060747333781,20.0,0,2,19.4121494667562,20.0,False,False,Normal
FOODS_3_047_CA_1_validation,2016-04-18,5,9.364833299013975,14.0,0,2,18.72966659802795,14.0,True,False,Stockout Risk
FOODS_3_048_CA_1_validation,2016-03-14,7,11.437451098478691,14.0,0,2,22.874902196957382,14.0,True,False,Stockout Risk
FOODS_3_048_CA_1_validation,2016-03-21,9,9.564828540703248,16.0,0,2,19.129657081406496,16.0,True,False,Stockout Risk
FOODS_3_048_CA_1_validation,2016-03-28,8,9.455480597588572,16.0,0,2,18.910961195177144,16.0,True,False,Stockout Risk
FOODS_3_048_CA_1_validation,2016-04-04,10,9.47530523303288,17.0,0,2,18.95061046606576,17.0,True,False,Stockout Risk
FOODS_3_048_CA_1_validation,2016-04-11,17,9.42958965996469,22.0,0,2,18.85917931992938,22.0,False,False,Normal
FOODS_3_048_CA_1_validation,2016-04-18,8,11.769725234039369,22.0,0,2,23.539450468078737,22.0,True,False,Stockout Risk
FOODS_3_049_CA_1_validation,2016-03-14,11,6.021667966278823,22.0,0,2,12.043335932557646,22.0,False,False,Normal
FOODS_3_049_CA_1_validation,2016-03-21,8,7.491196415559656,19.0,0,2,14.982392831119313,19.0,False,False,Normal
FOODS_3_049_CA_1_validation,2016-03-28,4,8.128392425134788,15.0,0,2,16.256784850269575,15.0,True,False,Stockout Risk
FOODS_3_049_CA_1_validation,2016-04-04,7,7.014422976532948,15.0,0,2,14.028845953065897,15.0,False,False,Normal
FOODS_3_049_CA_1_validation,2016-04-11,6,6.562350285048596,12.0,0,2,13.124700570097191,12.0,True,False,Stockout Risk
FOODS_3_049_CA_1_validation,2016-04-18,8,6.147483701756213,12.0,0,2,12.294967403512427,12.0,True,False,Stockout Risk
FOODS_3_050_CA_1_validation,2016-03-14,4,3.892007514064128,8.0,0,2,7.784015028128256,8.0,False,False,Normal
FOODS_3_050_CA_1_validation,2016-03-21,2,3.847623920864992,6.0,0,2,7.695247841729984,6.0,True,False,Stockout Risk
FOODS_3_050_CA_1_validation,2016-03-28,2,3.4153251671115754,5.0,0,2,6.830650334223151,5.0,True,False,Stockout Risk
FOODS_3_050_CA_1_validation,2016-04-04,5,3.3216813086248296,6.0,0,2,6.643362617249659,6.0,True,False,Stockout Risk
FOODS_3_050_CA_1_validation,2016-04-11,2,3.9244959042932326,6.0,0,2,7.848991808586465,6.0,True,False,Stockout Risk
FOODS_3_050_CA_1_validation,2016-04-18,0,3.45880542044891,4.0,0,2,6.91761084089782,4.0,True,False,Stockout Risk
FOODS_3_051_CA_1_validation,2016-03-14,8,9.675492852777646,16.0,0,2,19.350985705555292,16.0,True,False,Stockout Risk
FOODS_3_051_CA_1_validation,2016-03-21,10,9.809156025567816,18.0,0,2,19.618312051135632,18.0,True,False,Stockout Risk
FOODS_3_051_CA_1_validation,2016-03-28,12,9.9179071446408,20.0,0,2,19.8358142892816,20.0,False,False,Normal
FOODS_3_051_CA_1_validation,2016-04-04,11,10.791660423592816,20.0,0,2,21.583320847185632,20.0,True,False,Stockout Risk
FOODS_3_051_CA_1_validation,2016-04-11,8,9.868884725160232,20.0,0,2,19.737769450320464,20.0,False,False,Normal
FOODS_3_051_CA_1_validation,2016-04-18,6,9.785881369345178,18.0,0,2,19.571762738690357,18.0,True,False,Stockout Risk
FOODS_3_053_CA_1_validation,2016-03-14,14,17.893027119448313,28.0,0,2,35.786054238896625,28.0,True,False,Stockout Risk
FOODS_3_053_CA_1_validation,2016-03-21,15,15.814462447472843,29.0,0,2,31.628924894945687,29.0,True,False,Stockout Risk
FOODS_3_053_CA_1_validation,2016-03-28,24,15.957465168220624,35.0,0,2,31.914930336441248,35.0,False,False,Normal
FOODS_3_053_CA_1_validation,2016-04-04,18,19.23617864838948,36.0,0,2,38.47235729677896,36.0,True,False,Stockout Risk
FOODS_3_053_CA_1_validation,2016-04-11,35,17.784365467730712,46.0,0,2,35.568730935461424,46.0,False,False,Normal
FOODS_3_053_CA_1_validation,2016-04-18,30,25.23469324607218,54.0,0,2,50.46938649214436,54.0,False,False,Normal
FOODS_3_054_CA_1_validation,2016-03-14,0,0.3651618097588788,0.0,0,2,0.7303236195177576,0.0,True,False,Stockout Risk
FOODS_3_054_CA_1_validation,2016-03-21,0,0.3651618097588788,0.0,0,2,0.7303236195177576,0.0,True,False,Stockout Risk
FOODS_3_054_CA_1_validation,2016-03-28,0,0.3651618097588788,0.0,0,2,0.7303236195177576,0.0,True,False,Stockout Risk
FOODS_3_054_CA_1_validation,2016-04-04,0,0.5470073055823366,0.0,0,2,1.0940146111646731,0.0,True,False,Stockout Risk
FOODS_3_054_CA_1_validation,2016-04-11,0,0.3006084123614305,0.0,0,2,0.601216824722861,0.0,True,False,Stockout Risk
FOODS_3_054_CA_1_validation,2016-04-18,0,0.3006084123614305,0.0,0,2,0.601216824722861,0.0,True,False,Stockout Risk
FOODS_3_055_CA_1_validation,2016-03-14,4,3.8778515303674665,8.0,0,2,7.755703060734933,8.0,False,False,Normal
FOODS_3_055_CA_1_validation,2016-03-21,4,3.9796044855996624,8.0,0,2,7.959208971199325,8.0,False,False,Normal
FOODS_3_055_CA_1_validation,2016-03-28,6,3.994162787756152,9.0,0,2,7.988325575512304,9.0,False,False,Normal
FOODS_3_055_CA_1_validation,2016-04-04,4,4.97482005173548,9.0,0,2,9.94964010347096,9.0,True,False,Stockout Risk
FOODS_3_055_CA_1_validation,2016-04-11,6,4.4855261311797765,10.0,0,2,8.971052262359553,10.0,False,False,Normal
FOODS_3_055_CA_1_validation,2016-04-18,3,4.777136284309469,10.0,0,2,9.554272568618938,10.0,False,False,Normal
FOODS_3_056_CA_1_validation,2016-03-14,11,5.14637646563875,22.0,0,2,10.2927529312775,22.0,False,False,Normal
FOODS_3_056_CA_1_validation,2016-03-21,7,6.752044409912755,18.0,0,2,13.50408881982551,18.0,False,False,Normal
FOODS_3_056_CA_1_validation,2016-03-28,8,6.824338660516577,17.0,0,2,13.648677321033153,17.0,False,False,Normal
FOODS_3_056_CA_1_validation,2016-04-04,4,7.9255031181918545,15.0,0,2,15.851006236383709,15.0,True,False,Stockout Risk
FOODS_3_056_CA_1_validation,2016-04-11,3,6.066915843829753,11.0,0,2,12.133831687659505,11.0,True,False,Stockout Risk
FOODS_3_056_CA_1_validation,2016-04-18,3,4.630336660107368,9.0,0,2,9.260673320214735,9.0,True,False,Stockout Risk
FOODS_3_057_CA_1_validation,2016-03-14,0,2.1288446055317323,0.0,0,2,4.2576892110634645,0.0,True,False,Stockout Risk
FOODS_3_057_CA_1_validation,2016-03-21,2,1.3403782579231784,2.0,0,2,2.680756515846357,2.0,True,False,Stockout Risk
FOODS_3_057_CA_1_validation,2016-03-28,7,3.420563344399577,6.0,0,2,6.841126688799154,6.0,True,False,Stockout Risk
FOODS_3_057_CA_1_validation,2016-04-04,5,5.042313437053399,7.0,0,2,10.084626874106798,7.0,True,False,Stockout Risk
FOODS_3_057_CA_1_validation,2016-04-11,0,4.885485424284657,7.0,0,2,9.770970848569315,7.0,True,False,Stockout Risk
FOODS_3_057_CA_1_validation,2016-04-18,0,1.376824894334635,6.0,0,2,2.75364978866927,6.0,False,False,Normal
FOODS_3_058_CA_1_validation,2016-03-14,18,17.350967243584705,36.0,0,2,34.70193448716941,36.0,False,False,Normal
FOODS_3_058_CA_1_validation,2016-03-21,16,17.547941830640294,34.0,0,2,35.09588366128059,34.0,True,False,Stockout Risk
FOODS_3_058_CA_1_validation,2016-03-28,13,18.09177249724688,31.0,0,2,36.18354499449376,31.0,True,False,Stockout Risk
FOODS_3_058_CA_1_validation,2016-04-04,11,15.564023813875789,29.0,0,2,31.128047627751577,29.0,True,False,Stockout Risk
FOODS_3_058_CA_1_validation,2016-04-11,15,13.870385548485404,28.0,0,2,27.740771096970807,28.0,False,False,Normal
FOODS_3_058_CA_1_validation,2016-04-18,12,14.03980772137472,26.0,0,2,28.07961544274944,26.0,True,False,Stockout Risk
FOODS_3_059_CA_1_validation,2016-03-14,16,17.158206236032196,32.0,0,2,34.31641247206439,32.0,True,False,Stockout Risk
FOODS_3_059_CA_1_validation,2016-03-21,17,15.425320930230772,33.0,0,2,30.850641860461543,33.0,False,False,Normal
FOODS_3_059_CA_1_validation,2016-03-28,22,16.234804057053854,37.0,0,2,32.46960811410771,37.0,False,False,Normal
FOODS_3_059_CA_1_validation,2016-04-04,28,18.56673182398784,42.0,0,2,37.13346364797568,42.0,False,False,Normal
FOODS_3_059_CA_1_validation,2016-04-11,19,21.28672360035482,43.0,0,2,42.57344720070964,43.0,False,False,Normal
FOODS_3_059_CA_1_validation,2016-04-18,0,19.21711045463343,34.0,0,2,38.43422090926686,34.0,True,False,Stockout Risk
FOODS_3_060_CA_1_validation,2016-03-14,6,10.289122898563168,12.0,0,2,20.578245797126336,12.0,True,False,Stockout Risk
FOODS_3_060_CA_1_validation,2016-03-21,23,9.258913964744238,29.0,0,2,18.517827929488476,29.0,False,False,Normal
FOODS_3_060_CA_1_validation,2016-03-28,20,15.497200241237984,33.0,0,2,30.994400482475967,33.0,False,False,Normal
FOODS_3_060_CA_1_validation,2016-04-04,13,15.63452689430102,31.0,0,2,31.26905378860204,31.0,True,False,Stockout Risk
FOODS_3_060_CA_1_validation,2016-04-11,13,13.96947190250748,34.0,0,2,27.93894380501496,34.0,False,False,Normal
FOODS_3_060_CA_1_validation,2016-04-18,7,14.089152480537328,26.0,0,2,28.178304961074655,26.0,True,False,Stockout Risk
FOODS_3_061_CA_1_validation,2016-03-14,2,4.704564650514434,4.0,0,2,9.409129301028868,4.0,True,False,Stockout Risk
FOODS_3_061_CA_1_validation,2016-03-21,4,3.724113203464474,6.0,0,2,7.448226406928948,6.0,True,False,Stockout Risk
FOODS_3_061_CA_1_validation,2016-03-28,1,3.717698888136729,5.0,0,2,7.435397776273458,5.0,True,False,Stockout Risk
FOODS_3_061_CA_1_validation,2016-04-04,5,3.1266694738243648,6.0,0,2,6.2533389476487296,6.0,True,False,Stockout Risk
FOODS_3_061_CA_1_validation,2016-04-11,6,4.0347862285579845,8.0,0,2,8.069572457115969,8.0,True,False,Stockout Risk
FOODS_3_061_CA_1_validation,2016-04-18,4,4.879932294418935,8.0,0,2,9.75986458883787,8.0,True,False,Stockout Risk
FOODS_3_062_CA_1_validation,2016-03-14,23,13.631182040575055,46.0,0,2,27.26236408115011,46.0,False,False,Normal
FOODS_3_062_CA_1_validation,2016-03-21,8,16.263223994128417,31.0,0,2,32.526447988256834,31.0,True,False,Stockout Risk
FOODS_3_062_CA_1_validation,2016-03-28,13,12.536851167474982,29.0,0,2,25.073702334949964,29.0,False,False,Normal
FOODS_3_062_CA_1_validation,2016-04-04,7,14.409046599545215,26.0,0,2,28.81809319909043,26.0,True,False,Stockout Risk
FOODS_3_062_CA_1_validation,2016-04-11,13,11.566802727720496,20.0,0,2,23.133605455440993,20.0,True,False,Stockout Risk
FOODS_3_062_CA_1_validation,2016-04-18,11,11.223401259509956,22.0,0,2,22.44680251901991,22.0,True,False,Stockout Risk
FOODS_3_063_CA_1_validation,2016-03-14,1,4.910545614001396,2.0,0,2,9.821091228002793,2.0,True,False,Stockout Risk
FOODS_3_063_CA_1_validation,2016-03-21,6,4.130522537079146,7.0,0,2,8.261045074158291,7.0,True,False,Stockout Risk
FOODS_3_063_CA_1_validation,2016-03-28,5,6.25991843399852,8.0,0,2,12.51983686799704,8.0,True,False,Stockout Risk
FOODS_3_063_CA_1_validation,2016-04-04,8,5.371074772726147,10.0,0,2,10.742149545452294,10.0,True,False,Stockout Risk
FOODS_3_063_CA_1_validation,2016-04-11,7,5.926343447633784,13.0,0,2,11.852686895267569,13.0,False,False,Normal
FOODS_3_063_CA_1_validation,2016-04-18,14,6.615347196118691,17.0,0,2,13.230694392237382,17.0,False,False,Normal
FOODS_3_064_CA_1_validation,2016-03-14,164,160.44304443396342,328.0,0,2,320.88608886792684,328.0,False,False,Normal
FOODS_3_064_CA_1_validation,2016-03-21,160,153.9611816272848,324.0,0,2,307.9223632545696,324.0,False,False,Normal
FOODS_3_064_CA_1_validation,2016-03-28,153,157.66230476992513,318.0,0,2,315.32460953985026,318.0,False,False,Normal
FOODS_3_064_CA_1_validation,2016-04-04,171,157.0450407699116,324.0,0,2,314.0900815398232,324.0,False,False,Normal
FOODS_3_064_CA_1_validation,2016-04-11,182,179.10068748229054,333.0,0,2,358.2013749645811,333.0,True,False,Stockout Risk
FOODS_3_064_CA_1_validation,2016-04-18,225,177.52870465516793,366.0,0,2,355.05740931033586,366.0,False,False,Normal
FOODS_3_065_CA_1_validation,2016-03-14,2,5.593003785625941,4.0,0,2,11.186007571251881,4.0,True,False,Stockout Risk
FOODS_3_065_CA_1_validation,2016-03-21,6,4.475129600837413,8.0,0,2,8.950259201674825,8.0,True,False,Stockout Risk
FOODS_3_065_CA_1_validation,2016-03-28,2,5.341560886878141,7.0,0,2,10.683121773756282,7.0,True,False,Stockout Risk
FOODS_3_065_CA_1_validation,2016-04-04,5,4.314498222209676,8.0,0,2,8.628996444419352,8.0,True,False,Stockout Risk
FOODS_3_065_CA_1_validation,2016-04-11,4,4.7358478973419205,8.0,0,2,9.471695794683841,8.0,True,False,Stockout Risk
FOODS_3_065_CA_1_validation,2016-04-18,7,4.921996454519377,9.0,0,2,9.843992909038754,9.0,True,False,Stockout Risk
FOODS_3_066_CA_1_validation,2016-03-14,39,41.38535961603192,78.0,0,2,82.77071923206384,78.0,True,False,Stockout Risk
FOODS_3_066_CA_1_validation,2016-03-21,55,39.663021277903646,94.0,0,2,79.32604255580729,94.0,False,False,Normal
FOODS_3_066_CA_1_validation,2016-03-28,51,48.39892938990078,97.0,0,2,96.79785877980156,97.0,False,False,Normal
FOODS_3_066_CA_1_validation,2016-04-04,40,44.79586993839646,92.0,0,2,89.59173987679291,92.0,False,False,Normal
FOODS_3_066_CA_1_validation,2016-04-11,44,41.5968484972869,95.0,0,2,83.1936969945738,95.0,False,False,Normal
FOODS_3_066_CA_1_validation,2016-04-18,44,42.98156070761198,90.0,0,2,85.96312141522397,90.0,False,False,Normal
FOODS_3_067_CA_1_validation,2016-03-14,14,11.112989202135218,28.0,0,2,22.225978404270435,28.0,False,False,Normal
FOODS_3_067_CA_1_validation,2016-03-21,14,11.257614354378251,28.0,0,2,22.515228708756503,28.0,False,False,Normal
FOODS_3_067_CA_1_validation,2016-03-28,14,12.495628848148428,28.0,0,2,24.991257696296856,28.0,False,False,Normal
FOODS_3_067_CA_1_validation,2016-04-04,15,12.913664449582148,28.0,0,2,25.827328899164296,28.0,False,False,Normal
FOODS_3_067_CA_1_validation,2016-04-11,8,13.53722874155716,26.0,0,2,27.07445748311432,26.0,True,False,Stockout Risk
FOODS_3_067_CA_1_validation,2016-04-18,15,11.365143644134188,26.0,0,2,22.730287288268375,26.0,False,False,Normal
FOODS_3_068_CA_1_validation,2016-03-14,0,0.4291420694814084,0.0,0,2,0.8582841389628167,0.0,True,False,Stockout Risk
FOODS_3_068_CA_1_validation,2016-03-21,12,0.4259375598775828,12.0,0,2,0.8518751197551656,12.0,False,False,Normal
FOODS_3_068_CA_1_validation,2016-03-28,10,9.66091235721164,15.0,0,2,19.32182471442328,15.0,True,False,Stockout Risk
FOODS_3_068_CA_1_validation,2016-04-04,12,8.849108430957148,17.0,0,2,17.698216861914297,17.0,True,False,Stockout Risk
FOODS_3_068_CA_1_validation,2016-04-11,14,10.873336734113211,24.0,0,2,21.746673468226422,24.0,False,False,Normal
FOODS_3_068_CA_1_validation,2016-04-18,8,11.382452158005789,22.0,0,2,22.764904316011577,22.0,True,False,Stockout Risk
FOODS_3_069_CA_1_validation,2016-03-14,7,4.311478939498182,14.0,0,2,8.622957878996363,14.0,False,False,Normal
FOODS_3_069_CA_1_validation,2016-03-21,12,5.143771302098782,19.0,0,2,10.287542604197563,19.0,False,False,Normal
FOODS_3_069_CA_1_validation,2016-03-28,8,7.446571010812022,18.0,0,2,14.893142021624044,18.0,False,False,Normal
FOODS_3_069_CA_1_validation,2016-04-04,4,7.721671153935815,16.0,0,2,15.44334230787163,16.0,False,False,Normal
FOODS_3_069_CA_1_validation,2016-04-11,0,6.3922496796322665,12.0,0,2,12.784499359264533,12.0,True,False,Stockout Risk
FOODS_3_069_CA_1_validation,2016-04-18,8,2.435974465188876,10.0,0,2,4.871948930377752,10.0,False,False,Normal
FOODS_3_070_CA_1_validation,2016-03-14,26,28.333110939801976,52.0,0,2,56.66622187960395,52.0,True,False,Stockout Risk
FOODS_3_070_CA_1_validation,2016-03-21,17,20.94585877688947,43.0,0,2,41.89171755377894,43.0,False,False,Normal
FOODS_3_070_CA_1_validation,2016-03-28,28,19.84325424807995,47.0,0,2,39.6865084961599,47.0,False,False,Normal
FOODS_3_070_CA_1_validation,2016-04-04,27,26.806268513389963,49.0,0,2,53.612537026779925,49.0,True,False,Stockout Risk
FOODS_3_070_CA_1_validation,2016-04-11,36,21.68741528329789,54.0,0,2,43.37483056659578,54.0,False,False,Normal
FOODS_3_070_CA_1_validation,2016-04-18,43,26.65387542031576,67.0,0,2,53.30775084063152,67.0,False,False,Normal
FOODS_3_071_CA_1_validation,2016-03-14,24,24.66505564839981,48.0,0,2,49.33011129679962,48.0,True,False,Stockout Risk
FOODS_3_071_CA_1_validation,2016-03-21,20,24.99448449062732,44.0,0,2,49.98896898125464,44.0,True,False,Stockout Risk
FOODS_3_071_CA_1_validation,2016-03-28,36,22.725230560774698,53.0,0,2,45.450461121549395,53.0,False,False,Normal
FOODS_3_071_CA_1_validation,2016-04-04,24,27.677379532853813,52.0,0,2,55.354759065707626,52.0,True,False,Stockout Risk
FOODS_3_071_CA_1_validation,2016-04-11,22,23.560738856040025,51.0,0,2,47.12147771208005,51.0,False,False,Normal
FOODS_3_071_CA_1_validation,2016-04-18,19,24.371611782026584,50.0,0,2,48.74322356405317,50.0,False,False,Normal
FOODS_3_072_CA_1_validation,2016-03-14,12,7.721399464649879,24.0,0,2,15.442798929299759,24.0,False,False,Normal
FOODS_3_072_CA_1_validation,2016-03-21,5,9.353294393608817,17.0,0,2,18.706588787217633,17.0,True,False,Stockout Risk
FOODS_3_072_CA_1_validation,2016-03-28,2,7.466405350783435,13.0,0,2,14.93281070156687,13.0,True,False,Stockout Risk
FOODS_3_072_CA_1_validation,2016-04-04,10,5.777973012924022,14.0,0,2,11.555946025848044,14.0,False,False,Normal
FOODS_3_072_CA_1_validation,2016-04-11,7,7.242651840004156,12.0,0,2,14.485303680008313,12.0,True,False,Stockout Risk
FOODS_3_072_CA_1_validation,2016-04-18,8,6.579372984574532,14.0,0,2,13.158745969149065,14.0,False,False,Normal
FOODS_3_073_CA_1_validation,2016-03-14,0,14.920649060291332,0.0,0,2,29.841298120582664,0.0,True,False,Stockout Risk
FOODS_3_073_CA_1_validation,2016-03-21,0,6.071919822040891,0.0,0,2,12.143839644081782,0.0,True,False,Stockout Risk
FOODS_3_073_CA_1_validation,2016-03-28,0,13.01532525188729,0.0,0,2,26.03065050377458,0.0,True,False,Stockout Risk
FOODS_3_073_CA_1_validation,2016-04-04,0,3.438947284981791,0.0,0,2,6.877894569963582,0.0,True,False,Stockout Risk
FOODS_3_073_CA_1_validation,2016-04-11,0,2.2631580518768564,0.0,0,2,4.526316103753713,0.0,True,False,Stockout Risk
FOODS_3_073_CA_1_validation,2016-04-18,0,2.441627827102916,0.0,0,2,4.883255654205832,0.0,True,False,Stockout Risk
FOODS_3_074_CA_1_validation,2016-03-14,12,12.318430781508676,24.0,0,2,24.63686156301735,24.0,True,False,Stockout Risk
FOODS_3_074_CA_1_validation,2016-03-21,12,12.663591662007384,24.0,0,2,25.32718332401477,24.0,True,False,Stockout Risk
FOODS_3_074_CA_1_validation,2016-03-28,15,12.7664511969319,26.0,0,2,25.5329023938638,26.0,False,False,Normal
FOODS_3_074_CA_1_validation,2016-04-04,12,12.244040040644224,26.0,0,2,24.488080081288448,26.0,False,False,Normal
FOODS_3_074_CA_1_validation,2016-04-11,12,12.391534099252622,26.0,0,2,24.783068198505244,26.0,False,False,Normal
FOODS_3_074_CA_1_validation,2016-04-18,15,12.774382543761892,27.0,0,2,25.548765087523783,27.0,False,False,Normal
FOODS_3_075_CA_1_validation,2016-03-14,7,6.869478601213908,14.0,0,2,13.738957202427816,14.0,False,False,Normal
FOODS_3_075_CA_1_validation,2016-03-21,11,6.968237578006128,18.0,0,2,13.936475156012255,18.0,False,False,Normal
FOODS_3_075_CA_1_validation,2016-03-28,7,8.752616549488588,17.0,0,2,17.505233098977175,17.0,True,False,Stockout Risk
FOODS_3_075_CA_1_validation,2016-04-04,9,8.061501979969165,17.0,0,2,16.12300395993833,17.0,False,False,Normal
FOODS_3_075_CA_1_validation,2016-04-11,9,7.992261952824474,18.0,0,2,15.984523905648947,18.0,False,False,Normal
FOODS_3_075_CA_1_validation,2016-04-18,6,8.384174092254376,16.0,0,2,16.768348184508753,16.0,True,False,Stockout Risk
FOODS_3_076_CA_1_validation,2016-03-14,21,18.71500834520116,42.0,0,2,37.43001669040232,42.0,False,False,Normal
FOODS_3_076_CA_1_validation,2016-03-21,25,20.1279825658884,46.0,0,2,40.2559651317768,46.0,False,False,Normal
FOODS_3_076_CA_1_validation,2016-03-28,19,22.9520817571172,43.0,0,2,45.9041635142344,43.0,True,False,Stockout Risk
FOODS_3_076_CA_1_validation,2016-04-04,31,20.270622393021327,48.0,0,2,40.541244786042654,48.0,False,False,Normal
FOODS_3_076_CA_1_validation,2016-04-11,27,24.758470060852265,51.0,0,2,49.51694012170453,51.0,False,False,Normal
FOODS_3_076_CA_1_validation,2016-04-18,29,24.19820820656995,53.0,0,2,48.3964164131399,53.0,False,False,Normal
FOODS_3_077_CA_1_validation,2016-03-14,0,14.531959186497732,0.0,0,2,29.063918372995463,0.0,True,False,Stockout Risk
FOODS_3_077_CA_1_validation,2016-03-21,0,8.855185439580463,0.0,0,2,17.710370879160926,0.0,True,False,Stockout Risk
FOODS_3_077_CA_1_validation,2016-03-28,0,5.152194242607532,0.0,0,2,10.304388485215064,0.0,True,False,Stockout Risk
FOODS_3_077_CA_1_validation,2016-04-04,0,7.478697351686239,0.0,0,2,14.957394703372477,0.0,True,False,Stockout Risk
FOODS_3_077_CA_1_validation,2016-04-11,0,4.3220922623047295,0.0,0,2,8.644184524609459,0.0,True,False,Stockout Risk
FOODS_3_077_CA_1_validation,2016-04-18,0,3.5357137488311547,0.0,0,2,7.0714274976623095,0.0,True,False,Stockout Risk
FOODS_3_078_CA_1_validation,2016-03-14,8,5.272834395212472,16.0,0,2,10.545668790424944,16.0,False,False,Normal
FOODS_3_078_CA_1_validation,2016-03-21,4,5.80540489117998,12.0,0,2,11.61080978235996,12.0,False,False,Normal
FOODS_3_078_CA_1_validation,2016-03-28,6,5.442342923242781,12.0,0,2,10.884685846485562,12.0,False,False,Normal
FOODS_3_078_CA_1_validation,2016-04-04,2,5.641437630638726,10.0,0,2,11.282875261277452,10.0,True,False,Stockout Risk
FOODS_3_078_CA_1_validation,2016-04-11,6,4.410576203439964,9.0,0,2,8.821152406879929,9.0,False,False,Normal
FOODS_3_078_CA_1_validation,2016-04-18,1,5.118574837798395,8.0,0,2,10.23714967559679,8.0,True,False,Stockout Risk
FOODS_3_079_CA_1_validation,2016-03-14,0,0.3651618097588788,0.0,0,2,0.7303236195177576,0.0,True,False,Stockout Risk
FOODS_3_079_CA_1_validation,2016-03-21,0,0.3651618097588788,0.0,0,2,0.7303236195177576,0.0,True,False,Stockout Risk
FOODS_3_079_CA_1_validation,2016-03-28,6,0.3651618097588788,4.0,0,2,0.7303236195177576,4.0,False,False,Normal
FOODS_3_079_CA_1_validation,2016-04-04,3,6.328270382409887,4.0,0,2,12.656540764819773,4.0,True,False,Stockout Risk
FOODS_3_079_CA_1_validation,2016-04-11,6,4.078404626079243,8.0,0,2,8.156809252158485,8.0,True,False,Stockout Risk
FOODS_3_079_CA_1_validation,2016-04-18,10,5.183633012138582,12.0,0,2,10.367266024277164,12.0,False,False,Normal
FOODS_3_080_CA_1_validation,2016-03-14,126,124.29097174936685,252.0,0,2,248.5819434987337,252.0,False,False,Normal
FOODS_3_080_CA_1_validation,2016-03-21,159,123.16642493368607,285.0,0,2,246.33284986737215,285.0,False,False,Normal
FOODS_3_080_CA_1_validation,2016-03-28,142,138.0696680186563,285.0,0,2,276.1393360373126,285.0,False,False,Normal
FOODS_3_080_CA_1_validation,2016-04-04,122,149.0450731440896,274.0,0,2,298.0901462881792,274.0,True,False,Stockout Risk
FOODS_3_080_CA_1_validation,2016-04-11,125,130.4300027019868,274.0,0,2,260.8600054039736,274.0,False,False,Normal
FOODS_3_080_CA_1_validation,2016-04-18,130,122.60091067445796,260.0,0,2,245.20182134891593,260.0,False,False,Normal
FOODS_3_081_CA_1_validation,2016-03-14,8,2.668360078381482,16.0,0,2,5.336720156762964,16.0,False,False,Normal
FOODS_3_081_CA_1_validation,2016-03-21,8,5.340710227889109,16.0,0,2,10.681420455778218,16.0,False,False,Normal
FOODS_3_081_CA_1_validation,2016-03-28,3,5.789969624241946,13.0,0,2,11.579939248483893,13.0,False,False,Normal
FOODS_3_081_CA_1_validation,2016-04-04,2,4.795703922935821,10.0,0,2,9.591407845871641,10.0,False,False,Normal
FOODS_3_081_CA_1_validation,2016-04-11,5,3.87575145329371,9.0,0,2,7.75150290658742,9.0,False,False,Normal
FOODS_3_081_CA_1_validation,2016-04-18,5,4.825091550260971,8.0,0,2,9.650183100521941,8.0,True,False,Stockout Risk
FOODS_3_082_CA_1_validation,2016-03-14,1,3.786495468087269,2.0,0,2,7.572990936174538,2.0,True,False,Stockout Risk
FOODS_3_082_CA_1_validation,2016-03-21,3,2.862704707405826,4.0,0,2,5.725409414811652,4.0,True,False,Stockout Risk
FOODS_3_082_CA_1_validation,2016-03-28,2,3.641923821383664,4.0,0,2,7.283847642767328,4.0,True,False,Stockout Risk
FOODS_3_082_CA_1_validation,2016-04-04,0,3.2592696689927,3.0,0,2,6.5185393379854,3.0,True,False,Stockout Risk
FOODS_3_082_CA_1_validation,2016-04-11,0,0.9627465924504832,2.0,0,2,1.9254931849009664,2.0,False,False,Normal
FOODS_3_082_CA_1_validation,2016-04-18,12,0.9026045081591122,7.0,0,2,1.8052090163182244,7.0,False,False,Normal
FOODS_3_083_CA_1_validation,2016-03-14,12,12.118438988493498,24.0,0,2,24.236877976986996,24.0,True,False,Stockout Risk
FOODS_3_083_CA_1_validation,2016-03-21,11,11.168522928271354,23.0,0,2,22.33704585654271,23.0,False,False,Normal
FOODS_3_083_CA_1_validation,2016-03-28,12,10.72037904200668,23.0,0,2,21.44075808401336,23.0,False,False,Normal
FOODS_3_083_CA_1_validation,2016-04-04,9,11.52977523615989,22.0,0,2,23.05955047231978,22.0,True,False,Stockout Risk
FOODS_3_083_CA_1_validation,2016-04-11,11,10.429616916226438,22.0,0,2,20.859233832452876,22.0,False,False,Normal
FOODS_3_083_CA_1_validation,2016-04-18,10,9.8991642705042,21.0,0,2,19.7983285410084,21.0,False,False,Normal
FOODS_3_084_CA_1_validation,2016-03-14,3,3.5939453901042424,6.0,0,2,7.187890780208485,6.0,True,False,Stockout Risk
FOODS_3_084_CA_1_validation,2016-03-21,2,3.687403895073481,5.0,0,2,7.374807790146962,5.0,True,False,Stockout Risk
FOODS_3_084_CA_1_validation,2016-03-28,4,3.200937145272601,6.0,0,2,6.401874290545202,6.0,True,False,Stockout Risk
FOODS_3_084_CA_1_validation,2016-04-04,3,3.8849860818036968,6.0,0,2,7.7699721636073935,6.0,True,False,Stockout Risk
FOODS_3_084_CA_1_validation,2016-04-11,7,3.496597550438126,8.0,0,2,6.993195100876252,8.0,False,False,Normal
FOODS_3_084_CA_1_validation,2016-04-18,3,5.155785534942349,8.0,0,2,10.311571069884698,8.0,True,False,Stockout Risk
FOODS_3_085_CA_1_validation,2016-03-14,7,5.813126826296792,14.0,0,2,11.626253652593585,14.0,False,False,Normal
FOODS_3_085_CA_1_validation,2016-03-21,3,6.096489583476596,10.0,0,2,12.192979166953192,10.0,True,False,Stockout Risk
FOODS_3_085_CA_1_validation,2016-03-28,2,4.99154697012988,8.0,0,2,9.98309394025976,8.0,True,False,Stockout Risk
FOODS_3_085_CA_1_validation,2016-04-04,5,4.685234676800997,8.0,0,2,9.370469353601994,8.0,True,False,Stockout Risk
FOODS_3_085_CA_1_validation,2016-04-11,8,4.931508311203968,9.0,0,2,9.863016622407937,9.0,True,False,Stockout Risk
FOODS_3_085_CA_1_validation,2016-04-18,2,5.626119829156959,8.0,0,2,11.252239658313918,8.0,True,False,Stockout Risk
FOODS_3_086_CA_1_validation,2016-03-14,36,38.179527038314994,72.0,0,2,76.35905407662999,72.0,True,False,Stockout Risk
FOODS_3_086_CA_1_validation,2016-03-21,64,36.22286993120487,100.0,0,2,72.44573986240974,100.0,False,False,Normal
FOODS_3_086_CA_1_validation,2016-03-28,51,46.75266545670839,101.0,0,2,93.50533091341678,101.0,False,False,Normal
FOODS_3_086_CA_1_validation,2016-04-04,71,45.210264445798245,111.0,0,2,90.42052889159649,111.0,False,False,Normal
FOODS_3_086_CA_1_validation,2016-04-11,52,52.58072080985798,119.0,0,2,105.16144161971596,119.0,False,False,Normal
FOODS_3_086_CA_1_validation,2016-04-18,79,50.47747978301087,126.0,0,2,100.95495956602174,126.0,False,False,Normal
FOODS_3_087_CA_1_validation,2016-03-14,20,36.13039110114993,40.0,0,2,72.26078220229986,40.0,True,False,Stockout Risk
FOODS_3_087_CA_1_validation,2016-03-21,39,28.04497368648529,59.0,0,2,56.08994737297058,59.0,False,False,Normal
FOODS_3_087_CA_1_validation,2016-03-28,42,35.29246794409748,67.0,0,2,70.58493588819496,67.0,True,False,Stockout Risk
FOODS_3_087_CA_1_validation,2016-04-04,26,36.85575063199473,64.0,0,2,73.71150126398946,64.0,True,False,Stockout Risk
FOODS_3_087_CA_1_validation,2016-04-11,19,31.29654176245592,63.0,0,2,62.59308352491184,63.0,False,False,Normal
FOODS_3_087_CA_1_validation,2016-04-18,27,26.346758334607287,57.0,0,2,52.693516669214574,57.0,False,False,Normal
FOODS_3_088_CA_1_validation,2016-03-14,8,4.718069904972641,16.0,0,2,9.436139809945281,16.0,False,False,Normal
FOODS_3_088_CA_1_validation,2016-03-21,1,5.6961262754232775,9.0,0,2,11.392252550846555,9.0,True,False,Stockout Risk
FOODS_3_088_CA_1_validation,2016-03-28,3,3.961675266890097,8.0,0,2,7.923350533780194,8.0,False,False,Normal
FOODS_3_088_CA_1_validation,2016-04-04,5,4.132491793573872,8.0,0,2,8.264983587147745,8.0,True,False,Stockout Risk
FOODS_3_088_CA_1_validation,2016-04-11,9,5.006340484162992,9.0,0,2,10.012680968325984,9.0,True,False,Stockout Risk
FOODS_3_088_CA_1_validation,2016-04-18,4,5.8719023567545525,10.0,0,2,11.743804713509105,10.0,True,False,Stockout Risk
FOODS_3_089_CA_1_validation,2016-03-14,7,9.408891902366872,14.0,0,2,18.817783804733743,14.0,True,False,Stockout Risk
FOODS_3_089_CA_1_validation,2016-03-21,9,7.52007877440489,16.0,0,2,15.04015754880978,16.0,False,False,Normal
FOODS_3_089_CA_1_validation,2016-03-28,2,8.030224644848136,12.0,0,2,16.060449289696273,12.0,True,False,Stockout Risk
FOODS_3_089_CA_1_validation,2016-04-04,5,6.638386917396676,12.0,0,2,13.276773834793351,12.0,True,False,Stockout Risk
FOODS_3_089_CA_1_validation,2016-04-11,7,5.973483717735682,12.0,0,2,11.946967435471365,12.0,False,False,Normal
FOODS_3_089_CA_1_validation,2016-04-18,9,5.980803966856258,12.0,0,2,11.961607933712516,12.0,False,False,Normal
FOODS_3_090_CA_1_validation,2016-03-14,356,348.2576697463209,712.0,0,2,696.5153394926418,712.0,False,False,Normal
FOODS_3_090_CA_1_validation,2016-03-21,427,352.4024881388568,783.0,0,2,704.8049762777136,783.0,False,False,Normal
FOODS_3_090_CA_1_validation,2016-03-28,300,388.8661593224359,722.0,0,2,777.7323186448718,722.0,True,False,Stockout Risk
FOODS_3_090_CA_1_validation,2016-04-04,371,389.08881643727466,727.0,0,2,778.1776328745493,727.0,True,False,Stockout Risk
FOODS_3_090_CA_1_validation,2016-04-11,371,381.3539477932206,734.0,0,2,762.7078955864412,734.0,True,False,Stockout Risk
FOODS_3_090_CA_1_validation,2016-04-18,381,378.932348267077,712.0,0,2,757.864696534154,712.0,True,False,Stockout Risk
FOODS_3_091_CA_1_validation,2016-03-14,8,8.299077604712203,16.0,0,2,16.598155209424405,16.0,True,False,Stockout Risk
FOODS_3_091_CA_1_validation,2016-03-21,7,8.611828321175352,15.0,0,2,17.223656642350704,15.0,True,False,Stockout Risk
FOODS_3_091_CA_1_validation,2016-03-28,6,8.454941855940223,14.0,0,2,16.909883711880447,14.0,True,False,Stockout Risk
FOODS_3_091_CA_1_validation,2016-04-04,6,7.003504628705287,14.0,0,2,14.007009257410575,14.0,True,False,Stockout Risk
FOODS_3_091_CA_1_validation,2016-04-11,7,7.056833474275204,13.0,0,2,14.113666948550408,13.0,True,False,Stockout Risk
FOODS_3_091_CA_1_validation,2016-04-18,7,6.510027819205122,13.0,0,2,13.020055638410245,13.0,True,False,Stockout Risk
FOODS_3_092_CA_1_validation,2016-03-14,10,15.503367962725278,20.0,0,2,31.006735925450556,20.0,True,False,Stockout Risk
FOODS_3_092_CA_1_validation,2016-03-21,16,14.119371525021023,26.0,0,2,28.238743050042046,26.0,True,False,Stockout Risk
FOODS_3_092_CA_1_validation,2016-03-28,20,15.991711546544147,31.0,0,2,31.983423093088295,31.0,True,False,Stockout Risk
FOODS_3_092_CA_1_validation,2016-04-04,18,16.094807913455053,32.0,0,2,32.18961582691011,32.0,True,False,Stockout Risk
FOODS_3_092_CA_1_validation,2016-04-11,9,16.964318490375064,32.0,0,2,33.92863698075013,32.0,True,False,Stockout Risk
FOODS_3_092_CA_1_validation,2016-04-18,15,13.390091982310963,31.0,0,2,26.780183964621926,31.0,False,False,Normal
FOODS_3_093_CA_1_validation,2016-03-14,9,9.562916222240933,18.0,0,2,19.125832444481865,18.0,True,False,Stockout Risk
FOODS_3_093_CA_1_validation,2016-03-21,6,9.216250573519618,15.0,0,2,18.432501147039236,15.0,True,False,Stockout Risk
FOODS_3_093_CA_1_validation,2016-03-28,12,8.630131209465118,18.0,0,2,17.260262418930235,18.0,False,False,Normal
FOODS_3_093_CA_1_validation,2016-04-04,12,10.312741740279012,20.0,0,2,20.625483480558024,20.0,True,False,Stockout Risk
FOODS_3_093_CA_1_validation,2016-04-11,10,9.697198103506183,20.0,0,2,19.394396207012367,20.0,False,False,Normal
FOODS_3_093_CA_1_validation,2016-04-18,11,9.513240909743786,22.0,0,2,19.02648181948757,22.0,False,False,Normal
FOODS_3_094_CA_1_validation,2016-03-14,4,5.435811706566648,8.0,0,2,10.871623413133296,8.0,True,False,Stockout Risk
FOODS_3_094_CA_1_validation,2016-03-21,7,5.167139083437937,11.0,0,2,10.334278166875874,11.0,False,False,Normal
FOODS_3_094_CA_1_validation,2016-03-28,4,5.6009798411755485,10.0,0,2,11.201959682351097,10.0,True,False,Stockout Risk
FOODS_3_094_CA_1_validation,2016-04-04,8,5.454679891035931,12.0,0,2,10.909359782071862,12.0,False,False,Normal
FOODS_3_094_CA_1_validation,2016-04-11,4,5.740851493782532,12.0,0,2,11.481702987565065,12.0,False,False,Normal
FOODS_3_094_CA_1_validation,2016-04-18,12,5.457405688486974,14.0,0,2,10.914811376973947,14.0,False,False,Normal
FOODS_3_095_CA_1_validation,2016-03-14,3,4.4699058638334845,6.0,0,2,8.939811727666969,6.0,True,False,Stockout Risk
FOODS_3_095_CA_1_validation,2016-03-21,0,3.9029694929177854,3.0,0,2,7.805938985835571,3.0,True,False,Stockout Risk
FOODS_3_095_CA_1_validation,2016-03-28,3,1.327515675551586,4.0,0,2,2.655031351103172,4.0,False,False,Normal
FOODS_3_095_CA_1_validation,2016-04-04,2,4.070933983331776,4.0,0,2,8.141867966663552,4.0,True,False,Stockout Risk
FOODS_3_095_CA_1_validation,2016-04-11,2,2.880439766383209,4.0,0,2,5.760879532766418,4.0,True,False,Stockout Risk
FOODS_3_095_CA_1_validation,2016-04-18,2,2.9479711895516107,4.0,0,2,5.8959423791032215,4.0,True,False,Stockout Risk
FOODS_3_096_CA_1_validation,2016-03-14,18,10.819036845426414,36.0,0,2,21.638073690852828,36.0,False,False,Normal
FOODS_3_096_CA_1_validation,2016-03-21,5,12.47773835705756,23.0,0,2,24.95547671411512,23.0,True,False,Stockout Risk
FOODS_3_096_CA_1_validation,2016-03-28,7,9.56441075320464,20.0,0,2,19.12882150640928,20.0,False,False,Normal
FOODS_3_096_CA_1_validation,2016-04-04,8,9.043369454808378,19.0,0,2,18.086738909616756,19.0,False,False,Normal
FOODS_3_096_CA_1_validation,2016-04-11,5,9.188320758450503,12.0,0,2,18.376641516901007,12.0,True,False,Stockout Risk
FOODS_3_096_CA_1_validation,2016-04-18,6,7.1713799529633295,13.0,0,2,14.342759905926659,13.0,True,False,Stockout Risk
FOODS_3_097_CA_1_validation,2016-03-14,53,59.03405423847524,106.0,0,2,118.06810847695048,106.0,True,False,Stockout Risk
FOODS_3_097_CA_1_validation,2016-03-21,52,55.78947873622946,105.0,0,2,111.57895747245892,105.0,True,False,Stockout Risk
FOODS_3_097_CA_1_validation,2016-03-28,62,55.51424626362648,111.0,0,2,111.02849252725296,111.0,True,False,Stockout Risk
FOODS_3_097_CA_1_validation,2016-04-04,50,65.32032806983382,108.0,0,2,130.64065613966764,108.0,True,False,Stockout Risk
FOODS_3_097_CA_1_validation,2016-04-11,56,53.31662878559273,110.0,0,2,106.63325757118545,110.0,False,False,Normal
FOODS_3_097_CA_1_validation,2016-04-18,73,56.607483475995245,120.0,0,2,113.21496695199049,120.0,False,False,Normal
FOODS_3_098_CA_1_validation,2016-03-14,10,9.72323215002669,20.0,0,2,19.44646430005338,20.0,False,False,Normal
FOODS_3_098_CA_1_validation,2016-03-21,9,9.402450027989278,19.0,0,2,18.804900055978557,19.0,False,False,Normal
FOODS_3_098_CA_1_validation,2016-03-28,7,9.72323215002669,17.0,0,2,19.44646430005338,17.0,True,False,Stockout Risk
FOODS_3_098_CA_1_validation,2016-04-04,11,8.942108998222404,18.0,0,2,17.884217996444807,18.0,False,False,Normal
FOODS_3_098_CA_1_validation,2016-04-11,15,9.363942094075693,21.0,0,2,18.727884188151386,21.0,False,False,Normal
FOODS_3_098_CA_1_validation,2016-04-18,8,10.659119599331618,20.0,0,2,21.318239198663235,20.0,True,False,Stockout Risk
FOODS_3_099_CA_1_validation,2016-03-14,126,117.95841990771429,252.0,0,2,235.91683981542857,252.0,False,False,Normal
FOODS_3_099_CA_1_validation,2016-03-21,103,122.90085892580932,229.0,0,2,245.80171785161863,229.0,True,False,Stockout Risk
FOODS_3_099_CA_1_validation,2016-03-28,106,96.31617621710431,223.0,0,2,192.63235243420863,223.0,False,False,Normal
FOODS_3_099_CA_1_validation,2016-04-04,96,110.42996242566312,216.0,0,2,220.85992485132624,216.0,True,False,Stockout Risk
FOODS_3_099_CA_1_validation,2016-04-11,104,101.36435851835104,204.0,0,2,202.72871703670208,204.0,False,False,Normal
FOODS_3_099_CA_1_validation,2016-04-18,98,101.95064994775645,202.0,0,2,203.9012998955129,202.0,True,False,Stockout Risk
FOODS_3_100_CA_1_validation,2016-03-14,11,0.967157905556561,22.0,0,2,1.934315811113122,22.0,False,False,Normal
FOODS_3_100_CA_1_validation,2016-03-21,0,10.782293766815828,11.0,0,2,21.564587533631656,11.0,True,False,Stockout Risk
FOODS_3_100_CA_1_validation,2016-03-28,0,2.290249908180735,7.0,0,2,4.58049981636147,7.0,False,False,Normal
FOODS_3_100_CA_1_validation,2016-04-04,5,1.7542178795236627,8.0,0,2,3.5084357590473254,8.0,False,False,Normal
FOODS_3_100_CA_1_validation,2016-04-11,3,4.459583684116693,4.0,0,2,8.919167368233387,4.0,True,False,Stockout Risk
FOODS_3_100_CA_1_validation,2016-04-18,4,3.998230961335503,6.0,0,2,7.996461922671006,6.0,True,False,Stockout Risk
FOODS_3_101_CA_1_validation,2016-03-14,12,14.353238434626554,24.0,0,2,28.70647686925311,24.0,True,False,Stockout Risk
FOODS_3_101_CA_1_validation,2016-03-21,19,13.870015839712469,31.0,0,2,27.740031679424938,31.0,False,False,Normal
FOODS_3_101_CA_1_validation,2016-03-28,11,15.500624622010903,28.0,0,2,31.001249244021807,28.0,True,False,Stockout Risk
FOODS_3_101_CA_1_validation,2016-04-04,15,14.030043220521076,28.0,0,2,28.060086441042152,28.0,True,False,Stockout Risk
FOODS_3_101_CA_1_validation,2016-04-11,8,14.127539259179626,26.0,0,2,28.25507851835925,26.0,True,False,Stockout Risk
FOODS_3_101_CA_1_validation,2016-04-18,9,11.986301019030142,22.0,0,2,23.972602038060284,22.0,True,False,Stockout Risk
FOODS_3_102_CA_1_validation,2016-03-14,9,3.478888545896152,18.0,0,2,6.957777091792304,18.0,False,False,Normal
FOODS_3_102_CA_1_validation,2016-03-21,1,6.204127090120178,10.0,0,2,12.408254180240355,10.0,True,False,Stockout Risk
FOODS_3_102_CA_1_validation,2016-03-28,8,3.2703525372355795,12.0,0,2,6.540705074471159,12.0,False,False,Normal
FOODS_3_102_CA_1_validation,2016-04-04,4,5.764300957066393,11.0,0,2,11.528601914132786,11.0,True,False,Stockout Risk
FOODS_3_102_CA_1_validation,2016-04-11,9,4.799301332657635,11.0,0,2,9.59860266531527,11.0,False,False,Normal
FOODS_3_102_CA_1_validation,2016-04-18,3,5.893476776039843,12.0,0,2,11.786953552079686,12.0,False,False,Normal
FOODS_3_103_CA_1_validation,2016-03-14,4,9.828134719520564,8.0,0,2,19.65626943904113,8.0,True,False,Stockout Risk
FOODS_3_103_CA_1_validation,2016-03-21,6,7.460824842736461,10.0,0,2,14.921649685472921,10.0,True,False,Stockout Risk
FOODS_3_103_CA_1_validation,2016-03-28,9,7.693589302334925,13.0,0,2,15.38717860466985,13.0,True,False,Stockout Risk
FOODS_3_103_CA_1_validation,2016-04-04,6,8.12542350910093,12.0,0,2,16.25084701820186,12.0,True,False,Stockout Risk
FOODS_3_103_CA_1_validation,2016-04-11,7,6.488163928631809,14.0,0,2,12.976327857263618,14.0,False,False,Normal
FOODS_3_103_CA_1_validation,2016-04-18,9,6.828852007649656,16.0,0,2,13.657704015299313,16.0,False,False,Normal
FOODS_3_104_CA_1_validation,2016-03-14,8,14.07851223613799,16.0,0,2,28.15702447227598,16.0,True,False,Stockout Risk
FOODS_3_104_CA_1_validation,2016-03-21,9,12.14404654253155,17.0,0,2,24.2880930850631,17.0,True,False,Stockout Risk
FOODS_3_104_CA_1_validation,2016-03-28,10,11.043011971072096,18.0,0,2,22.08602394214419,18.0,True,False,Stockout Risk
FOODS_3_104_CA_1_validation,2016-04-04,10,11.59700979890638,18.0,0,2,23.19401959781276,18.0,True,False,Stockout Risk
FOODS_3_104_CA_1_validation,2016-04-11,17,10.200896536739387,23.0,0,2,20.401793073478775,23.0,False,False,Normal
FOODS_3_104_CA_1_validation,2016-04-18,11,12.899178158043656,24.0,0,2,25.79835631608731,24.0,True,False,Stockout Risk
FOODS_3_105_CA_1_validation,2016-03-14,7,7.588555625232682,14.0,0,2,15.177111250465364,14.0,True,False,Stockout Risk
FOODS_3_105_CA_1_validation,2016-03-21,9,6.978492588149134,16.0,0,2,13.956985176298268,16.0,False,False,Normal
FOODS_3_105_CA_1_validation,2016-03-28,4,8.415874454208863,13.0,0,2,16.831748908417726,13.0,True,False,Stockout Risk
FOODS_3_105_CA_1_validation,2016-04-04,6,5.890937759075908,13.0,0,2,11.781875518151816,13.0,False,False,Normal
FOODS_3_105_CA_1_validation,2016-04-11,5,6.628706329815347,12.0,0,2,13.257412659630694,12.0,True,False,Stockout Risk
FOODS_3_105_CA_1_validation,2016-04-18,4,5.682965374602758,10.0,0,2,11.365930749205516,10.0,True,False,Stockout Risk
FOODS_3_106_CA_1_validation,2016-03-14,62,27.31752961733374,124.0,0,2,54.63505923466748,124.0,False,False,Normal
FOODS_3_106_CA_1_validation,2016-03-21,48,43.13793509050697,110.0,0,2,86.27587018101394,110.0,False,False,Normal
FOODS_3_106_CA_1_validation,2016-03-28,24,40.290215973657325,89.0,0,2,80.58043194731465,89.0,False,False,Normal
FOODS_3_106_CA_1_validation,2016-04-04,42,34.39953239148405,88.0,0,2,68.7990647829681,88.0,False,False,Normal
FOODS_3_106_CA_1_validation,2016-04-11,46,38.46072739356332,80.0,0,2,76.92145478712663,80.0,False,False,Normal
FOODS_3_106_CA_1_validation,2016-04-18,27,39.812607421300456,70.0,0,2,79.62521484260091,70.0,True,False,Stockout Risk
FOODS_3_107_CA_1_validation,2016-03-14,39,29.71019896905975,78.0,0,2,59.4203979381195,78.0,False,False,Normal
FOODS_3_107_CA_1_validation,2016-03-21,16,31.736539605890503,55.0,0,2,63.473079211781005,55.0,True,False,Stockout Risk
FOODS_3_107_CA_1_validation,2016-03-28,20,24.192941259846013,50.0,0,2,48.385882519692025,50.0,False,False,Normal
FOODS_3_107_CA_1_validation,2016-04-04,21,23.05286648501359,48.0,0,2,46.10573297002718,48.0,False,False,Normal
FOODS_3_107_CA_1_validation,2016-04-11,33,25.089675228873684,45.0,0,2,50.17935045774737,45.0,True,False,Stockout Risk
FOODS_3_107_CA_1_validation,2016-04-18,16,26.459795524304937,45.0,0,2,52.919591048609874,45.0,True,False,Stockout Risk
FOODS_3_108_CA_1_validation,2016-03-14,23,32.63974039574014,46.0,0,2,65.27948079148028,46.0,True,False,Stockout Risk
FOODS_3_108_CA_1_validation,2016-03-21,41,25.912578912344216,64.0,0,2,51.82515782468843,64.0,False,False,Normal
FOODS_3_108_CA_1_validation,2016-03-28,27,33.71543881288012,61.0,0,2,67.43087762576025,61.0,True,False,Stockout Risk
FOODS_3_108_CA_1_validation,2016-04-04,30,29.434477506180592,60.0,0,2,58.868955012361184,60.0,False,False,Normal
FOODS_3_108_CA_1_validation,2016-04-11,35,29.753732226754227,66.0,0,2,59.507464453508454,66.0,False,False,Normal
FOODS_3_108_CA_1_validation,2016-04-18,24,31.514992325620327,58.0,0,2,63.02998465124065,58.0,True,False,Stockout Risk
FOODS_3_109_CA_1_validation,2016-03-14,13,20.829744649441785,26.0,0,2,41.65948929888357,26.0,True,False,Stockout Risk
FOODS_3_109_CA_1_validation,2016-03-21,15,16.740858090457483,28.0,0,2,33.481716180914965,28.0,True,False,Stockout Risk
FOODS_3_109_CA_1_validation,2016-03-28,11,16.620117629941635,26.0,0,2,33.24023525988327,26.0,True,False,Stockout Risk
FOODS_3_109_CA_1_validation,2016-04-04,24,14.277621899863489,32.0,0,2,28.555243799726977,32.0,False,False,Normal
FOODS_3_109_CA_1_validation,2016-04-11,17,18.98307560911712,34.0,0,2,37.96615121823424,34.0,True,False,Stockout Risk
FOODS_3_109_CA_1_validation,2016-04-18,16,16.951861793907568,34.0,0,2,33.903723587815136,34.0,False,False,Normal
FOODS_3_110_CA_1_validation,2016-03-14,3,5.5128301208822,6.0,0,2,11.0256602417644,6.0,True,False,Stockout Risk
FOODS_3_110_CA_1_validation,2016-03-21,3,4.755963634717737,6.0,0,2,9.511927269435475,6.0,True,False,Stockout Risk
FOODS_3_110_CA_1_validation,2016-03-28,4,4.56361575902268,7.0,0,2,9.12723151804536,7.0,True,False,Stockout Risk
FOODS_3_110_CA_1_validation,2016-04-04,4,5.13982161551224,7.0,0,2,10.27964323102448,7.0,True,False,Stockout Risk
FOODS_3_110_CA_1_validation,2016-04-11,8,4.590987792587483,10.0,0,2,9.181975585174966,10.0,False,False,Normal
FOODS_3_110_CA_1_validation,2016-04-18,7,5.6078836890447805,12.0,0,2,11.215767378089561,12.0,False,False,Normal
FOODS_3_111_CA_1_validation,2016-03-14,0,0.3651618097588788,0.0,0,2,0.7303236195177576,0.0,True,False,Stockout Risk
FOODS_3_111_CA_1_validation,2016-03-21,0,0.3651618097588788,0.0,0,2,0.7303236195177576,0.0,True,False,Stockout Risk
FOODS_3_111_CA_1_validation,2016-03-28,0,0.3651618097588788,0.0,0,2,0.7303236195177576,0.0,True,False,Stockout Risk
FOODS_3_111_CA_1_validation,2016-04-04,0,0.5470073055823366,0.0,0,2,1.0940146111646731,0.0,True,False,Stockout Risk
FOODS_3_111_CA_1_validation,2016-04-11,0,0.3006084123614305,0.0,0,2,0.601216824722861,0.0,True,False,Stockout Risk
FOODS_3_111_CA_1_validation,2016-04-18,4,0.3006084123614305,2.0,0,2,0.601216824722861,2.0,False,False,Normal
FOODS_3_112_CA_1_validation,2016-03-14,23,14.972578977627997,46.0,0,2,29.945157955255993,46.0,False,False,Normal
FOODS_3_112_CA_1_validation,2016-03-21,16,18.631711147965618,39.0,0,2,37.263422295931235,39.0,False,False,Normal
FOODS_3_112_CA_1_validation,2016-03-28,11,18.292213160978104,33.0,0,2,36.58442632195621,33.0,True,False,Stockout Risk
FOODS_3_112_CA_1_validation,2016-04-04,18,14.569147875030932,34.0,0,2,29.138295750061864,34.0,False,False,Normal
FOODS_3_112_CA_1_validation,2016-04-11,26,16.384406955189114,36.0,0,2,32.76881391037823,36.0,False,False,Normal
FOODS_3_112_CA_1_validation,2016-04-18,16,20.19732272585068,36.0,0,2,40.39464545170136,36.0,True,False,Stockout Risk
FOODS_3_113_CA_1_validation,2016-03-14,33,30.9317141864424,66.0,0,2,61.8634283728848,66.0,False,False,Normal
FOODS_3_113_CA_1_validation,2016-03-21,12,31.629844033188878,45.0,0,2,63.259688066377755,45.0,True,False,Stockout Risk
FOODS_3_113_CA_1_validation,2016-03-28,18,22.910395763960253,42.0,0,2,45.820791527920505,42.0,True,False,Stockout Risk
FOODS_3_113_CA_1_validation,2016-04-04,41,22.751386020336408,52.0,0,2,45.502772040672816,52.0,False,False,Normal
FOODS_3_113_CA_1_validation,2016-04-11,29,31.488816048330477,50.0,0,2,62.977632096660955,50.0,True,False,Stockout Risk
FOODS_3_113_CA_1_validation,2016-04-18,40,26.55891835764541,64.0,0,2,53.11783671529082,64.0,False,False,Normal
FOODS_3_114_CA_1_validation,2016-03-14,9,0.3651618097588788,18.0,0,2,0.7303236195177576,18.0,False,False,Normal
FOODS_3_114_CA_1_validation,2016-03-21,14,8.791866256798492,23.0,0,2,17.583732513596985,23.0,False,False,Normal
FOODS_3_114_CA_1_validation,2016-03-28,16,12.015224351132176,26.0,0,2,24.03044870226435,26.0,False,False,Normal
FOODS_3_114_CA_1_validation,2016-04-04,20,14.375057336950666,30.0,0,2,28.750114673901333,30.0,False,False,Normal
FOODS_3_114_CA_1_validation,2016-04-11,27,15.424160780931995,38.0,0,2,30.84832156186399,38.0,False,False,Normal
FOODS_3_114_CA_1_validation,2016-04-18,18,20.311724680898408,40.0,0,2,40.623449361796816,40.0,True,False,Stockout Risk
FOODS_3_115_CA_1_validation,2016-03-14,16,9.204749244173152,32.0,0,2,18.409498488346305,32.0,False,False,Normal
FOODS_3_115_CA_1_validation,2016-03-21,5,11.086036807129098,21.0,0,2,22.172073614258196,21.0,True,False,Stockout Risk
FOODS_3_115_CA_1_validation,2016-03-28,9,8.801353819026106,20.0,0,2,17.602707638052213,20.0,False,False,Normal
FOODS_3_115_CA_1_validation,2016-04-04,8,9.090073171046033,19.0,0,2,18.180146342092065,19.0,False,False,Normal
FOODS_3_115_CA_1_validation,2016-04-11,14,9.08299772288676,18.0,0,2,18.16599544577352,18.0,True,False,Stockout Risk
FOODS_3_115_CA_1_validation,2016-04-18,11,10.30493885030467,21.0,0,2,20.60987770060934,21.0,False,False,Normal
FOODS_3_116_CA_1_validation,2016-03-14,25,24.319954443391637,50.0,0,2,48.639908886783275,50.0,False,False,Normal
FOODS_3_116_CA_1_validation,2016-03-21,20,24.040030656207616,45.0,0,2,48.08006131241523,45.0,True,False,Stockout Risk
FOODS_3_116_CA_1_validation,2016-03-28,19,23.46199872273893,43.0,0,2,46.92399744547786,43.0,True,False,Stockout Risk
FOODS_3_116_CA_1_validation,2016-04-04,38,22.493055043390783,51.0,0,2,44.986110086781565,51.0,False,False,Normal
FOODS_3_116_CA_1_validation,2016-04-11,17,29.46703667506302,47.0,0,2,58.93407335012604,47.0,True,False,Stockout Risk
FOODS_3_116_CA_1_validation,2016-04-18,24,22.196123108953525,49.0,0,2,44.39224621790705,49.0,False,False,Normal
FOODS_3_117_CA_1_validation,2016-03-14,19,13.58822436177318,38.0,0,2,27.17644872354636,38.0,False,False,Normal
FOODS_3_117_CA_1_validation,2016-03-21,13,15.69272284957474,32.0,0,2,31.38544569914948,32.0,False,False,Normal
FOODS_3_117_CA_1_validation,2016-03-28,11,13.993523032930009,29.0,0,2,27.987046065860017,29.0,False,False,Normal
FOODS_3_117_CA_1_validation,2016-04-04,3,13.163478217103464,23.0,0,2,26.326956434206927,23.0,True,False,Stockout Risk
FOODS_3_117_CA_1_validation,2016-04-11,2,8.982377547702647,14.0,0,2,17.964755095405295,14.0,True,False,Stockout Risk
FOODS_3_117_CA_1_validation,2016-04-18,11,6.37852031160593,14.0,0,2,12.75704062321186,14.0,False,False,Normal
FOODS_3_118_CA_1_validation,2016-03-14,12,12.179072522045123,24.0,0,2,24.358145044090247,24.0,True,False,Stockout Risk
FOODS_3_118_CA_1_validation,2016-03-21,17,12.075299554242225,29.0,0,2,24.15059910848445,29.0,False,False,Normal
FOODS_3_118_CA_1_validation,2016-03-28,11,14.152987505514751,27.0,0,2,28.305975011029503,27.0,True,False,Stockout Risk
FOODS_3_118_CA_1_validation,2016-04-04,24,12.676665574093503,32.0,0,2,25.353331148187007,32.0,False,False,Normal
FOODS_3_118_CA_1_validation,2016-04-11,17,16.24075251397362,34.0,0,2,32.48150502794724,34.0,False,False,Normal
FOODS_3_118_CA_1_validation,2016-04-18,16,15.595326879051775,34.0,0,2,31.19065375810355,34.0,False,False,Normal
FOODS_3_119_CA_1_validation,2016-03-14,11,7.112126961427523,22.0,0,2,14.224253922855047,22.0,False,False,Normal
FOODS_3_119_CA_1_validation,2016-03-21,10,8.617636296951442,21.0,0,2,17.235272593902884,21.0,False,False,Normal
FOODS_3_119_CA_1_validation,2016-03-28,10,9.20030919421497,21.0,0,2,18.40061838842994,21.0,False,False,Normal
FOODS_3_119_CA_1_validation,2016-04-04,6,8.842292902078869,18.0,0,2,17.684585804157738,18.0,False,False,Normal
FOODS_3_119_CA_1_validation,2016-04-11,9,8.264084648711894,18.0,0,2,16.528169297423787,18.0,False,False,Normal
FOODS_3_119_CA_1_validation,2016-04-18,3,8.508968621799031,14.0,0,2,17.017937243598062,14.0,True,False,Stockout Risk
FOODS_3_120_CA_1_validation,2016-03-14,352,115.616611000101,704.0,0,2,231.233222000202,704.0,False,False,Normal
FOODS_3_120_CA_1_validation,2016-03-21,280,278.1970739153159,632.0,0,2,556.3941478306318,632.0,False,False,Normal
FOODS_3_120_CA_1_validation,2016-03-28,425,362.34634385141175,705.0,0,2,724.6926877028235,705.0,True,False,Stockout Risk
FOODS_3_120_CA_1_validation,2016-04-04,137,380.7111254671188,597.0,0,2,761.4222509342376,597.0,True,False,Stockout Risk
FOODS_3_120_CA_1_validation,2016-04-11,208,169.76413537184428,525.0,0,2,339.52827074368855,525.0,False,False,Normal
FOODS_3_120_CA_1_validation,2016-04-18,301,204.2230042367392,536.0,0,2,408.4460084734784,536.0,False,False,Normal
FOODS_3_121_CA_1_validation,2016-03-14,26,19.25468853031828,52.0,0,2,38.50937706063656,52.0,False,False,Normal
FOODS_3_121_CA_1_validation,2016-03-21,19,21.936486422496177,45.0,0,2,43.872972844992354,45.0,False,False,Normal
FOODS_3_121_CA_1_validation,2016-03-28,24,20.72818371474835,46.0,0,2,41.4563674294967,46.0,False,False,Normal
FOODS_3_121_CA_1_validation,2016-04-04,19,21.93671408415958,44.0,0,2,43.87342816831916,44.0,False,False,Normal
FOODS_3_121_CA_1_validation,2016-04-11,12,21.050338507403417,37.0,0,2,42.100677014806834,37.0,True,False,Stockout Risk
FOODS_3_121_CA_1_validation,2016-04-18,20,17.525242026828092,38.0,0,2,35.050484053656184,38.0,False,False,Normal
FOODS_3_122_CA_1_validation,2016-03-14,6,3.902821385360497,12.0,0,2,7.805642770720994,12.0,False,False,Normal
FOODS_3_122_CA_1_validation,2016-03-21,1,4.564761904089594,7.0,0,2,9.129523808179188,7.0,True,False,Stockout Risk
FOODS_3_122_CA_1_validation,2016-03-28,1,2.86070795407654,5.0,0,2,5.72141590815308,5.0,True,False,Stockout Risk
FOODS_3_122_CA_1_validation,2016-04-04,5,2.877927207047094,6.0,0,2,5.755854414094188,6.0,False,False,Normal
FOODS_3_122_CA_1_validation,2016-04-11,4,3.891943666332853,6.0,0,2,7.783887332665706,6.0,True,False,Stockout Risk
FOODS_3_122_CA_1_validation,2016-04-18,2,3.7507613995341074,6.0,0,2,7.501522799068215,6.0,True,False,Stockout Risk
FOODS_3_123_CA_1_validation,2016-03-14,0,0.3651618097588788,0.0,0,2,0.7303236195177576,0.0,True,False,Stockout Risk
FOODS_3_123_CA_1_validation,2016-03-21,0,0.3651618097588788,0.0,0,2,0.7303236195177576,0.0,True,False,Stockout Risk
FOODS_3_123_CA_1_validation,2016-03-28,10,0.3651618097588788,7.0,0,2,0.7303236195177576,7.0,False,False,Normal
FOODS_3_123_CA_1_validation,2016-04-04,3,9.537664482545216,6.0,0,2,19.07532896509043,6.0,True,False,Stockout Risk
FOODS_3_123_CA_1_validation,2016-04-11,9,5.075756037914758,11.0,0,2,10.151512075829515,11.0,False,False,Normal
FOODS_3_123_CA_1_validation,2016-04-18,11,6.6766704830783885,16.0,0,2,13.353340966156777,16.0,False,False,Normal
FOODS_3_124_CA_1_validation,2016-03-14,25,32.9948662384349,50.0,0,2,65.9897324768698,50.0,True,False,Stockout Risk
FOODS_3_124_CA_1_validation,2016-03-21,21,29.983040313928157,46.0,0,2,59.966080627856314,46.0,True,False,Stockout Risk
FOODS_3_124_CA_1_validation,2016-03-28,23,26.865140736795507,46.0,0,2,53.73028147359101,46.0,True,False,Stockout Risk
FOODS_3_124_CA_1_validation,2016-04-04,56,27.332586715612837,62.0,0,2,54.665173431225675,62.0,False,False,Normal
FOODS_3_124_CA_1_validation,2016-04-11,42,42.35895723821314,71.0,0,2,84.71791447642627,71.0,True,False,Stockout Risk
FOODS_3_124_CA_1_validation,2016-04-18,48,36.74659388754788,84.0,0,2,73.49318777509576,84.0,False,False,Normal
FOODS_3_125_CA_1_validation,2016-03-14,6,7.167936943378277,12.0,0,2,14.335873886756554,12.0,True,False,Stockout Risk
FOODS_3_125_CA_1_validation,2016-03-21,0,6.539488105349669,6.0,0,2,13.078976210699338,6.0,True,False,Stockout Risk
FOODS_3_125_CA_1_validation,2016-03-28,0,3.223371395922988,4.0,0,2,6.446742791845976,4.0,True,False,Stockout Risk
FOODS_3_125_CA_1_validation,2016-04-04,0,2.0974046126366512,3.0,0,2,4.1948092252733025,3.0,True,False,Stockout Risk
FOODS_3_125_CA_1_validation,2016-04-11,0,1.4370528010749015,0.0,0,2,2.874105602149803,0.0,True,False,Stockout Risk
FOODS_3_125_CA_1_validation,2016-04-18,18,0.7341288500083317,9.0,0,2,1.4682577000166634,9.0,False,False,Normal
FOODS_3_126_CA_1_validation,2016-03-14,5,6.734434708431985,10.0,0,2,13.46886941686397,10.0,True,False,Stockout Risk
FOODS_3_126_CA_1_validation,2016-03-21,6,6.031422486593882,11.0,0,2,12.062844973187763,11.0,True,False,Stockout Risk
FOODS_3_126_CA_1_validation,2016-03-28,8,6.158551137433932,13.0,0,2,12.317102274867864,13.0,False,False,Normal
FOODS_3_126_CA_1_validation,2016-04-04,12,7.758632662116556,16.0,0,2,15.517265324233112,16.0,False,False,Normal
FOODS_3_126_CA_1_validation,2016-04-11,10,8.603932732483196,18.0,0,2,17.207865464966392,18.0,False,False,Normal
FOODS_3_126_CA_1_validation,2016-04-18,7,8.44330323305153,18.0,0,2,16.88660646610306,18.0,False,False,Normal
FOODS_3_127_CA_1_validation,2016-03-14,41,25.84503258325452,82.0,0,2,51.69006516650904,82.0,False,False,Normal
FOODS_3_127_CA_1_validation,2016-03-21,54,31.834396201266653,95.0,0,2,63.668792402533306,95.0,False,False,Normal
FOODS_3_127_CA_1_validation,2016-03-28,34,40.701052848145125,86.0,0,2,81.40210569629025,86.0,False,False,Normal
FOODS_3_127_CA_1_validation,2016-04-04,35,34.90393845020569,82.0,0,2,69.80787690041139,82.0,False,False,Normal
FOODS_3_127_CA_1_validation,2016-04-11,39,33.53307857202695,81.0,0,2,67.0661571440539,81.0,False,False,Normal
FOODS_3_127_CA_1_validation,2016-04-18,25,35.82199348601697,66.0,0,2,71.64398697203394,66.0,True,False,Stockout Risk
FOODS_3_128_CA_1_validation,2016-03-14,0,0.3651618097588788,0.0,0,2,0.7303236195177576,0.0,True,False,Stockout Risk
FOODS_3_128_CA_1_validation,2016-03-21,0,0.3651618097588788,0.0,0,2,0.7303236195177576,0.0,True,False,Stockout Risk
FOODS_3_128_CA_1_validation,2016-03-28,0,0.3651618097588788,0.0,0,2,0.7303236195177576,0.0,True,False,Stockout Risk
FOODS_3_128_CA_1_validation,2016-04-04,6,0.5470073055823366,3.0,0,2,1.0940146111646731,3.0,False,False,Normal
FOODS_3_128_CA_1_validation,2016-04-11,2,6.0818714891889805,4.0,0,2,12.163742978377961,4.0,True,False,Stockout Risk
FOODS_3_128_CA_1_validation,2016-04-18,9,3.687190932288917,8.0,0,2,7.374381864577834,8.0,False,False,Normal
FOODS_3_129_CA_1_validation,2016-03-14,7,7.360999680924784,14.0,0,2,14.721999361849567,14.0,True,False,Stockout Risk
FOODS_3_129_CA_1_validation,2016-03-21,5,6.618040633466713,12.0,0,2,13.236081266933425,12.0,True,False,Stockout Risk
FOODS_3_129_CA_1_validation,2016-03-28,4,6.8548667594232695,11.0,0,2,13.709733518846539,11.0,True,False,Stockout Risk
FOODS_3_129_CA_1_validation,2016-04-04,10,5.603236605495094,13.0,0,2,11.206473210990188,13.0,False,False,Normal
FOODS_3_129_CA_1_validation,2016-04-11,5,7.308172508447535,12.0,0,2,14.61634501689507,12.0,True,False,Stockout Risk
FOODS_3_129_CA_1_validation,2016-04-18,7,5.917116093148494,13.0,0,2,11.834232186296989,13.0,False,False,Normal
FOODS_3_130_CA_1_validation,2016-03-14,8,0.3651618097588788,16.0,0,2,0.7303236195177576,16.0,False,False,Normal
FOODS_3_130_CA_1_validation,2016-03-21,15,8.350423315338851,23.0,0,2,16.700846630677702,23.0,False,False,Normal
FOODS_3_130_CA_1_validation,2016-03-28,10,12.3259809026768,22.0,0,2,24.6519618053536,22.0,True,False,Stockout Risk
FOODS_3_130_CA_1_validation,2016-04-04,14,10.520587794343664,24.0,0,2,21.041175588687327,24.0,False,False,Normal
FOODS_3_130_CA_1_validation,2016-04-11,17,10.865944372947808,28.0,0,2,21.731888745895617,28.0,False,False,Normal
FOODS_3_130_CA_1_validation,2016-04-18,24,13.13576695552791,32.0,0,2,26.27153391105582,32.0,False,False,Normal
FOODS_3_131_CA_1_validation,2016-03-14,8,14.423010910862498,16.0,0,2,28.846021821724996,16.0,True,False,Stockout Risk
FOODS_3_131_CA_1_validation,2016-03-21,13,12.947300284924689,21.0,0,2,25.894600569849377,21.0,True,False,Stockout Risk
FOODS_3_131_CA_1_validation,2016-03-28,17,13.32964651706181,25.0,0,2,26.65929303412362,25.0,True,False,Stockout Risk
FOODS_3_131_CA_1_validation,2016-04-04,21,13.764448362368332,30.0,0,2,27.528896724736665,30.0,False,False,Normal
FOODS_3_131_CA_1_validation,2016-04-11,19,15.808237671150518,35.0,0,2,31.616475342301037,35.0,False,False,Normal
FOODS_3_131_CA_1_validation,2016-04-18,16,16.28260466107435,36.0,0,2,32.5652093221487,36.0,False,False,Normal
FOODS_3_132_CA_1_validation,2016-03-14,11,9.893868037674997,22.0,0,2,19.787736075349994,22.0,False,False,Normal
FOODS_3_132_CA_1_validation,2016-03-21,11,10.051456975401296,22.0,0,2,20.10291395080259,22.0,False,False,Normal
FOODS_3_132_CA_1_validation,2016-03-28,8,10.42923248691724,20.0,0,2,20.85846497383448,20.0,True,False,Stockout Risk
FOODS_3_132_CA_1_validation,2016-04-04,11,9.948967680894558,20.0,0,2,19.897935361789116,20.0,False,False,Normal
FOODS_3_132_CA_1_validation,2016-04-11,8,10.208997562659796,19.0,0,2,20.417995125319592,19.0,True,False,Stockout Risk
FOODS_3_132_CA_1_validation,2016-04-18,8,9.129860219065447,18.0,0,2,18.259720438130895,18.0,True,False,Stockout Risk
FOODS_3_133_CA_1_validation,2016-03-14,42,53.48953984340777,84.0,0,2,106.97907968681554,84.0,True,False,Stockout Risk
FOODS_3_133_CA_1_validation,2016-03-21,44,47.04508454947735,86.0,0,2,94.0901690989547,86.0,True,False,Stockout Risk
FOODS_3_133_CA_1_validation,2016-03-28,59,49.06458104085844,97.0,0,2,98.12916208171688,97.0,True,False,Stockout Risk
FOODS_3_133_CA_1_validation,2016-04-04,63,55.98776902569357,104.0,0,2,111.97553805138713,104.0,True,False,Stockout Risk
FOODS_3_133_CA_1_validation,2016-04-11,40,55.11232381101994,103.0,0,2,110.22464762203988,103.0,True,False,Stockout Risk
FOODS_3_133_CA_1_validation,2016-04-18,58,46.39781667109713,110.0,0,2,92.79563334219426,110.0,False,False,Normal
FOODS_3_134_CA_1_validation,2016-03-14,22,23.030891271470196,44.0,0,2,46.06178254294039,44.0,True,False,Stockout Risk
FOODS_3_134_CA_1_validation,2016-03-21,19,21.620255839714847,41.0,0,2,43.240511679429694,41.0,True,False,Stockout Risk
FOODS_3_134_CA_1_validation,2016-03-28,19,20.55829501347008,40.0,0,2,41.11659002694016,40.0,True,False,Stockout Risk
FOODS_3_134_CA_1_validation,2016-04-04,24,21.984543225827327,42.0,0,2,43.969086451654654,42.0,True,False,Stockout Risk
FOODS_3_134_CA_1_validation,2016-04-11,19,21.12514626791785,40.0,0,2,42.2502925358357,40.0,True,False,Stockout Risk
FOODS_3_134_CA_1_validation,2016-04-18,22,19.77054182774597,42.0,0,2,39.54108365549194,42.0,False,False,Normal
FOODS_3_135_CA_1_validation,2016-03-14,53,43.57266677666495,106.0,0,2,87.1453335533299,106.0,False,False,Normal
FOODS_3_135_CA_1_validation,2016-03-21,52,44.88367841242616,105.0,0,2,89.76735682485231,105.0,False,False,Normal
FOODS_3_135_CA_1_validation,2016-03-28,38,47.829780258960845,95.0,0,2,95.65956051792169,95.0,True,False,Stockout Risk
FOODS_3_135_CA_1_validation,2016-04-04,31,45.313288394753805,87.0,0,2,90.62657678950761,87.0,True,False,Stockout Risk
FOODS_3_135_CA_1_validation,2016-04-11,32,38.05016963415859,76.0,0,2,76.10033926831719,76.0,True,False,Stockout Risk
FOODS_3_135_CA_1_validation,2016-04-18,44,36.55230580375622,72.0,0,2,73.10461160751244,72.0,True,False,Stockout Risk
FOODS_3_136_CA_1_validation,2016-03-14,30,30.041623645343208,60.0,0,2,60.083247290686415,60.0,True,False,Stockout Risk
FOODS_3_136_CA_1_validation,2016-03-21,44,31.25800735976962,74.0,0,2,62.51601471953924,74.0,False,False,Normal
FOODS_3_136_CA_1_validation,2016-03-28,29,37.78853723912903,69.0,0,2,75.57707447825806,69.0,True,False,Stockout Risk
FOODS_3_136_CA_1_validation,2016-04-04,26,32.590178545217675,64.0,0,2,65.18035709043535,64.0,True,False,Stockout Risk
FOODS_3_136_CA_1_validation,2016-04-11,31,30.943095565533213,65.0,0,2,61.886191131066425,65.0,False,False,Normal
FOODS_3_136_CA_1_validation,2016-04-18,30,30.60540243624609,58.0,0,2,61.21080487249218,58.0,True,False,Stockout Risk
FOODS_3_137_CA_1_validation,2016-03-14,6,5.032999236439708,12.0,0,2,10.065998472879416,12.0,False,False,Normal
FOODS_3_137_CA_1_validation,2016-03-21,4,5.419032940767809,10.0,0,2,10.838065881535618,10.0,True,False,Stockout Risk
FOODS_3_137_CA_1_validation,2016-03-28,3,5.0667235166605655,9.0,0,2,10.133447033321131,9.0,True,False,Stockout Risk
FOODS_3_137_CA_1_validation,2016-04-04,8,4.8719515636456565,10.0,0,2,9.743903127291313,10.0,False,False,Normal
FOODS_3_137_CA_1_validation,2016-04-11,5,5.556740705066805,10.0,0,2,11.11348141013361,10.0,True,False,Stockout Risk
FOODS_3_137_CA_1_validation,2016-04-18,2,5.324227853744846,9.0,0,2,10.648455707489692,9.0,True,False,Stockout Risk
FOODS_3_138_CA_1_validation,2016-03-14,12,14.819189790388617,24.0,0,2,29.638379580777233,24.0,True,False,Stockout Risk
FOODS_3_138_CA_1_validation,2016-03-21,16,14.433666594933616,28.0,0,2,28.86733318986723,28.0,True,False,Stockout Risk
FOODS_3_138_CA_1_validation,2016-03-28,4,16.32301214659731,21.0,0,2,32.64602429319462,21.0,True,False,Stockout Risk
FOODS_3_138_CA_1_validation,2016-04-04,10,9.981960500181067,21.0,0,2,19.963921000362134,21.0,False,False,Normal
FOODS_3_138_CA_1_validation,2016-04-11,14,10.913884557399996,22.0,0,2,21.82776911479999,22.0,False,False,Normal
FOODS_3_138_CA_1_validation,2016-04-18,15,11.565306022020398,22.0,0,2,23.130612044040795,22.0,True,False,Stockout Risk
FOODS_3_139_CA_1_validation,2016-03-14,34,25.49228582180767,68.0,0,2,50.98457164361534,68.0,False,False,Normal
FOODS_3_139_CA_1_validation,2016-03-21,30,27.49977989209644,64.0,0,2,54.99955978419288,64.0,False,False,Normal
FOODS_3_139_CA_1_validation,2016-03-28,27,29.04305514529949,61.0,0,2,58.08611029059898,61.0,False,False,Normal
FOODS_3_139_CA_1_validation,2016-04-04,30,28.418557331243512,60.0,0,2,56.837114662487025,60.0,False,False,Normal
FOODS_3_139_CA_1_validation,2016-04-11,20,27.420654023810037,54.0,0,2,54.841308047620075,54.0,True,False,Stockout Risk
FOODS_3_139_CA_1_validation,2016-04-18,19,23.69152565341518,48.0,0,2,47.38305130683036,48.0,False,False,Normal
FOODS_3_140_CA_1_validation,2016-03-14,19,13.384900245961608,38.0,0,2,26.769800491923217,38.0,False,False,Normal
FOODS_3_140_CA_1_validation,2016-03-21,19,14.904004576272076,38.0,0,2,29.80800915254415,38.0,False,False,Normal
FOODS_3_140_CA_1_validation,2016-03-28,16,15.647492109119783,36.0,0,2,31.294984218239566,36.0,False,False,Normal
FOODS_3_140_CA_1_validation,2016-04-04,15,15.9916016487334,34.0,0,2,31.9832032974668,34.0,False,False,Normal
FOODS_3_140_CA_1_validation,2016-04-11,15,15.260137790100758,32.0,0,2,30.520275580201517,32.0,False,False,Normal
FOODS_3_140_CA_1_validation,2016-04-18,15,15.100266496670248,30.0,0,2,30.200532993340495,30.0,True,False,Stockout Risk
FOODS_3_141_CA_1_validation,2016-03-14,3,5.435811706566648,6.0,0,2,10.871623413133296,6.0,True,False,Stockout Risk
FOODS_3_141_CA_1_validation,2016-03-21,2,4.755963634717737,5.0,0,2,9.511927269435475,5.0,True,False,Stockout Risk
FOODS_3_141_CA_1_validation,2016-03-28,8,4.524526958496181,9.0,0,2,9.049053916992362,9.0,True,False,Stockout Risk
FOODS_3_141_CA_1_validation,2016-04-04,5,5.62189066438569,9.0,0,2,11.24378132877138,9.0,True,False,Stockout Risk
FOODS_3_141_CA_1_validation,2016-04-11,0,5.324227853744846,8.0,0,2,10.648455707489692,8.0,True,False,Stockout Risk
FOODS_3_141_CA_1_validation,2016-04-18,4,1.7592349691863145,8.0,0,2,3.518469938372629,8.0,False,False,Normal
FOODS_3_142_CA_1_validation,2016-03-14,17,8.839480666003816,34.0,0,2,17.67896133200763,34.0,False,False,Normal
FOODS_3_142_CA_1_validation,2016-03-21,10,11.077123322971296,27.0,0,2,22.154246645942592,27.0,False,False,Normal
FOODS_3_142_CA_1_validation,2016-03-28,15,10.273429986745969,28.0,0,2,20.546859973491937,28.0,False,False,Normal
FOODS_3_142_CA_1_validation,2016-04-04,21,12.452714813191593,32.0,0,2,24.905429626383185,32.0,False,False,Normal
FOODS_3_142_CA_1_validation,2016-04-11,18,15.156392616767617,32.0,0,2,30.312785233535234,32.0,False,False,Normal
FOODS_3_142_CA_1_validation,2016-04-18,30,14.825652062489834,42.0,0,2,29.651304124979667,42.0,False,False,Normal
FOODS_3_143_CA_1_validation,2016-03-14,5,4.821423685858815,10.0,0,2,9.64284737171763,10.0,False,False,Normal
FOODS_3_143_CA_1_validation,2016-03-21,7,4.5108808237325135,12.0,0,2,9.021761647465027,12.0,False,False,Normal
FOODS_3_143_CA_1_validation,2016-03-28,7,5.219684101162055,13.0,0,2,10.43936820232411,13.0,False,False,Normal
FOODS_3_143_CA_1_validation,2016-04-04,7,6.106558193961106,13.0,0,2,12.213116387922213,13.0,False,False,Normal
FOODS_3_143_CA_1_validation,2016-04-11,7,6.669753939714362,14.0,0,2,13.339507879428725,14.0,False,False,Normal
FOODS_3_143_CA_1_validation,2016-04-18,3,6.501410270251852,12.0,0,2,13.002820540503704,12.0,True,False,Stockout Risk
FOODS_3_144_CA_1_validation,2016-03-14,3,14.0246026760833,6.0,0,2,28.0492053521666,6.0,True,False,Stockout Risk
FOODS_3_144_CA_1_validation,2016-03-21,7,9.381364544382444,10.0,0,2,18.76272908876489,10.0,True,False,Stockout Risk
FOODS_3_144_CA_1_validation,2016-03-28,13,9.449917762208534,15.0,0,2,18.899835524417067,15.0,True,False,Stockout Risk
FOODS_3_144_CA_1_validation,2016-04-04,13,11.256751374875217,18.0,0,2,22.513502749750433,18.0,True,False,Stockout Risk
FOODS_3_144_CA_1_validation,2016-04-11,7,10.985281326369206,20.0,0,2,21.970562652738412,20.0,True,False,Stockout Risk
FOODS_3_144_CA_1_validation,2016-04-18,5,10.053586021528169,19.0,0,2,20.107172043056337,19.0,True,False,Stockout Risk
FOODS_3_145_CA_1_validation,2016-03-14,3,3.600584722814672,6.0,0,2,7.201169445629344,6.0,True,False,Stockout Risk
FOODS_3_145_CA_1_validation,2016-03-21,2,3.641923821383664,5.0,0,2,7.283847642767328,5.0,True,False,Stockout Risk
FOODS_3_145_CA_1_validation,2016-03-28,0,3.0125245869490587,3.0,0,2,6.025049173898117,3.0,True,False,Stockout Risk
FOODS_3_145_CA_1_validation,2016-04-04,3,1.2256955570409458,4.0,0,2,2.4513911140818916,4.0,False,False,Normal
FOODS_3_145_CA_1_validation,2016-04-11,2,3.2523657110831268,4.0,0,2,6.5047314221662536,4.0,True,False,Stockout Risk
FOODS_3_145_CA_1_validation,2016-04-18,2,2.791616801069825,4.0,0,2,5.58323360213965,4.0,True,False,Stockout Risk
FOODS_3_146_CA_1_validation,2016-03-14,3,5.813132078815682,6.0,0,2,11.626264157631365,6.0,True,False,Stockout Risk
FOODS_3_146_CA_1_validation,2016-03-21,8,4.643231921664321,11.0,0,2,9.286463843328642,11.0,False,False,Normal
FOODS_3_146_CA_1_validation,2016-03-28,7,6.121308267115244,12.0,0,2,12.242616534230487,12.0,True,False,Stockout Risk
FOODS_3_146_CA_1_validation,2016-04-04,11,6.279725526664482,14.0,0,2,12.559451053328964,14.0,False,False,Normal
FOODS_3_146_CA_1_validation,2016-04-11,12,7.805464735530686,19.0,0,2,15.610929471061372,19.0,False,False,Normal
FOODS_3_146_CA_1_validation,2016-04-18,16,9.136496641782069,23.0,0,2,18.272993283564137,23.0,False,False,Normal
FOODS_3_147_CA_1_validation,2016-03-14,40,30.116493558321142,80.0,0,2,60.232987116642285,80.0,False,False,Normal
FOODS_3_147_CA_1_validation,2016-03-21,28,37.26615382487791,68.0,0,2,74.53230764975582,68.0,True,False,Stockout Risk
FOODS_3_147_CA_1_validation,2016-03-28,38,28.762024876073284,71.0,0,2,57.52404975214657,71.0,False,False,Normal
FOODS_3_147_CA_1_validation,2016-04-04,47,37.49795683851245,76.0,0,2,74.9959136770249,76.0,False,False,Normal
FOODS_3_147_CA_1_validation,2016-04-11,27,39.47748682007113,70.0,0,2,78.95497364014226,70.0,True,False,Stockout Risk
FOODS_3_147_CA_1_validation,2016-04-18,36,31.072225354134567,74.0,0,2,62.14445070826913,74.0,False,False,Normal
FOODS_3_148_CA_1_validation,2016-03-14,51,44.16710107046073,102.0,0,2,88.33420214092146,102.0,False,False,Normal
FOODS_3_148_CA_1_validation,2016-03-21,42,50.42110249777866,93.0,0,2,100.84220499555732,93.0,True,False,Stockout Risk
FOODS_3_148_CA_1_validation,2016-03-28,41,47.208456571730586,89.0,0,2,94.41691314346117,89.0,True,False,Stockout Risk
FOODS_3_148_CA_1_validation,2016-04-04,40,44.882464086779166,87.0,0,2,89.76492817355833,87.0,True,False,Stockout Risk
FOODS_3_148_CA_1_validation,2016-04-11,33,42.84784712458783,78.0,0,2,85.69569424917566,78.0,True,False,Stockout Risk
FOODS_3_148_CA_1_validation,2016-04-18,54,37.90021522096137,84.0,0,2,75.80043044192274,84.0,False,False,Normal
FOODS_3_149_CA_1_validation,2016-03-14,0,0.438807456804893,0.0,0,2,0.877614913609786,0.0,True,False,Stockout Risk
FOODS_3_149_CA_1_validation,2016-03-21,0,0.4553433990161183,0.0,0,2,0.9106867980322366,0.0,True,False,Stockout Risk
FOODS_3_149_CA_1_validation,2016-03-28,0,0.438807456804893,0.0,0,2,0.877614913609786,0.0,True,False,Stockout Risk
FOODS_3_149_CA_1_validation,2016-04-04,3,0.620652952628351,2.0,0,2,1.241305905256702,2.0,False,False,Normal
FOODS_3_149_CA_1_validation,2016-04-11,0,4.531988515672008,2.0,0,2,9.063977031344017,2.0,True,False,Stockout Risk
FOODS_3_149_CA_1_validation,2016-04-18,4,1.059578874027394,4.0,0,2,2.119157748054788,4.0,False,False,Normal
FOODS_3_150_CA_1_validation,2016-03-14,33,35.05791615708649,66.0,0,2,70.11583231417298,66.0,True,False,Stockout Risk
FOODS_3_150_CA_1_validation,2016-03-21,43,32.10326926379633,76.0,0,2,64.20653852759266,76.0,False,False,Normal
FOODS_3_150_CA_1_validation,2016-03-28,28,38.40155931644058,69.0,0,2,76.80311863288117,69.0,True,False,Stockout Risk
FOODS_3_150_CA_1_validation,2016-04-04,48,32.76885457294408,76.0,0,2,65.53770914588816,76.0,False,False,Normal
FOODS_3_150_CA_1_validation,2016-04-11,45,37.18378314461301,82.0,0,2,74.36756628922602,82.0,False,False,Normal
FOODS_3_150_CA_1_validation,2016-04-18,40,39.26033117440588,80.0,0,2,78.52066234881175,80.0,False,False,Normal
FOODS_3_151_CA_1_validation,2016-03-14,9,4.56361575902268,18.0,0,2,9.12723151804536,18.0,False,False,Normal
FOODS_3_151_CA_1_validation,2016-03-21,2,5.946692792703488,11.0,0,2,11.893385585406977,11.0,True,False,Stockout Risk
FOODS_3_151_CA_1_validation,2016-03-28,17,4.750333440642256,19.0,0,2,9.500666881284513,19.0,False,False,Normal
FOODS_3_151_CA_1_validation,2016-04-04,15,10.07850147478511,22.0,0,2,20.15700294957022,22.0,False,False,Normal
FOODS_3_151_CA_1_validation,2016-04-11,11,10.282487160687642,22.0,0,2,20.564974321375285,22.0,False,False,Normal
FOODS_3_151_CA_1_validation,2016-04-18,7,9.38669302137294,25.0,0,2,18.77338604274588,25.0,False,False,Normal
FOODS_3_152_CA_1_validation,2016-03-14,1,7.434401546875229,2.0,0,2,14.868803093750458,2.0,True,False,Stockout Risk
FOODS_3_152_CA_1_validation,2016-03-21,0,3.346411523934139,1.0,0,2,6.692823047868278,1.0,True,False,Stockout Risk
FOODS_3_152_CA_1_validation,2016-03-28,0,1.4077978857589402,1.0,0,2,2.8155957715178803,1.0,True,False,Stockout Risk
FOODS_3_152_CA_1_validation,2016-04-04,0,1.5749342924270404,0.0,0,2,3.149868584854081,0.0,True,False,Stockout Risk
FOODS_3_152_CA_1_validation,2016-04-11,0,0.9191545795286676,0.0,0,2,1.8383091590573353,0.0,True,False,Stockout Risk
FOODS_3_152_CA_1_validation,2016-04-18,0,0.39079000161867,0.0,0,2,0.78158000323734,0.0,True,False,Stockout Risk
FOODS_3_153_CA_1_validation,2016-03-14,0,0.3651618097588788,0.0,0,2,0.7303236195177576,0.0,True,False,Stockout Risk
FOODS_3_153_CA_1_validation,2016-03-21,0,0.3651618097588788,0.0,0,2,0.7303236195177576,0.0,True,False,Stockout Risk
FOODS_3_153_CA_1_validation,2016-03-28,0,0.3651618097588788,0.0,0,2,0.7303236195177576,0.0,True,False,Stockout Risk
FOODS_3_153_CA_1_validation,2016-04-04,0,0.5470073055823366,0.0,0,2,1.0940146111646731,0.0,True,False,Stockout Risk
FOODS_3_153_CA_1_validation,2016-04-11,0,0.3006084123614305,0.0,0,2,0.601216824722861,0.0,True,False,Stockout Risk
FOODS_3_153_CA_1_validation,2016-04-18,0,0.3006084123614305,0.0,0,2,0.601216824722861,0.0,True,False,Stockout Risk
FOODS_3_154_CA_1_validation,2016-03-14,4,3.876788573742545,8.0,0,2,7.75357714748509,8.0,False,False,Normal
FOODS_3_154_CA_1_validation,2016-03-21,3,3.769357023977224,7.0,0,2,7.538714047954448,7.0,True,False,Stockout Risk
FOODS_3_154_CA_1_validation,2016-03-28,1,3.5334293149934206,5.0,0,2,7.066858629986841,5.0,True,False,Stockout Risk
FOODS_3_154_CA_1_validation,2016-04-04,2,2.83564727204845,5.0,0,2,5.6712945440969,5.0,True,False,Stockout Risk
FOODS_3_154_CA_1_validation,2016-04-11,1,3.2965363901058917,4.0,0,2,6.5930727802117834,4.0,True,False,Stockout Risk
FOODS_3_154_CA_1_validation,2016-04-18,6,2.305582764493448,5.0,0,2,4.611165528986896,5.0,False,False,Normal
FOODS_3_155_CA_1_validation,2016-03-14,6,7.145542991524749,12.0,0,2,14.291085983049499,12.0,True,False,Stockout Risk
FOODS_3_155_CA_1_validation,2016-03-21,9,6.502964329981318,15.0,0,2,13.005928659962636,15.0,False,False,Normal
FOODS_3_155_CA_1_validation,2016-03-28,17,7.643441303519317,21.0,0,2,15.286882607038635,21.0,False,False,Normal
FOODS_3_155_CA_1_validation,2016-04-04,6,11.168206067311576,19.0,0,2,22.336412134623153,19.0,True,False,Stockout Risk
FOODS_3_155_CA_1_validation,2016-04-11,5,8.628235416732492,18.0,0,2,17.256470833464984,18.0,False,False,Normal
FOODS_3_155_CA_1_validation,2016-04-18,0,7.660861323172032,14.0,0,2,15.321722646344064,14.0,True,False,Stockout Risk
FOODS_3_156_CA_1_validation,2016-03-14,22,24.298468035855308,44.0,0,2,48.596936071710616,44.0,True,False,Stockout Risk
FOODS_3_156_CA_1_validation,2016-03-21,22,20.371049160955167,44.0,0,2,40.74209832191033,44.0,False,False,Normal
FOODS_3_156_CA_1_validation,2016-03-28,37,22.92281731451325,54.0,0,2,45.8456346290265,54.0,False,False,Normal
FOODS_3_156_CA_1_validation,2016-04-04,31,27.61743241232309,56.0,0,2,55.23486482464618,56.0,False,False,Normal
FOODS_3_156_CA_1_validation,2016-04-11,24,29.227712897244103,57.0,0,2,58.45542579448821,57.0,True,False,Stockout Risk
FOODS_3_156_CA_1_validation,2016-04-18,31,25.000885040160977,62.0,0,2,50.001770080321954,62.0,False,False,Normal
FOODS_3_157_CA_1_validation,2016-03-14,15,10.286791297650996,30.0,0,2,20.573582595301993,30.0,False,False,Normal
FOODS_3_157_CA_1_validation,2016-03-21,17,11.38995721514058,32.0,0,2,22.77991443028116,32.0,False,False,Normal
FOODS_3_157_CA_1_validation,2016-03-28,12,12.79765845427526,29.0,0,2,25.59531690855052,29.0,False,False,Normal
FOODS_3_157_CA_1_validation,2016-04-04,11,12.94235220844448,28.0,0,2,25.88470441688896,28.0,False,False,Normal
FOODS_3_157_CA_1_validation,2016-04-11,11,12.18843893920951,26.0,0,2,24.37687787841902,26.0,False,False,Normal
FOODS_3_157_CA_1_validation,2016-04-18,7,12.06801586923747,20.0,0,2,24.13603173847494,20.0,True,False,Stockout Risk
FOODS_3_158_CA_1_validation,2016-03-14,4,3.0603887534568077,8.0,0,2,6.120777506913615,8.0,False,False,Normal
FOODS_3_158_CA_1_validation,2016-03-21,1,4.087239066061096,5.0,0,2,8.174478132122193,5.0,True,False,Stockout Risk
FOODS_3_158_CA_1_validation,2016-03-28,4,2.905140711445754,6.0,0,2,5.810281422891508,6.0,False,False,Normal
FOODS_3_158_CA_1_validation,2016-04-04,4,4.329358432687087,6.0,0,2,8.658716865374174,6.0,True,False,Stockout Risk
FOODS_3_158_CA_1_validation,2016-04-11,3,3.9044844259600353,6.0,0,2,7.808968851920071,6.0,True,False,Stockout Risk
FOODS_3_158_CA_1_validation,2016-04-18,3,3.454317615439482,7.0,0,2,6.908635230878964,7.0,False,False,Normal
FOODS_3_159_CA_1_validation,2016-03-14,5,4.126056886445128,10.0,0,2,8.252113772890256,10.0,False,False,Normal
FOODS_3_159_CA_1_validation,2016-03-21,5,4.528173854422398,10.0,0,2,9.056347708844797,10.0,False,False,Normal
FOODS_3_159_CA_1_validation,2016-03-28,0,4.296883926504048,7.0,0,2,8.593767853008096,7.0,True,False,Stockout Risk
FOODS_3_159_CA_1_validation,2016-04-04,1,1.906586271303922,6.0,0,2,3.813172542607844,6.0,False,False,Normal
FOODS_3_159_CA_1_validation,2016-04-11,1,2.585704809688113,4.0,0,2,5.171409619376226,4.0,True,False,Stockout Risk
FOODS_3_159_CA_1_validation,2016-04-18,5,2.4802937088806765,4.0,0,2,4.960587417761353,4.0,True,False,Stockout Risk
FOODS_3_160_CA_1_validation,2016-03-14,0,0.3651618097588788,0.0,0,2,0.7303236195177576,0.0,True,False,Stockout Risk
FOODS_3_160_CA_1_validation,2016-03-21,0,0.3651618097588788,0.0,0,2,0.7303236195177576,0.0,True,False,Stockout Risk
FOODS_3_160_CA_1_validation,2016-03-28,4,0.3651618097588788,3.0,0,2,0.7303236195177576,3.0,False,False,Normal
FOODS_3_160_CA_1_validation,2016-04-04,14,5.322628725646177,9.0,0,2,10.645257451292354,9.0,True,False,Stockout Risk
FOODS_3_160_CA_1_validation,2016-04-11,18,11.316913598375034,18.0,0,2,22.63382719675007,18.0,True,False,Stockout Risk
FOODS_3_160_CA_1_validation,2016-04-18,3,14.787146586310287,20.0,0,2,29.574293172620575,20.0,True,False,Stockout Risk
FOODS_3_161_CA_1_validation,2016-03-14,5,4.043659232772349,10.0,0,2,8.087318465544698,10.0,False,False,Normal
FOODS_3_161_CA_1_validation,2016-03-21,3,4.602965019271995,8.0,0,2,9.20593003854399,8.0,True,False,Stockout Risk
FOODS_3_161_CA_1_validation,2016-03-28,0,4.408145268481826,5.0,0,2,8.816290536963653,5.0,True,False,Stockout Risk
FOODS_3_161_CA_1_validation,2016-04-04,5,1.869235961975928,6.0,0,2,3.738471923951856,6.0,False,False,Normal
FOODS_3_161_CA_1_validation,2016-04-11,4,4.605174305534731,6.0,0,2,9.210348611069461,6.0,True,False,Stockout Risk
FOODS_3_161_CA_1_validation,2016-04-18,1,4.120301577458474,5.0,0,2,8.240603154916949,5.0,True,False,Stockout Risk
FOODS_3_162_CA_1_validation,2016-03-14,4,8.623582964218391,8.0,0,2,17.247165928436782,8.0,True,False,Stockout Risk
FOODS_3_162_CA_1_validation,2016-03-21,9,7.444805684627439,13.0,0,2,14.889611369254878,13.0,True,False,Stockout Risk
FOODS_3_162_CA_1_validation,2016-03-28,4,7.481986226048139,11.0,0,2,14.963972452096279,11.0,True,False,Stockout Risk
FOODS_3_162_CA_1_validation,2016-04-04,4,6.575280087377712,10.0,0,2,13.150560174755425,10.0,True,False,Stockout Risk
FOODS_3_162_CA_1_validation,2016-04-11,5,5.170509654416867,11.0,0,2,10.341019308833735,11.0,False,False,Normal
FOODS_3_162_CA_1_validation,2016-04-18,5,5.803704671254718,9.0,0,2,11.607409342509436,9.0,True,False,Stockout Risk
FOODS_3_163_CA_1_validation,2016-03-14,34,34.33232587689071,68.0,0,2,68.66465175378141,68.0,True,False,Stockout Risk
FOODS_3_163_CA_1_validation,2016-03-21,20,29.216831720423706,54.0,0,2,58.43366344084741,54.0,True,False,Stockout Risk
FOODS_3_163_CA_1_validation,2016-03-28,41,25.819425345735528,63.0,0,2,51.638850691471056,63.0,False,False,Normal
FOODS_3_163_CA_1_validation,2016-04-04,50,34.70494181671183,72.0,0,2,69.40988363342366,72.0,False,False,Normal
FOODS_3_163_CA_1_validation,2016-04-11,26,39.850483397404936,68.0,0,2,79.70096679480987,68.0,True,False,Stockout Risk
FOODS_3_163_CA_1_validation,2016-04-18,41,30.35943952008497,79.0,0,2,60.71887904016994,79.0,False,False,Normal
FOODS_3_164_CA_1_validation,2016-03-14,7,7.16470428640649,14.0,0,2,14.32940857281298,14.0,True,False,Stockout Risk
FOODS_3_164_CA_1_validation,2016-03-21,8,6.0965389827862495,15.0,0,2,12.193077965572499,15.0,False,False,Normal
FOODS_3_164_CA_1_validation,2016-03-28,4,6.925992891198157,13.0,0,2,13.851985782396314,13.0,True,False,Stockout Risk
FOODS_3_164_CA_1_validation,2016-04-04,8,6.1063210338571725,14.0,0,2,12.212642067714345,14.0,False,False,Normal
FOODS_3_164_CA_1_validation,2016-04-11,11,6.49552104468443,16.0,0,2,12.99104208936886,16.0,False,False,Normal
FOODS_3_164_CA_1_validation,2016-04-18,9,8.108705571791086,16.0,0,2,16.217411143582172,16.0,True,False,Stockout Risk
FOODS_3_165_CA_1_validation,2016-03-14,0,0.967157905556561,0.0,0,2,1.934315811113122,0.0,True,False,Stockout Risk
FOODS_3_165_CA_1_validation,2016-03-21,1,0.967157905556561,1.0,0,2,1.934315811113122,1.0,True,False,Stockout Risk
FOODS_3_165_CA_1_validation,2016-03-28,2,2.8997684486902955,2.0,0,2,5.799536897380591,2.0,True,False,Stockout Risk
FOODS_3_165_CA_1_validation,2016-04-04,2,3.1478270524577776,2.0,0,2,6.295654104915555,2.0,True,False,Stockout Risk
FOODS_3_165_CA_1_validation,2016-04-11,1,2.901428159236872,3.0,0,2,5.802856318473744,3.0,True,False,Stockout Risk
FOODS_3_165_CA_1_validation,2016-04-18,0,2.2590397341787085,2.0,0,2,4.518079468357417,2.0,True,False,Stockout Risk
FOODS_3_166_CA_1_validation,2016-03-14,6,5.457854160846012,12.0,0,2,10.915708321692025,12.0,False,False,Normal
FOODS_3_166_CA_1_validation,2016-03-21,14,5.745317203999719,20.0,0,2,11.490634407999439,20.0,False,False,Normal
FOODS_3_166_CA_1_validation,2016-03-28,3,8.749309140341651,15.0,0,2,17.498618280683303,15.0,True,False,Stockout Risk
FOODS_3_166_CA_1_validation,2016-04-04,6,6.120100436650809,14.0,0,2,12.240200873301617,14.0,False,False,Normal
FOODS_3_166_CA_1_validation,2016-04-11,17,6.894368071631934,20.0,0,2,13.788736143263868,20.0,False,False,Normal
FOODS_3_166_CA_1_validation,2016-04-18,0,10.272765998185188,13.0,0,2,20.545531996370375,13.0,True,False,Stockout Risk
FOODS_3_167_CA_1_validation,2016-03-14,21,27.975138364170764,42.0,0,2,55.95027672834153,42.0,True,False,Stockout Risk
FOODS_3_167_CA_1_validation,2016-03-21,29,21.69067067603475,50.0,0,2,43.3813413520695,50.0,False,False,Normal
FOODS_3_167_CA_1_validation,2016-03-28,21,24.486518630306204,47.0,0,2,48.97303726061241,47.0,True,False,Stockout Risk
FOODS_3_167_CA_1_validation,2016-04-04,30,23.460841616171347,50.0,0,2,46.921683232342694,50.0,False,False,Normal
FOODS_3_167_CA_1_validation,2016-04-11,31,25.140061515838426,56.0,0,2,50.28012303167685,56.0,False,False,Normal
FOODS_3_167_CA_1_validation,2016-04-18,19,27.991593804211405,50.0,0,2,55.98318760842281,50.0,True,False,Stockout Risk
FOODS_3_168_CA_1_validation,2016-03-14,5,5.001819158609736,10.0,0,2,10.003638317219472,10.0,True,False,Stockout Risk
FOODS_3_168_CA_1_validation,2016-03-21,10,4.76575904510154,15.0,0,2,9.53151809020308,15.0,False,False,Normal
FOODS_3_168_CA_1_validation,2016-03-28,14,6.516827921007965,19.0,0,2,13.03365584201593,19.0,False,False,Normal
FOODS_3_168_CA_1_validation,2016-04-04,11,9.619112541056888,20.0,0,2,19.238225082113775,20.0,False,False,Normal
FOODS_3_168_CA_1_validation,2016-04-11,6,8.919232610133328,20.0,0,2,17.838465220266656,20.0,False,False,Normal
FOODS_3_168_CA_1_validation,2016-04-18,9,8.47161806635779,20.0,0,2,16.94323613271558,20.0,False,False,Normal
FOODS_3_169_CA_1_validation,2016-03-14,20,18.09515348094244,40.0,0,2,36.19030696188488,40.0,False,False,Normal
FOODS_3_169_CA_1_validation,2016-03-21,24,20.58118940230888,44.0,0,2,41.16237880461776,44.0,False,False,Normal
FOODS_3_169_CA_1_validation,2016-03-28,11,21.432859741033077,37.0,0,2,42.865719482066154,37.0,True,False,Stockout Risk
FOODS_3_169_CA_1_validation,2016-04-04,36,16.730777642764775,46.0,0,2,33.46155528552955,46.0,False,False,Normal
FOODS_3_169_CA_1_validation,2016-04-11,20,25.52747661064399,46.0,0,2,51.05495322128798,46.0,True,False,Stockout Risk
FOODS_3_169_CA_1_validation,2016-04-18,23,23.212118044144823,45.0,0,2,46.424236088289646,45.0,True,False,Stockout Risk
FOODS_3_170_CA_1_validation,2016-03-14,7,6.083651197733671,14.0,0,2,12.167302395467342,14.0,False,False,Normal
FOODS_3_170_CA_1_validation,2016-03-21,9,6.60080453714281,16.0,0,2,13.20160907428562,16.0,False,False,Normal
FOODS_3_170_CA_1_validation,2016-03-28,5,6.935460043962295,14.0,0,2,13.87092008792459,14.0,False,False,Normal
FOODS_3_170_CA_1_validation,2016-04-04,6,6.421684312511791,14.0,0,2,12.843368625023581,14.0,False,False,Normal
FOODS_3_170_CA_1_validation,2016-04-11,2,6.322508902781841,11.0,0,2,12.645017805563683,11.0,True,False,Stockout Risk
FOODS_3_170_CA_1_validation,2016-04-18,6,4.710799821916789,10.0,0,2,9.421599643833577,10.0,False,False,Normal
FOODS_3_171_CA_1_validation,2016-03-14,1,0.9393042368440488,2.0,0,2,1.8786084736880977,2.0,False,False,Normal
FOODS_3_171_CA_1_validation,2016-03-21,0,2.3200495624367257,1.0,0,2,4.640099124873451,1.0,True,False,Stockout Risk
FOODS_3_171_CA_1_validation,2016-03-28,2,0.9994463211354212,2.0,0,2,1.9988926422708424,2.0,False,False,Normal
FOODS_3_171_CA_1_validation,2016-04-04,1,3.614191011404871,2.0,0,2,7.228382022809742,2.0,True,False,Stockout Risk
FOODS_3_171_CA_1_validation,2016-04-11,0,2.4802937088806765,2.0,0,2,4.960587417761353,2.0,True,False,Stockout Risk
FOODS_3_171_CA_1_validation,2016-04-18,0,0.9348929237379714,2.0,0,2,1.8697858474759428,2.0,False,False,Normal
FOODS_3_172_CA_1_validation,2016-03-14,22,12.39717091830713,44.0,0,2,24.79434183661426,44.0,False,False,Normal
FOODS_3_172_CA_1_validation,2016-03-21,17,15.937597495929142,39.0,0,2,31.875194991858283,39.0,False,False,Normal
FOODS_3_172_CA_1_validation,2016-03-28,17,15.259311158543534,37.0,0,2,30.51862231708707,37.0,False,False,Normal
FOODS_3_172_CA_1_validation,2016-04-04,18,16.523900933581192,37.0,0,2,33.047801867162384,37.0,False,False,Normal
FOODS_3_172_CA_1_validation,2016-04-11,13,16.725937387133612,32.0,0,2,33.451874774267225,32.0,True,False,Stockout Risk
FOODS_3_172_CA_1_validation,2016-04-18,16,14.67076405480982,32.0,0,2,29.34152810961964,32.0,False,False,Normal
FOODS_3_173_CA_1_validation,2016-03-14,2,2.9027132287820128,4.0,0,2,5.8054264575640255,4.0,True,False,Stockout Risk
FOODS_3_173_CA_1_validation,2016-03-21,0,2.9027132287820128,2.0,0,2,5.8054264575640255,2.0,True,False,Stockout Risk
FOODS_3_173_CA_1_validation,2016-03-28,0,1.0341846738940037,1.0,0,2,2.0683693477880074,1.0,True,False,Stockout Risk
FOODS_3_173_CA_1_validation,2016-04-04,0,1.1526835758222649,1.0,0,2,2.3053671516445298,1.0,True,False,Stockout Risk
FOODS_3_173_CA_1_validation,2016-04-11,0,0.9191545795286676,0.0,0,2,1.8383091590573353,0.0,True,False,Stockout Risk
FOODS_3_173_CA_1_validation,2016-04-18,2,0.3742540594074448,1.0,0,2,0.7485081188148895,1.0,False,False,Normal
FOODS_3_174_CA_1_validation,2016-03-14,9,6.698492608905417,18.0,0,2,13.396985217810833,18.0,False,False,Normal
FOODS_3_174_CA_1_validation,2016-03-21,7,7.668114980770233,16.0,0,2,15.336229961540466,16.0,False,False,Normal
FOODS_3_174_CA_1_validation,2016-03-28,9,7.017071680838867,17.0,0,2,14.034143361677733,17.0,False,False,Normal
FOODS_3_174_CA_1_validation,2016-04-04,6,7.965018491325901,16.0,0,2,15.930036982651801,16.0,False,False,Normal
FOODS_3_174_CA_1_validation,2016-04-11,9,7.29233453422926,16.0,0,2,14.58466906845852,16.0,False,False,Normal
FOODS_3_174_CA_1_validation,2016-04-18,7,7.635768116110598,16.0,0,2,15.271536232221196,16.0,False,False,Normal
FOODS_3_175_CA_1_validation,2016-03-14,13,13.145580387408172,26.0,0,2,26.291160774816344,26.0,True,False,Stockout Risk
FOODS_3_175_CA_1_validation,2016-03-21,6,11.94089130435149,19.0,0,2,23.88178260870298,19.0,True,False,Stockout Risk
FOODS_3_175_CA_1_validation,2016-03-28,10,8.08642290858387,19.0,0,2,16.17284581716774,19.0,False,False,Normal
FOODS_3_175_CA_1_validation,2016-04-04,8,8.958254746328222,18.0,0,2,17.916509492656445,18.0,False,False,Normal
FOODS_3_175_CA_1_validation,2016-04-11,19,8.78998806859622,22.0,0,2,17.57997613719244,22.0,False,False,Normal
FOODS_3_175_CA_1_validation,2016-04-18,13,13.507184635927915,25.0,0,2,27.01436927185583,25.0,True,False,Stockout Risk
FOODS_3_176_CA_1_validation,2016-03-14,0,2.3213076010105813,0.0,0,2,4.642615202021163,0.0,True,False,Stockout Risk
FOODS_3_176_CA_1_validation,2016-03-21,0,1.25082351989066,0.0,0,2,2.50164703978132,0.0,True,False,Stockout Risk
FOODS_3_176_CA_1_validation,2016-03-28,0,0.967157905556561,0.0,0,2,1.934315811113122,0.0,True,False,Stockout Risk
FOODS_3_176_CA_1_validation,2016-04-04,0,0.6077830557010407,0.0,0,2,1.2155661114020815,0.0,True,False,Stockout Risk
FOODS_3_176_CA_1_validation,2016-04-11,0,0.3613841624801346,0.0,0,2,0.7227683249602692,0.0,True,False,Stockout Risk
FOODS_3_176_CA_1_validation,2016-04-18,0,0.3613841624801346,0.0,0,2,0.7227683249602692,0.0,True,False,Stockout Risk
FOODS_3_177_CA_1_validation,2016-03-14,9,12.605353843079865,18.0,0,2,25.21070768615973,18.0,True,False,Stockout Risk
FOODS_3_177_CA_1_validation,2016-03-21,10,10.405164055653156,19.0,0,2,20.810328111306312,19.0,True,False,Stockout Risk
FOODS_3_177_CA_1_validation,2016-03-28,9,10.336964169491289,19.0,0,2,20.673928338982577,19.0,True,False,Stockout Risk
FOODS_3_177_CA_1_validation,2016-04-04,14,10.981437530622337,21.0,0,2,21.962875061244674,21.0,True,False,Stockout Risk
FOODS_3_177_CA_1_validation,2016-04-11,12,10.685031333553834,22.0,0,2,21.370062667107668,22.0,False,False,Normal
FOODS_3_177_CA_1_validation,2016-04-18,12,10.60758761309267,24.0,0,2,21.21517522618534,24.0,False,False,Normal
FOODS_3_178_CA_1_validation,2016-03-14,6,7.411245150975171,12.0,0,2,14.822490301950342,12.0,True,False,Stockout Risk
FOODS_3_178_CA_1_validation,2016-03-21,4,7.0898134373079085,10.0,0,2,14.179626874615817,10.0,True,False,Stockout Risk
FOODS_3_178_CA_1_validation,2016-03-28,6,6.293262890115181,11.0,0,2,12.586525780230362,11.0,True,False,Stockout Risk
FOODS_3_178_CA_1_validation,2016-04-04,9,6.434602492800637,12.0,0,2,12.869204985601273,12.0,True,False,Stockout Risk
FOODS_3_178_CA_1_validation,2016-04-11,5,6.695749176124926,12.0,0,2,13.391498352249853,12.0,True,False,Stockout Risk
FOODS_3_178_CA_1_validation,2016-04-18,4,5.915889279408958,12.0,0,2,11.831778558817916,12.0,False,False,Normal
FOODS_3_179_CA_1_validation,2016-03-14,3,5.58425646561141,6.0,0,2,11.16851293122282,6.0,True,False,Stockout Risk
FOODS_3_179_CA_1_validation,2016-03-21,3,4.92119246190713,6.0,0,2,9.84238492381426,6.0,True,False,Stockout Risk
FOODS_3_179_CA_1_validation,2016-03-28,6,4.121803943898362,8.0,0,2,8.243607887796724,8.0,True,False,Stockout Risk
FOODS_3_179_CA_1_validation,2016-04-04,4,5.064776791566752,8.0,0,2,10.129553583133504,8.0,True,False,Stockout Risk
FOODS_3_179_CA_1_validation,2016-04-11,12,4.5848610718529,12.0,0,2,9.1697221437058,12.0,False,False,Normal
FOODS_3_179_CA_1_validation,2016-04-18,6,7.362062069378605,14.0,0,2,14.72412413875721,14.0,True,False,Stockout Risk
FOODS_3_180_CA_1_validation,2016-03-14,3,4.6410745893707634,6.0,0,2,9.282149178741527,6.0,True,False,Stockout Risk
FOODS_3_180_CA_1_validation,2016-03-21,3,4.248294252697881,6.0,0,2,8.496588505395762,6.0,True,False,Stockout Risk
FOODS_3_180_CA_1_validation,2016-03-28,2,3.92697471036122,5.0,0,2,7.85394942072244,5.0,True,False,Stockout Risk
FOODS_3_180_CA_1_validation,2016-04-04,1,3.737764516863936,4.0,0,2,7.475529033727872,4.0,True,False,Stockout Risk
FOODS_3_180_CA_1_validation,2016-04-11,2,2.305582764493448,4.0,0,2,4.611165528986896,4.0,True,False,Stockout Risk
FOODS_3_180_CA_1_validation,2016-04-18,3,3.1126728037238527,4.0,0,2,6.225345607447705,4.0,True,False,Stockout Risk
FOODS_3_181_CA_1_validation,2016-03-14,16,14.623859136725605,32.0,0,2,29.24771827345121,32.0,False,False,Normal
FOODS_3_181_CA_1_validation,2016-03-21,28,15.2568684455022,44.0,0,2,30.5137368910044,44.0,False,False,Normal
FOODS_3_181_CA_1_validation,2016-03-28,18,19.884541395260182,41.0,0,2,39.769082790520365,41.0,False,False,Normal
FOODS_3_181_CA_1_validation,2016-04-04,17,19.767563222392067,40.0,0,2,39.53512644478413,40.0,False,False,Normal
FOODS_3_181_CA_1_validation,2016-04-11,27,17.19791926268033,45.0,0,2,34.39583852536066,45.0,False,False,Normal
FOODS_3_181_CA_1_validation,2016-04-18,15,22.194567159811672,38.0,0,2,44.389134319623345,38.0,True,False,Stockout Risk
FOODS_3_182_CA_1_validation,2016-03-14,4,11.306344521568038,8.0,0,2,22.612689043136076,8.0,True,False,Stockout Risk
FOODS_3_182_CA_1_validation,2016-03-21,10,8.825147155642629,14.0,0,2,17.650294311285258,14.0,True,False,Stockout Risk
FOODS_3_182_CA_1_validation,2016-03-28,4,9.824523787618237,12.0,0,2,19.649047575236473,12.0,True,False,Stockout Risk
FOODS_3_182_CA_1_validation,2016-04-04,13,7.779241956257327,16.0,0,2,15.558483912514655,16.0,False,False,Normal
FOODS_3_182_CA_1_validation,2016-04-11,9,9.232346710109004,18.0,0,2,18.46469342021801,18.0,True,False,Stockout Risk
FOODS_3_182_CA_1_validation,2016-04-18,11,9.812312955089538,18.0,0,2,19.624625910179077,18.0,True,False,Stockout Risk
FOODS_3_183_CA_1_validation,2016-03-14,10,25.0258676696928,20.0,0,2,50.0517353393856,20.0,True,False,Stockout Risk
FOODS_3_183_CA_1_validation,2016-03-21,17,17.603769613888115,27.0,0,2,35.20753922777623,27.0,True,False,Stockout Risk
FOODS_3_183_CA_1_validation,2016-03-28,19,17.56341137244967,31.0,0,2,35.12682274489934,31.0,True,False,Stockout Risk
FOODS_3_183_CA_1_validation,2016-04-04,23,20.290429727942687,34.0,0,2,40.580859455885374,34.0,True,False,Stockout Risk
FOODS_3_183_CA_1_validation,2016-04-11,31,19.32285468857495,45.0,0,2,38.6457093771499,45.0,False,False,Normal
FOODS_3_183_CA_1_validation,2016-04-18,17,23.885714284200706,45.0,0,2,47.77142856840141,45.0,True,False,Stockout Risk
FOODS_3_184_CA_1_validation,2016-03-14,18,0.3651618097588788,36.0,0,2,0.7303236195177576,36.0,False,False,Normal
FOODS_3_184_CA_1_validation,2016-03-21,12,20.801701797767933,30.0,0,2,41.603403595535866,30.0,True,False,Stockout Risk
FOODS_3_184_CA_1_validation,2016-03-28,15,10.78459764695504,30.0,0,2,21.56919529391008,30.0,False,False,Normal
FOODS_3_184_CA_1_validation,2016-04-04,24,13.824236152316365,34.0,0,2,27.64847230463273,34.0,False,False,Normal
FOODS_3_184_CA_1_validation,2016-04-11,26,17.230998149094972,38.0,0,2,34.461996298189945,38.0,False,False,Normal
FOODS_3_184_CA_1_validation,2016-04-18,24,20.53913775093066,44.0,0,2,41.07827550186132,44.0,False,False,Normal
FOODS_3_185_CA_1_validation,2016-03-14,15,13.42553835641978,30.0,0,2,26.85107671283956,30.0,False,False,Normal
FOODS_3_185_CA_1_validation,2016-03-21,18,13.562048453620491,33.0,0,2,27.124096907240983,33.0,False,False,Normal
FOODS_3_185_CA_1_validation,2016-03-28,9,15.769027600826318,28.0,0,2,31.538055201652636,28.0,True,False,Stockout Risk
FOODS_3_185_CA_1_validation,2016-04-04,14,13.59526603167418,28.0,0,2,27.19053206334836,28.0,False,False,Normal
FOODS_3_185_CA_1_validation,2016-04-11,12,12.453185222893133,26.0,0,2,24.906370445786266,26.0,False,False,Normal
FOODS_3_185_CA_1_validation,2016-04-18,16,12.56067253383821,26.0,0,2,25.12134506767642,26.0,False,False,Normal
FOODS_3_186_CA_1_validation,2016-03-14,3,5.996965919476953,6.0,0,2,11.993931838953905,6.0,True,False,Stockout Risk
FOODS_3_186_CA_1_validation,2016-03-21,6,4.504593780840463,9.0,0,2,9.009187561680926,9.0,True,False,Stockout Risk
FOODS_3_186_CA_1_validation,2016-03-28,5,5.673968518535918,9.0,0,2,11.347937037071835,9.0,True,False,Stockout Risk
FOODS_3_186_CA_1_validation,2016-04-04,6,5.587782754854971,10.0,0,2,11.175565509709942,10.0,True,False,Stockout Risk
FOODS_3_186_CA_1_validation,2016-04-11,1,5.38918170043201,9.0,0,2,10.77836340086402,9.0,True,False,Stockout Risk
FOODS_3_186_CA_1_validation,2016-04-18,4,3.4361873214245358,8.0,0,2,6.8723746428490715,8.0,False,False,Normal
FOODS_3_187_CA_1_validation,2016-03-14,0,7.977747879256041,0.0,0,2,15.955495758512082,0.0,True,False,Stockout Risk
FOODS_3_187_CA_1_validation,2016-03-21,1,4.639299839468785,1.0,0,2,9.27859967893757,1.0,True,False,Stockout Risk
FOODS_3_187_CA_1_validation,2016-03-28,0,4.619080051875261,1.0,0,2,9.238160103750522,1.0,True,False,Stockout Risk
FOODS_3_187_CA_1_validation,2016-04-04,13,1.9567017548393928,7.0,0,2,3.9134035096787856,7.0,False,False,Normal
FOODS_3_187_CA_1_validation,2016-04-11,7,13.535648411754224,10.0,0,2,27.071296823508447,10.0,True,False,Stockout Risk
FOODS_3_187_CA_1_validation,2016-04-18,12,6.612795450878068,16.0,0,2,13.225590901756137,16.0,False,False,Normal
FOODS_3_188_CA_1_validation,2016-03-14,0,0.4259375598775828,0.0,0,2,0.8518751197551656,0.0,True,False,Stockout Risk
FOODS_3_188_CA_1_validation,2016-03-21,0,0.3651618097588788,0.0,0,2,0.7303236195177576,0.0,True,False,Stockout Risk
FOODS_3_188_CA_1_validation,2016-03-28,0,0.3651618097588788,0.0,0,2,0.7303236195177576,0.0,True,False,Stockout Risk
FOODS_3_188_CA_1_validation,2016-04-04,0,0.5470073055823366,0.0,0,2,1.0940146111646731,0.0,True,False,Stockout Risk
FOODS_3_188_CA_1_validation,2016-04-11,0,0.3006084123614305,0.0,0,2,0.601216824722861,0.0,True,False,Stockout Risk
FOODS_3_188_CA_1_validation,2016-04-18,0,0.3006084123614305,0.0,0,2,0.601216824722861,0.0,True,False,Stockout Risk
FOODS_3_189_CA_1_validation,2016-03-14,6,6.205193074992193,12.0,0,2,12.410386149984387,12.0,True,False,Stockout Risk
FOODS_3_189_CA_1_validation,2016-03-21,0,5.4892082684111605,6.0,0,2,10.978416536822321,6.0,True,False,Stockout Risk
FOODS_3_189_CA_1_validation,2016-03-28,7,2.308422381913664,9.0,0,2,4.616844763827328,9.0,False,False,Normal
FOODS_3_189_CA_1_validation,2016-04-04,17,5.542873129435113,15.0,0,2,11.085746258870225,15.0,False,False,Normal
FOODS_3_189_CA_1_validation,2016-04-11,2,10.426008993539908,13.0,0,2,20.852017987079815,13.0,True,False,Stockout Risk
FOODS_3_189_CA_1_validation,2016-04-18,7,5.721510436942836,16.0,0,2,11.443020873885672,16.0,False,False,Normal
FOODS_3_190_CA_1_validation,2016-03-14,26,16.088220673000183,52.0,0,2,32.17644134600037,52.0,False,False,Normal
FOODS_3_190_CA_1_validation,2016-03-21,6,18.71001829019096,32.0,0,2,37.42003658038192,32.0,True,False,Stockout Risk
FOODS_3_190_CA_1_validation,2016-03-28,17,13.823671690379156,33.0,0,2,27.64734338075831,33.0,False,False,Normal
FOODS_3_190_CA_1_validation,2016-04-04,5,16.01699261584524,27.0,0,2,32.03398523169048,27.0,True,False,Stockout Risk
FOODS_3_190_CA_1_validation,2016-04-11,15,11.461772681636171,22.0,0,2,22.923545363272343,22.0,True,False,Stockout Risk
FOODS_3_190_CA_1_validation,2016-04-18,9,12.062661291573928,23.0,0,2,24.125322583147856,23.0,True,False,Stockout Risk
FOODS_3_191_CA_1_validation,2016-03-14,4,7.095722553456247,8.0,0,2,14.191445106912495,8.0,True,False,Stockout Risk
FOODS_3_191_CA_1_validation,2016-03-21,0,5.784008699928501,4.0,0,2,11.568017399857002,4.0,True,False,Stockout Risk
FOODS_3_191_CA_1_validation,2016-03-28,1,2.3252801228499287,3.0,0,2,4.650560245699857,3.0,True,False,Stockout Risk
FOODS_3_191_CA_1_validation,2016-04-04,8,3.700293933112843,6.0,0,2,7.400587866225686,6.0,True,False,Stockout Risk
FOODS_3_191_CA_1_validation,2016-04-11,3,5.506855574080919,6.0,0,2,11.013711148161837,6.0,True,False,Stockout Risk
FOODS_3_191_CA_1_validation,2016-04-18,4,4.953576309247366,8.0,0,2,9.907152618494733,8.0,True,False,Stockout Risk
FOODS_3_192_CA_1_validation,2016-03-14,24,23.980174433113824,48.0,0,2,47.96034886622765,48.0,False,False,Normal
FOODS_3_192_CA_1_validation,2016-03-21,18,23.685809798944145,42.0,0,2,47.37161959788829,42.0,True,False,Stockout Risk
FOODS_3_192_CA_1_validation,2016-03-28,23,22.1369954142114,43.0,0,2,44.2739908284228,43.0,True,False,Stockout Risk
FOODS_3_192_CA_1_validation,2016-04-04,19,23.3817560102227,42.0,0,2,46.7635120204454,42.0,True,False,Stockout Risk
FOODS_3_192_CA_1_validation,2016-04-11,11,20.835981285412668,36.0,0,2,41.671962570825336,36.0,True,False,Stockout Risk
FOODS_3_192_CA_1_validation,2016-04-18,17,16.5325389280087,35.0,0,2,33.0650778560174,35.0,False,False,Normal
FOODS_3_193_CA_1_validation,2016-03-14,3,3.8832498450166817,6.0,0,2,7.766499690033363,6.0,True,False,Stockout Risk
FOODS_3_193_CA_1_validation,2016-03-21,3,3.681451978533188,6.0,0,2,7.362903957066376,6.0,True,False,Stockout Risk
FOODS_3_193_CA_1_validation,2016-03-28,4,3.4672128769964354,7.0,0,2,6.934425753992871,7.0,False,False,Normal
FOODS_3_193_CA_1_validation,2016-04-04,4,4.254526259728063,7.0,0,2,8.509052519456127,7.0,True,False,Stockout Risk
FOODS_3_193_CA_1_validation,2016-04-11,6,4.281491581981335,8.0,0,2,8.56298316396267,8.0,True,False,Stockout Risk
FOODS_3_193_CA_1_validation,2016-04-18,5,4.7707010935132175,10.0,0,2,9.541402187026435,10.0,False,False,Normal
FOODS_3_194_CA_1_validation,2016-03-14,21,16.98126740174769,42.0,0,2,33.96253480349538,42.0,False,False,Normal
FOODS_3_194_CA_1_validation,2016-03-21,17,17.252667522692352,38.0,0,2,34.505335045384705,38.0,False,False,Normal
FOODS_3_194_CA_1_validation,2016-03-28,12,17.85236597846113,33.0,0,2,35.70473195692226,33.0,True,False,Stockout Risk
FOODS_3_194_CA_1_validation,2016-04-04,22,15.342268137224954,36.0,0,2,30.684536274449908,36.0,False,False,Normal
FOODS_3_194_CA_1_validation,2016-04-11,16,17.3925544224954,34.0,0,2,34.7851088449908,34.0,True,False,Stockout Risk
FOODS_3_194_CA_1_validation,2016-04-18,16,15.802434424824282,33.0,0,2,31.604868849648565,33.0,False,False,Normal
FOODS_3_195_CA_1_validation,2016-03-14,0,1.9155591168131951,0.0,0,2,3.8311182336263903,0.0,True,False,Stockout Risk
FOODS_3_195_CA_1_validation,2016-03-21,0,1.478963360193856,0.0,0,2,2.957926720387712,0.0,True,False,Stockout Risk
FOODS_3_195_CA_1_validation,2016-03-28,0,0.5023478579953735,0.0,0,2,1.004695715990747,0.0,True,False,Stockout Risk
FOODS_3_195_CA_1_validation,2016-04-04,0,0.6077830557010407,0.0,0,2,1.2155661114020815,0.0,True,False,Stockout Risk
FOODS_3_195_CA_1_validation,2016-04-11,0,0.3742540594074448,0.0,0,2,0.7485081188148895,0.0,True,False,Stockout Risk
FOODS_3_195_CA_1_validation,2016-04-18,10,0.3613841624801346,5.0,0,2,0.7227683249602692,5.0,False,False,Normal
FOODS_3_196_CA_1_validation,2016-03-14,8,8.654742198534972,16.0,0,2,17.309484397069944,16.0,True,False,Stockout Risk
FOODS_3_196_CA_1_validation,2016-03-21,5,8.483791843896402,13.0,0,2,16.967583687792803,13.0,True,False,Stockout Risk
FOODS_3_196_CA_1_validation,2016-03-28,7,7.544173608332322,13.0,0,2,15.088347216664644,13.0,True,False,Stockout Risk
FOODS_3_196_CA_1_validation,2016-04-04,3,7.348972392339422,12.0,0,2,14.697944784678844,12.0,True,False,Stockout Risk
FOODS_3_196_CA_1_validation,2016-04-11,4,5.436667003446266,10.0,0,2,10.873334006892533,10.0,True,False,Stockout Risk
FOODS_3_196_CA_1_validation,2016-04-18,5,5.318316816931554,10.0,0,2,10.636633633863108,10.0,True,False,Stockout Risk
FOODS_3_197_CA_1_validation,2016-03-14,8,5.075279171438352,16.0,0,2,10.150558342876703,16.0,False,False,Normal
FOODS_3_197_CA_1_validation,2016-03-21,6,7.057023385233438,14.0,0,2,14.114046770466876,14.0,True,False,Stockout Risk
FOODS_3_197_CA_1_validation,2016-03-28,7,6.209873402116503,14.0,0,2,12.419746804233005,14.0,False,False,Normal
FOODS_3_197_CA_1_validation,2016-04-04,9,6.494461362098975,15.0,0,2,12.98892272419795,15.0,False,False,Normal
FOODS_3_197_CA_1_validation,2016-04-11,8,6.925892266587293,15.0,0,2,13.851784533174586,15.0,False,False,Normal
FOODS_3_197_CA_1_validation,2016-04-18,4,7.704146291788047,14.0,0,2,15.408292583576094,14.0,True,False,Stockout Risk
FOODS_3_198_CA_1_validation,2016-03-14,0,0.3651618097588788,0.0,0,2,0.7303236195177576,0.0,True,False,Stockout Risk
FOODS_3_198_CA_1_validation,2016-03-21,0,0.3651618097588788,0.0,0,2,0.7303236195177576,0.0,True,False,Stockout Risk
FOODS_3_198_CA_1_validation,2016-03-28,0,0.3651618097588788,0.0,0,2,0.7303236195177576,0.0,True,False,Stockout Risk
FOODS_3_198_CA_1_validation,2016-04-04,0,0.5470073055823366,0.0,0,2,1.0940146111646731,0.0,True,False,Stockout Risk
FOODS_3_198_CA_1_validation,2016-04-11,1,0.3006084123614305,0.0,0,2,0.601216824722861,0.0,True,False,Stockout Risk
FOODS_3_198_CA_1_validation,2016-04-18,3,3.4247393097181598,2.0,0,2,6.8494786194363195,2.0,True,False,Stockout Risk
FOODS_3_199_CA_1_validation,2016-03-14,8,4.021869774006724,16.0,0,2,8.043739548013448,16.0,False,False,Normal
FOODS_3_199_CA_1_validation,2016-03-21,7,6.212764539771523,15.0,0,2,12.425529079543047,15.0,False,False,Normal
FOODS_3_199_CA_1_validation,2016-03-28,7,6.766695103753489,15.0,0,2,13.533390207506978,15.0,False,False,Normal
FOODS_3_199_CA_1_validation,2016-04-04,11,6.057843068166211,16.0,0,2,12.115686136332423,16.0,False,False,Normal
FOODS_3_199_CA_1_validation,2016-04-11,4,8.495504226166686,14.0,0,2,16.99100845233337,14.0,True,False,Stockout Risk
FOODS_3_199_CA_1_validation,2016-04-18,0,6.546302380443079,11.0,0,2,13.092604760886157,11.0,True,False,Stockout Risk
FOODS_3_200_CA_1_validation,2016-03-14,21,10.521260971090712,42.0,0,2,21.042521942181423,42.0,False,False,Normal
FOODS_3_200_CA_1_validation,2016-03-21,9,15.114106728286036,30.0,0,2,30.22821345657207,30.0,True,False,Stockout Risk
FOODS_3_200_CA_1_validation,2016-03-28,6,11.415518129663566,24.0,0,2,22.83103625932713,24.0,False,False,Normal
FOODS_3_200_CA_1_validation,2016-04-04,0,10.031998571437764,18.0,0,2,20.06399714287553,18.0,True,False,Stockout Risk
FOODS_3_200_CA_1_validation,2016-04-11,1,4.338448823203406,8.0,0,2,8.676897646406813,8.0,True,False,Stockout Risk
FOODS_3_200_CA_1_validation,2016-04-18,14,5.0999772985191125,10.0,0,2,10.199954597038225,10.0,True,False,Stockout Risk
FOODS_3_201_CA_1_validation,2016-03-14,0,12.637582674388844,0.0,0,2,25.275165348777687,0.0,True,False,Stockout Risk
FOODS_3_201_CA_1_validation,2016-03-21,12,5.35762122258359,12.0,0,2,10.71524244516718,12.0,False,False,Normal
FOODS_3_201_CA_1_validation,2016-03-28,11,13.19841719147862,15.0,0,2,26.39683438295724,15.0,True,False,Stockout Risk
FOODS_3_201_CA_1_validation,2016-04-04,10,10.174998825951851,16.0,0,2,20.349997651903703,16.0,True,False,Stockout Risk
FOODS_3_201_CA_1_validation,2016-04-11,9,11.293969334874834,21.0,0,2,22.58793866974967,21.0,True,False,Stockout Risk
FOODS_3_201_CA_1_validation,2016-04-18,15,9.607022258059756,22.0,0,2,19.21404451611951,22.0,False,False,Normal
FOODS_3_202_CA_1_validation,2016-03-14,80,103.70443259441537,160.0,0,2,207.40886518883073,160.0,True,False,Stockout Risk
FOODS_3_202_CA_1_validation,2016-03-21,117,90.2353148602561,197.0,0,2,180.4706297205122,197.0,False,False,Normal
FOODS_3_202_CA_1_validation,2016-03-28,102,108.06047230024484,199.0,0,2,216.12094460048968,199.0,True,False,Stockout Risk
FOODS_3_202_CA_1_validation,2016-04-04,130,104.63254423678003,214.0,0,2,209.26508847356007,214.0,False,False,Normal
FOODS_3_202_CA_1_validation,2016-04-11,103,104.43812372482708,226.0,0,2,208.87624744965416,226.0,False,False,Normal
FOODS_3_202_CA_1_validation,2016-04-18,117,99.11626720517351,226.0,0,2,198.23253441034703,226.0,False,False,Normal
FOODS_3_203_CA_1_validation,2016-03-14,19,24.39504945285693,38.0,0,2,48.79009890571386,38.0,True,False,Stockout Risk
FOODS_3_203_CA_1_validation,2016-03-21,25,21.75465932041977,44.0,0,2,43.50931864083954,44.0,False,False,Normal
FOODS_3_203_CA_1_validation,2016-03-28,33,22.46655085270415,51.0,0,2,44.9331017054083,51.0,False,False,Normal
FOODS_3_203_CA_1_validation,2016-04-04,27,27.233465478370277,52.0,0,2,54.466930956740555,52.0,True,False,Stockout Risk
FOODS_3_203_CA_1_validation,2016-04-11,34,25.626036749166836,60.0,0,2,51.25207349833367,60.0,False,False,Normal
FOODS_3_203_CA_1_validation,2016-04-18,25,28.40084134818559,60.0,0,2,56.80168269637118,60.0,False,False,Normal
FOODS_3_204_CA_1_validation,2016-03-14,2,4.290034935730752,4.0,0,2,8.580069871461504,4.0,True,False,Stockout Risk
FOODS_3_204_CA_1_validation,2016-03-21,3,3.5488845966709857,5.0,0,2,7.097769193341971,5.0,True,False,Stockout Risk
FOODS_3_204_CA_1_validation,2016-03-28,2,3.7522637659739937,5.0,0,2,7.504527531947987,5.0,True,False,Stockout Risk
FOODS_3_204_CA_1_validation,2016-04-04,5,3.4430565118985927,6.0,0,2,6.8861130237971855,6.0,True,False,Stockout Risk
FOODS_3_204_CA_1_validation,2016-04-11,1,4.009816373564949,6.0,0,2,8.019632747129897,6.0,True,False,Stockout Risk
FOODS_3_204_CA_1_validation,2016-04-18,5,2.926228353557791,6.0,0,2,5.852456707115582,6.0,False,False,Normal
FOODS_3_205_CA_1_validation,2016-03-14,0,0.7782088203748598,0.0,0,2,1.5564176407497197,0.0,True,False,Stockout Risk
FOODS_3_205_CA_1_validation,2016-03-21,0,0.4259375598775828,0.0,0,2,0.8518751197551656,0.0,True,False,Stockout Risk
FOODS_3_205_CA_1_validation,2016-03-28,0,0.4259375598775828,0.0,0,2,0.8518751197551656,0.0,True,False,Stockout Risk
FOODS_3_205_CA_1_validation,2016-04-04,0,0.5470073055823366,0.0,0,2,1.0940146111646731,0.0,True,False,Stockout Risk
FOODS_3_205_CA_1_validation,2016-04-11,0,0.3006084123614305,0.0,0,2,0.601216824722861,0.0,True,False,Stockout Risk
FOODS_3_205_CA_1_validation,2016-04-18,0,0.3006084123614305,0.0,0,2,0.601216824722861,0.0,True,False,Stockout Risk
FOODS_3_206_CA_1_validation,2016-03-14,0,0.3651618097588788,0.0,0,2,0.7303236195177576,0.0,True,False,Stockout Risk
FOODS_3_206_CA_1_validation,2016-03-21,0,0.3651618097588788,0.0,0,2,0.7303236195177576,0.0,True,False,Stockout Risk
FOODS_3_206_CA_1_validation,2016-03-28,0,0.3651618097588788,0.0,0,2,0.7303236195177576,0.0,True,False,Stockout Risk
FOODS_3_206_CA_1_validation,2016-04-04,15,0.5470073055823366,8.0,0,2,1.0940146111646731,8.0,False,False,Normal
FOODS_3_206_CA_1_validation,2016-04-11,22,17.68284326207577,18.0,0,2,35.36568652415154,18.0,True,False,Stockout Risk
FOODS_3_206_CA_1_validation,2016-04-18,11,18.9717749200808,24.0,0,2,37.9435498401616,24.0,True,False,Stockout Risk
FOODS_3_207_CA_1_validation,2016-03-14,0,6.640387186539284,0.0,0,2,13.280774373078568,0.0,True,False,Stockout Risk
FOODS_3_207_CA_1_validation,2016-03-21,10,3.0787169919787383,10.0,0,2,6.1574339839574765,10.0,False,False,Normal
FOODS_3_207_CA_1_validation,2016-03-28,17,8.861035058423186,18.0,0,2,17.72207011684637,18.0,False,False,Normal
FOODS_3_207_CA_1_validation,2016-04-04,11,11.246083809252193,19.0,0,2,22.492167618504386,19.0,True,False,Stockout Risk
FOODS_3_207_CA_1_validation,2016-04-11,11,11.029732125593748,24.0,0,2,22.059464251187496,24.0,False,False,Normal
FOODS_3_207_CA_1_validation,2016-04-18,8,10.11756022055183,24.0,0,2,20.23512044110366,24.0,False,False,Normal
FOODS_3_208_CA_1_validation,2016-03-14,26,16.402820027785857,52.0,0,2,32.805640055571715,52.0,False,False,Normal
FOODS_3_208_CA_1_validation,2016-03-21,26,19.78844255498413,52.0,0,2,39.57688510996826,52.0,False,False,Normal
FOODS_3_208_CA_1_validation,2016-03-28,13,23.35898894836723,43.0,0,2,46.71797789673446,43.0,True,False,Stockout Risk
FOODS_3_208_CA_1_validation,2016-04-04,21,18.594314833492096,43.0,0,2,37.18862966698419,43.0,False,False,Normal
FOODS_3_208_CA_1_validation,2016-04-11,10,19.455951312314152,35.0,0,2,38.911902624628304,35.0,True,False,Stockout Risk
FOODS_3_208_CA_1_validation,2016-04-18,17,15.622677059042168,30.0,0,2,31.245354118084336,30.0,True,False,Stockout Risk
FOODS_3_209_CA_1_validation,2016-03-14,4,8.339693193748555,8.0,0,2,16.67938638749711,8.0,True,False,Stockout Risk
FOODS_3_209_CA_1_validation,2016-03-21,8,5.953812509521023,12.0,0,2,11.907625019042046,12.0,False,False,Normal
FOODS_3_209_CA_1_validation,2016-03-28,6,7.079586182844597,12.0,0,2,14.159172365689194,12.0,True,False,Stockout Risk
FOODS_3_209_CA_1_validation,2016-04-04,5,7.310453760270163,12.0,0,2,14.620907520540326,12.0,True,False,Stockout Risk
FOODS_3_209_CA_1_validation,2016-04-11,7,6.480600208120486,13.0,0,2,12.961200416240972,13.0,False,False,Normal
FOODS_3_209_CA_1_validation,2016-04-18,5,6.135336566173948,12.0,0,2,12.270673132347897,12.0,True,False,Stockout Risk
FOODS_3_210_CA_1_validation,2016-03-14,0,0.438807456804893,0.0,0,2,0.877614913609786,0.0,True,False,Stockout Risk
FOODS_3_210_CA_1_validation,2016-03-21,0,0.438807456804893,0.0,0,2,0.877614913609786,0.0,True,False,Stockout Risk
FOODS_3_210_CA_1_validation,2016-03-28,0,0.3651618097588788,0.0,0,2,0.7303236195177576,0.0,True,False,Stockout Risk
FOODS_3_210_CA_1_validation,2016-04-04,0,0.5470073055823366,0.0,0,2,1.0940146111646731,0.0,True,False,Stockout Risk
FOODS_3_210_CA_1_validation,2016-04-11,0,0.3006084123614305,0.0,0,2,0.601216824722861,0.0,True,False,Stockout Risk
FOODS_3_210_CA_1_validation,2016-04-18,0,0.3006084123614305,0.0,0,2,0.601216824722861,0.0,True,False,Stockout Risk
FOODS_3_211_CA_1_validation,2016-03-14,7,9.815597666571994,14.0,0,2,19.63119533314399,14.0,True,False,Stockout Risk
FOODS_3_211_CA_1_validation,2016-03-21,18,9.005622609132766,25.0,0,2,18.011245218265532,25.0,False,False,Normal
FOODS_3_211_CA_1_validation,2016-03-28,20,11.799732630759738,30.0,0,2,23.599465261519477,30.0,False,False,Normal
FOODS_3_211_CA_1_validation,2016-04-04,16,15.002930094411054,30.0,0,2,30.00586018882211,30.0,True,False,Stockout Risk
FOODS_3_211_CA_1_validation,2016-04-11,16,14.253476172832569,35.0,0,2,28.506952345665137,35.0,False,False,Normal
FOODS_3_211_CA_1_validation,2016-04-18,8,14.721334808101146,30.0,0,2,29.44266961620229,30.0,False,False,Normal
FOODS_3_212_CA_1_validation,2016-03-14,11,9.801234966917765,22.0,0,2,19.60246993383553,22.0,False,False,Normal
FOODS_3_212_CA_1_validation,2016-03-21,6,10.111686410604294,17.0,0,2,20.22337282120859,17.0,True,False,Stockout Risk
FOODS_3_212_CA_1_validation,2016-03-28,14,9.572184429330534,21.0,0,2,19.144368858661068,21.0,False,False,Normal
FOODS_3_212_CA_1_validation,2016-04-04,8,10.213304585001325,20.0,0,2,20.42660917000265,20.0,True,False,Stockout Risk
FOODS_3_212_CA_1_validation,2016-04-11,7,9.774952595695188,18.0,0,2,19.549905191390376,18.0,True,False,Stockout Risk
FOODS_3_212_CA_1_validation,2016-04-18,8,8.565981636890852,18.0,0,2,17.131963273781704,18.0,False,False,Normal
FOODS_3_213_CA_1_validation,2016-03-14,5,10.426593766535456,10.0,0,2,20.853187533070912,10.0,True,False,Stockout Risk
FOODS_3_213_CA_1_validation,2016-03-21,5,9.499063312579258,10.0,0,2,18.998126625158516,10.0,True,False,Stockout Risk
FOODS_3_213_CA_1_validation,2016-03-28,5,7.4583298903433635,10.0,0,2,14.916659780686727,10.0,True,False,Stockout Risk
FOODS_3_213_CA_1_validation,2016-04-04,4,7.646654909074282,10.0,0,2,15.293309818148565,10.0,True,False,Stockout Risk
FOODS_3_213_CA_1_validation,2016-04-11,5,5.826041871214444,10.0,0,2,11.652083742428887,10.0,True,False,Stockout Risk
FOODS_3_213_CA_1_validation,2016-04-18,4,6.097572163517602,9.0,0,2,12.195144327035203,9.0,True,False,Stockout Risk
FOODS_3_214_CA_1_validation,2016-03-14,8,20.38714371929392,16.0,0,2,40.77428743858784,16.0,True,False,Stockout Risk
FOODS_3_214_CA_1_validation,2016-03-21,13,14.98909388553796,21.0,0,2,29.97818777107592,21.0,True,False,Stockout Risk
FOODS_3_214_CA_1_validation,2016-03-28,3,16.863299259441508,16.0,0,2,33.726598518883016,16.0,True,False,Stockout Risk
FOODS_3_214_CA_1_validation,2016-04-04,2,9.770767879003657,13.0,0,2,19.541535758007313,13.0,True,False,Stockout Risk
FOODS_3_214_CA_1_validation,2016-04-11,14,7.502166592416136,16.0,0,2,15.004333184832271,16.0,False,False,Normal
FOODS_3_214_CA_1_validation,2016-04-18,12,11.074120141717115,16.0,0,2,22.14824028343423,16.0,True,False,Stockout Risk
FOODS_3_215_CA_1_validation,2016-03-14,20,14.41882852458924,40.0,0,2,28.83765704917848,40.0,False,False,Normal
FOODS_3_215_CA_1_validation,2016-03-21,14,16.350007067257255,34.0,0,2,32.70001413451451,34.0,False,False,Normal
FOODS_3_215_CA_1_validation,2016-03-28,16,15.525519561045742,33.0,0,2,31.051039122091485,33.0,False,False,Normal
FOODS_3_215_CA_1_validation,2016-04-04,27,15.64209633287428,38.0,0,2,31.28419266574856,38.0,False,False,Normal
FOODS_3_215_CA_1_validation,2016-04-11,13,19.21127291043947,35.0,0,2,38.42254582087894,35.0,True,False,Stockout Risk
FOODS_3_215_CA_1_validation,2016-04-18,11,15.846539416847174,34.0,0,2,31.693078833694347,34.0,False,False,Normal
FOODS_3_216_CA_1_validation,2016-03-14,13,8.791866256798492,26.0,0,2,17.583732513596985,26.0,False,False,Normal
FOODS_3_216_CA_1_validation,2016-03-21,8,10.135769078710696,21.0,0,2,20.271538157421393,21.0,False,False,Normal
FOODS_3_216_CA_1_validation,2016-03-28,6,8.620461260536318,18.0,0,2,17.240922521072637,18.0,False,False,Normal
FOODS_3_216_CA_1_validation,2016-04-04,3,7.620086359735053,15.0,0,2,15.240172719470106,15.0,True,False,Stockout Risk
FOODS_3_216_CA_1_validation,2016-04-11,8,5.775806069137417,12.0,0,2,11.551612138274834,12.0,False,False,Normal
FOODS_3_216_CA_1_validation,2016-04-18,7,6.316282442331058,12.0,0,2,12.632564884662116,12.0,True,False,Stockout Risk
FOODS_3_217_CA_1_validation,2016-03-14,23,25.50583421658316,46.0,0,2,51.01166843316632,46.0,True,False,Stockout Risk
FOODS_3_217_CA_1_validation,2016-03-21,32,25.097192903526075,55.0,0,2,50.19438580705215,55.0,False,False,Normal
FOODS_3_217_CA_1_validation,2016-03-28,19,27.373763148763093,49.0,0,2,54.747526297526186,49.0,True,False,Stockout Risk
FOODS_3_217_CA_1_validation,2016-04-04,24,24.09876701448153,49.0,0,2,48.19753402896306,49.0,False,False,Normal
FOODS_3_217_CA_1_validation,2016-04-11,25,23.745499007971272,50.0,0,2,47.490998015942544,50.0,False,False,Normal
FOODS_3_217_CA_1_validation,2016-04-18,23,25.27112472228716,46.0,0,2,50.54224944457432,46.0,True,False,Stockout Risk
FOODS_3_218_CA_1_validation,2016-03-14,6,4.713427699493765,12.0,0,2,9.42685539898753,12.0,False,False,Normal
FOODS_3_218_CA_1_validation,2016-03-21,0,5.093334832115455,6.0,0,2,10.18666966423091,6.0,True,False,Stockout Risk
FOODS_3_218_CA_1_validation,2016-03-28,9,2.1615847212212627,10.0,0,2,4.323169442442525,10.0,False,False,Normal
FOODS_3_218_CA_1_validation,2016-04-04,5,6.221091350299054,10.0,0,2,12.442182700598108,10.0,True,False,Stockout Risk
FOODS_3_218_CA_1_validation,2016-04-11,3,4.981750979293652,8.0,0,2,9.963501958587305,8.0,True,False,Stockout Risk
FOODS_3_218_CA_1_validation,2016-04-18,3,4.576093732920121,10.0,0,2,9.152187465840242,10.0,False,False,Normal
FOODS_3_219_CA_1_validation,2016-03-14,41,59.00150447918023,82.0,0,2,118.00300895836045,82.0,True,False,Stockout Risk
FOODS_3_219_CA_1_validation,2016-03-21,73,51.09673197300357,114.0,0,2,102.19346394600714,114.0,False,False,Normal
FOODS_3_219_CA_1_validation,2016-03-28,73,69.33889954108317,125.0,0,2,138.67779908216633,125.0,True,False,Stockout Risk
FOODS_3_219_CA_1_validation,2016-04-04,57,69.09230009464802,122.0,0,2,138.18460018929605,122.0,True,False,Stockout Risk
FOODS_3_219_CA_1_validation,2016-04-11,61,62.88751234030934,132.0,0,2,125.77502468061869,132.0,False,False,Normal
FOODS_3_219_CA_1_validation,2016-04-18,53,63.48367910427552,122.0,0,2,126.96735820855103,122.0,True,False,Stockout Risk
FOODS_3_220_CA_1_validation,2016-03-14,4,3.18637884311611,8.0,0,2,6.37275768623222,8.0,False,False,Normal
FOODS_3_220_CA_1_validation,2016-03-21,7,3.7031405859802384,11.0,0,2,7.406281171960477,11.0,False,False,Normal
FOODS_3_220_CA_1_validation,2016-03-28,2,5.051599300750922,9.0,0,2,10.103198601501845,9.0,True,False,Stockout Risk
FOODS_3_220_CA_1_validation,2016-04-04,2,4.005006290391231,8.0,0,2,8.010012580782462,8.0,True,False,Stockout Risk
FOODS_3_220_CA_1_validation,2016-04-11,1,3.336064547255416,6.0,0,2,6.672129094510832,6.0,True,False,Stockout Risk
FOODS_3_220_CA_1_validation,2016-04-18,1,2.589248378827544,3.0,0,2,5.178496757655088,3.0,True,False,Stockout Risk
FOODS_3_221_CA_1_validation,2016-03-14,16,7.907218072613569,32.0,0,2,15.814436145227138,32.0,False,False,Normal
FOODS_3_221_CA_1_validation,2016-03-21,10,11.154823781772969,26.0,0,2,22.309647563545937,26.0,False,False,Normal
FOODS_3_221_CA_1_validation,2016-03-28,11,10.232075704177564,25.0,0,2,20.46415140835513,25.0,False,False,Normal
FOODS_3_221_CA_1_validation,2016-04-04,10,9.915466348336972,24.0,0,2,19.830932696673944,24.0,False,False,Normal
FOODS_3_221_CA_1_validation,2016-04-11,11,9.7121085886449,21.0,0,2,19.4242171772898,21.0,False,False,Normal
FOODS_3_221_CA_1_validation,2016-04-18,2,9.997739143521413,17.0,0,2,19.995478287042825,17.0,True,False,Stockout Risk
FOODS_3_222_CA_1_validation,2016-03-14,12,9.035799217786897,24.0,0,2,18.071598435573794,24.0,False,False,Normal
FOODS_3_222_CA_1_validation,2016-03-21,1,9.732216342276192,13.0,0,2,19.464432684552385,13.0,True,False,Stockout Risk
FOODS_3_222_CA_1_validation,2016-03-28,7,6.226673528880607,13.0,0,2,12.453347057761214,13.0,False,False,Normal
FOODS_3_222_CA_1_validation,2016-04-04,5,8.049865802255855,12.0,0,2,16.09973160451171,12.0,True,False,Stockout Risk
FOODS_3_222_CA_1_validation,2016-04-11,12,6.32797439126211,12.0,0,2,12.65594878252422,12.0,True,False,Stockout Risk
FOODS_3_222_CA_1_validation,2016-04-18,14,7.519216795296187,19.0,0,2,15.038433590592375,19.0,False,False,Normal
FOODS_3_223_CA_1_validation,2016-03-14,2,2.5185545738650097,4.0,0,2,5.037109147730019,4.0,True,False,Stockout Risk
FOODS_3_223_CA_1_validation,2016-03-21,4,3.372104520520399,6.0,0,2,6.744209041040798,6.0,True,False,Stockout Risk
FOODS_3_223_CA_1_validation,2016-03-28,6,4.357731652882167,8.0,0,2,8.715463305764334,8.0,True,False,Stockout Risk
FOODS_3_223_CA_1_validation,2016-04-04,3,5.12593631491009,8.0,0,2,10.25187262982018,8.0,True,False,Stockout Risk
FOODS_3_223_CA_1_validation,2016-04-11,3,4.153272949007048,8.0,0,2,8.306545898014097,8.0,True,False,Stockout Risk
FOODS_3_223_CA_1_validation,2016-04-18,6,4.057250546500914,9.0,0,2,8.114501093001827,9.0,False,False,Normal
FOODS_3_224_CA_1_validation,2016-03-14,14,12.92257050974086,28.0,0,2,25.84514101948172,28.0,False,False,Normal
FOODS_3_224_CA_1_validation,2016-03-21,19,12.72642345607762,33.0,0,2,25.45284691215524,33.0,False,False,Normal
FOODS_3_224_CA_1_validation,2016-03-28,17,14.824593286229936,33.0,0,2,29.64918657245987,33.0,False,False,Normal
FOODS_3_224_CA_1_validation,2016-04-04,13,16.013046174609617,32.0,0,2,32.02609234921923,32.0,True,False,Stockout Risk
FOODS_3_224_CA_1_validation,2016-04-11,12,14.169871154930386,30.0,0,2,28.33974230986077,30.0,False,False,Normal
FOODS_3_224_CA_1_validation,2016-04-18,9,13.735309660215108,26.0,0,2,27.470619320430217,26.0,True,False,Stockout Risk
FOODS_3_225_CA_1_validation,2016-03-14,12,10.575037454405342,24.0,0,2,21.150074908810684,24.0,False,False,Normal
FOODS_3_225_CA_1_validation,2016-03-21,4,10.771233014748152,16.0,0,2,21.542466029496303,16.0,True,False,Stockout Risk
FOODS_3_225_CA_1_validation,2016-03-28,21,9.079139526628088,25.0,0,2,18.158279053256177,25.0,False,False,Normal
FOODS_3_225_CA_1_validation,2016-04-04,5,14.14595274213056,21.0,0,2,28.29190548426112,21.0,True,False,Stockout Risk
FOODS_3_225_CA_1_validation,2016-04-11,9,9.431716803161722,20.0,0,2,18.863433606323444,20.0,False,False,Normal
FOODS_3_225_CA_1_validation,2016-04-18,8,9.280936656822472,22.0,0,2,18.561873313644945,22.0,False,False,Normal
FOODS_3_226_CA_1_validation,2016-03-14,33,35.17121161036448,66.0,0,2,70.34242322072896,66.0,True,False,Stockout Risk
FOODS_3_226_CA_1_validation,2016-03-21,60,33.032081692695044,93.0,0,2,66.06416338539009,93.0,False,False,Normal
FOODS_3_226_CA_1_validation,2016-03-28,46,45.91854464311927,93.0,0,2,91.83708928623854,93.0,False,False,Normal
FOODS_3_226_CA_1_validation,2016-04-04,50,44.28506259666128,94.0,0,2,88.57012519332255,94.0,False,False,Normal
FOODS_3_226_CA_1_validation,2016-04-11,44,45.28183297413178,100.0,0,2,90.56366594826356,100.0,False,False,Normal
FOODS_3_226_CA_1_validation,2016-04-18,34,44.48618266902892,87.0,0,2,88.97236533805784,87.0,True,False,Stockout Risk
FOODS_3_227_CA_1_validation,2016-03-14,25,40.47500197320738,50.0,0,2,80.95000394641475,50.0,True,False,Stockout Risk
FOODS_3_227_CA_1_validation,2016-03-21,36,32.592548292825185,61.0,0,2,65.18509658565037,61.0,True,False,Stockout Risk
FOODS_3_227_CA_1_validation,2016-03-28,47,36.97359442020971,72.0,0,2,73.94718884041941,72.0,True,False,Stockout Risk
FOODS_3_227_CA_1_validation,2016-04-04,49,40.317199808141815,78.0,0,2,80.63439961628363,78.0,True,False,Stockout Risk
FOODS_3_227_CA_1_validation,2016-04-11,32,40.777126451305946,82.0,0,2,81.55425290261189,82.0,False,False,Normal
FOODS_3_227_CA_1_validation,2016-04-18,32,36.50098859405711,80.0,0,2,73.00197718811422,80.0,False,False,Normal
FOODS_3_228_CA_1_validation,2016-03-14,44,37.12437045205158,88.0,0,2,74.24874090410316,88.0,False,False,Normal
FOODS_3_228_CA_1_validation,2016-03-21,38,40.3272103832707,82.0,0,2,80.6544207665414,82.0,False,False,Normal
FOODS_3_228_CA_1_validation,2016-03-28,47,37.62568688910178,86.0,0,2,75.25137377820356,86.0,False,False,Normal
FOODS_3_228_CA_1_validation,2016-04-04,46,41.68279570660765,88.0,0,2,83.3655914132153,88.0,False,False,Normal
FOODS_3_228_CA_1_validation,2016-04-11,42,44.38509553569479,86.0,0,2,88.77019107138958,86.0,True,False,Stockout Risk
FOODS_3_228_CA_1_validation,2016-04-18,50,41.05593207710528,92.0,0,2,82.11186415421056,92.0,False,False,Normal
FOODS_3_229_CA_1_validation,2016-03-14,0,4.64122509213673,0.0,0,2,9.28245018427346,0.0,True,False,Stockout Risk
FOODS_3_229_CA_1_validation,2016-03-21,4,2.040229233872369,4.0,0,2,4.080458467744738,4.0,True,False,Stockout Risk
FOODS_3_229_CA_1_validation,2016-03-28,3,6.547775872054936,5.0,0,2,13.095551744109873,5.0,True,False,Stockout Risk
FOODS_3_229_CA_1_validation,2016-04-04,3,3.700716508660389,5.0,0,2,7.401433017320778,5.0,True,False,Stockout Risk
FOODS_3_229_CA_1_validation,2016-04-11,5,3.622850497676033,8.0,0,2,7.245700995352066,8.0,False,False,Normal
FOODS_3_229_CA_1_validation,2016-04-18,6,3.849663731334209,8.0,0,2,7.699327462668418,8.0,False,False,Normal
FOODS_3_230_CA_1_validation,2016-03-14,26,22.01674905877193,52.0,0,2,44.03349811754386,52.0,False,False,Normal
FOODS_3_230_CA_1_validation,2016-03-21,35,23.92960818906184,61.0,0,2,47.85921637812368,61.0,False,False,Normal
FOODS_3_230_CA_1_validation,2016-03-28,35,30.174639537491604,64.0,0,2,60.34927907498321,64.0,False,False,Normal
FOODS_3_230_CA_1_validation,2016-04-04,29,30.11122042325598,62.0,0,2,60.22244084651196,62.0,False,False,Normal
FOODS_3_230_CA_1_validation,2016-04-11,43,27.652122900504548,71.0,0,2,55.304245801009095,71.0,False,False,Normal
FOODS_3_230_CA_1_validation,2016-04-18,34,34.18932019395967,70.0,0,2,68.37864038791933,70.0,False,False,Normal
FOODS_3_231_CA_1_validation,2016-03-14,12,12.182929113795554,24.0,0,2,24.365858227591108,24.0,True,False,Stockout Risk
FOODS_3_231_CA_1_validation,2016-03-21,20,12.484921744167876,32.0,0,2,24.96984348833575,32.0,False,False,Normal
FOODS_3_231_CA_1_validation,2016-03-28,6,14.636566246078855,25.0,0,2,29.27313249215771,25.0,True,False,Stockout Risk
FOODS_3_231_CA_1_validation,2016-04-04,15,12.591013965417778,26.0,0,2,25.182027930835556,26.0,False,False,Normal
FOODS_3_231_CA_1_validation,2016-04-11,14,12.416859725138734,28.0,0,2,24.833719450277467,28.0,False,False,Normal
FOODS_3_231_CA_1_validation,2016-04-18,31,12.791598526790814,33.0,0,2,25.583197053581628,33.0,False,False,Normal
FOODS_3_232_CA_1_validation,2016-03-14,34,24.179502385227465,68.0,0,2,48.35900477045493,68.0,False,False,Normal
FOODS_3_232_CA_1_validation,2016-03-21,25,25.93175237960541,59.0,0,2,51.86350475921082,59.0,False,False,Normal
FOODS_3_232_CA_1_validation,2016-03-28,36,24.806258503397203,63.0,0,2,49.612517006794405,63.0,False,False,Normal
FOODS_3_232_CA_1_validation,2016-04-04,23,29.854144176658085,59.0,0,2,59.70828835331617,59.0,True,False,Stockout Risk
FOODS_3_232_CA_1_validation,2016-04-11,25,26.011784783325385,54.0,0,2,52.02356956665077,54.0,False,False,Normal
FOODS_3_232_CA_1_validation,2016-04-18,24,24.420054042248267,54.0,0,2,48.840108084496535,54.0,False,False,Normal
FOODS_3_233_CA_1_validation,2016-03-14,52,73.7183022892835,104.0,0,2,147.436604578567,104.0,True,False,Stockout Risk
FOODS_3_233_CA_1_validation,2016-03-21,51,47.738930574406496,103.0,0,2,95.47786114881299,103.0,False,False,Normal
FOODS_3_233_CA_1_validation,2016-03-28,51,46.72311680902591,103.0,0,2,93.44623361805182,103.0,False,False,Normal
FOODS_3_233_CA_1_validation,2016-04-04,71,58.427808888939126,112.0,0,2,116.85561777787825,112.0,True,False,Stockout Risk
FOODS_3_233_CA_1_validation,2016-04-11,37,57.4800470758946,105.0,0,2,114.9600941517892,105.0,True,False,Stockout Risk
FOODS_3_233_CA_1_validation,2016-04-18,44,41.56203923792095,102.0,0,2,83.1240784758419,102.0,False,False,Normal
FOODS_3_234_CA_1_validation,2016-03-14,4,25.357311935873557,8.0,0,2,50.714623871747115,8.0,True,False,Stockout Risk
FOODS_3_234_CA_1_validation,2016-03-21,5,19.465392161080302,9.0,0,2,38.930784322160605,9.0,True,False,Stockout Risk
FOODS_3_234_CA_1_validation,2016-03-28,0,10.189966423865302,6.0,0,2,20.379932847730604,6.0,True,False,Stockout Risk
FOODS_3_234_CA_1_validation,2016-04-04,37,3.5458051011007083,23.0,0,2,7.091610202201417,23.0,False,False,Normal
FOODS_3_234_CA_1_validation,2016-04-11,98,35.9902234798625,70.0,0,2,71.980446959725,70.0,True,False,Stockout Risk
FOODS_3_234_CA_1_validation,2016-04-18,36,69.13544398921623,86.0,0,2,138.27088797843246,86.0,True,False,Stockout Risk
FOODS_3_235_CA_1_validation,2016-03-14,3,5.72940631577009,6.0,0,2,11.45881263154018,6.0,True,False,Stockout Risk
FOODS_3_235_CA_1_validation,2016-03-21,6,4.638447931981704,9.0,0,2,9.276895863963407,9.0,True,False,Stockout Risk
FOODS_3_235_CA_1_validation,2016-03-28,3,5.183128235195843,8.0,0,2,10.366256470391686,8.0,True,False,Stockout Risk
FOODS_3_235_CA_1_validation,2016-04-04,11,4.8921223074990525,12.0,0,2,9.784244614998105,12.0,False,False,Normal
FOODS_3_235_CA_1_validation,2016-04-11,11,6.890096245200602,16.0,0,2,13.780192490401204,16.0,False,False,Normal
FOODS_3_235_CA_1_validation,2016-04-18,10,8.294172481069415,18.0,0,2,16.58834496213883,18.0,False,False,Normal
FOODS_3_236_CA_1_validation,2016-03-14,17,10.782293766815828,34.0,0,2,21.564587533631656,34.0,False,False,Normal
FOODS_3_236_CA_1_validation,2016-03-21,6,14.308278584727184,23.0,0,2,28.616557169454367,23.0,True,False,Stockout Risk
FOODS_3_236_CA_1_validation,2016-03-28,8,8.48278915253875,21.0,0,2,16.9655783050775,21.0,False,False,Normal
FOODS_3_236_CA_1_validation,2016-04-04,18,8.332577835134584,24.0,0,2,16.66515567026917,24.0,False,False,Normal
FOODS_3_236_CA_1_validation,2016-04-11,20,12.224688844283335,26.0,0,2,24.44937768856667,26.0,False,False,Normal
FOODS_3_236_CA_1_validation,2016-04-18,15,15.18754114790501,30.0,0,2,30.37508229581002,30.0,True,False,Stockout Risk
FOODS_3_237_CA_1_validation,2016-03-14,6,4.489863745642108,12.0,0,2,8.979727491284216,12.0,False,False,Normal
FOODS_3_237_CA_1_validation,2016-03-21,7,5.61215373617361,13.0,0,2,11.22430747234722,13.0,False,False,Normal
FOODS_3_237_CA_1_validation,2016-03-28,3,6.680827557766853,11.0,0,2,13.361655115533706,11.0,True,False,Stockout Risk
FOODS_3_237_CA_1_validation,2016-04-04,9,5.15657737789924,12.0,0,2,10.31315475579848,12.0,False,False,Normal
FOODS_3_237_CA_1_validation,2016-04-11,6,6.720907813206896,12.0,0,2,13.441815626413792,12.0,True,False,Stockout Risk
FOODS_3_237_CA_1_validation,2016-04-18,4,6.24763303861198,11.0,0,2,12.49526607722396,11.0,True,False,Stockout Risk
FOODS_3_238_CA_1_validation,2016-03-14,25,21.845035405856187,50.0,0,2,43.690070811712374,50.0,False,False,Normal
FOODS_3_238_CA_1_validation,2016-03-21,28,22.89097975671493,53.0,0,2,45.78195951342986,53.0,False,False,Normal
FOODS_3_238_CA_1_validation,2016-03-28,22,25.03413672317416,50.0,0,2,50.06827344634832,50.0,True,False,Stockout Risk
FOODS_3_238_CA_1_validation,2016-04-04,38,24.66748165218839,56.0,0,2,49.33496330437678,56.0,False,False,Normal
FOODS_3_238_CA_1_validation,2016-04-11,22,30.116723208452584,55.0,0,2,60.23344641690517,55.0,True,False,Stockout Risk
FOODS_3_238_CA_1_validation,2016-04-18,19,26.367602794206853,50.0,0,2,52.735205588413706,50.0,True,False,Stockout Risk
FOODS_3_239_CA_1_validation,2016-03-14,6,5.233394907979452,12.0,0,2,10.466789815958904,12.0,False,False,Normal
FOODS_3_239_CA_1_validation,2016-03-21,8,5.634839874551664,14.0,0,2,11.269679749103329,14.0,False,False,Normal
FOODS_3_239_CA_1_validation,2016-03-28,5,6.683953976674751,13.0,0,2,13.367907953349501,13.0,True,False,Stockout Risk
FOODS_3_239_CA_1_validation,2016-04-04,4,5.745874486702148,12.0,0,2,11.491748973404295,12.0,False,False,Normal
FOODS_3_239_CA_1_validation,2016-04-11,3,5.0224120212967485,10.0,0,2,10.044824042593497,10.0,True,False,Stockout Risk
FOODS_3_239_CA_1_validation,2016-04-18,9,4.62555267042475,10.0,0,2,9.2511053408495,10.0,False,False,Normal
FOODS_3_240_CA_1_validation,2016-03-14,2,3.258379435621362,4.0,0,2,6.516758871242724,4.0,True,False,Stockout Risk
FOODS_3_240_CA_1_validation,2016-03-21,0,2.8561701984672734,2.0,0,2,5.712340396934547,2.0,True,False,Stockout Risk
FOODS_3_240_CA_1_validation,2016-03-28,1,1.0272999898479327,2.0,0,2,2.0545999796958654,2.0,True,False,Stockout Risk
FOODS_3_240_CA_1_validation,2016-04-04,6,2.723149032962152,4.0,0,2,5.446298065924304,4.0,True,False,Stockout Risk
FOODS_3_240_CA_1_validation,2016-04-11,3,4.06150348904768,5.0,0,2,8.12300697809536,5.0,True,False,Stockout Risk
FOODS_3_240_CA_1_validation,2016-04-18,5,3.882675203359012,8.0,0,2,7.765350406718024,8.0,False,False,Normal
FOODS_3_241_CA_1_validation,2016-03-14,0,0.3651618097588788,0.0,0,2,0.7303236195177576,0.0,True,False,Stockout Risk
FOODS_3_241_CA_1_validation,2016-03-21,46,0.3651618097588788,46.0,0,2,0.7303236195177576,46.0,False,False,Normal
FOODS_3_241_CA_1_validation,2016-03-28,33,56.586591001678265,53.0,0,2,113.17318200335653,53.0,True,False,Stockout Risk
FOODS_3_241_CA_1_validation,2016-04-04,40,31.40766983204973,60.0,0,2,62.81533966409946,60.0,True,False,Stockout Risk
FOODS_3_241_CA_1_validation,2016-04-11,45,36.30606726739859,82.0,0,2,72.61213453479718,82.0,False,False,Normal
FOODS_3_241_CA_1_validation,2016-04-18,36,38.86800789450419,77.0,0,2,77.73601578900838,77.0,True,False,Stockout Risk
FOODS_3_242_CA_1_validation,2016-03-14,6,7.594528009272349,12.0,0,2,15.189056018544697,12.0,True,False,Stockout Risk
FOODS_3_242_CA_1_validation,2016-03-21,5,6.978890328188671,11.0,0,2,13.957780656377341,11.0,True,False,Stockout Risk
FOODS_3_242_CA_1_validation,2016-03-28,11,6.515393148049864,15.0,0,2,13.030786296099729,15.0,False,False,Normal
FOODS_3_242_CA_1_validation,2016-04-04,7,9.052302040298937,14.0,0,2,18.104604080597873,14.0,True,False,Stockout Risk
FOODS_3_242_CA_1_validation,2016-04-11,9,7.180114834153062,16.0,0,2,14.360229668306124,16.0,False,False,Normal
FOODS_3_242_CA_1_validation,2016-04-18,4,7.718619598104997,16.0,0,2,15.437239196209994,16.0,False,False,Normal
FOODS_3_243_CA_1_validation,2016-03-14,4,5.4168690524598215,8.0,0,2,10.833738104919643,8.0,True,False,Stockout Risk
FOODS_3_243_CA_1_validation,2016-03-21,3,5.052226939377289,7.0,0,2,10.104453878754578,7.0,True,False,Stockout Risk
FOODS_3_243_CA_1_validation,2016-03-28,6,4.690106067822199,9.0,0,2,9.380212135644397,9.0,True,False,Stockout Risk
FOODS_3_243_CA_1_validation,2016-04-04,6,5.364973731019301,10.0,0,2,10.729947462038602,10.0,True,False,Stockout Risk
FOODS_3_243_CA_1_validation,2016-04-11,4,5.353202648492096,10.0,0,2,10.706405296984192,10.0,True,False,Stockout Risk
FOODS_3_243_CA_1_validation,2016-04-18,4,5.002170119263117,10.0,0,2,10.004340238526234,10.0,True,False,Stockout Risk
FOODS_3_244_CA_1_validation,2016-03-14,2,4.704564650514434,4.0,0,2,9.409129301028868,4.0,True,False,Stockout Risk
FOODS_3_244_CA_1_validation,2016-03-21,3,3.453620616643407,5.0,0,2,6.907241233286814,5.0,True,False,Stockout Risk
FOODS_3_244_CA_1_validation,2016-03-28,1,3.681451978533188,4.0,0,2,7.362903957066376,4.0,True,False,Stockout Risk
FOODS_3_244_CA_1_validation,2016-04-04,5,2.8924855092035844,6.0,0,2,5.784971018407169,6.0,False,False,Normal
FOODS_3_244_CA_1_validation,2016-04-11,4,3.8351054291777182,6.0,0,2,7.6702108583554365,6.0,True,False,Stockout Risk
FOODS_3_244_CA_1_validation,2016-04-18,3,3.765319701690598,6.0,0,2,7.530639403381196,6.0,True,False,Stockout Risk
FOODS_3_245_CA_1_validation,2016-03-14,48,48.83051505159355,96.0,0,2,97.6610301031871,96.0,True,False,Stockout Risk
FOODS_3_245_CA_1_validation,2016-03-21,44,45.94035096008779,92.0,0,2,91.88070192017558,92.0,False,False,Normal
FOODS_3_245_CA_1_validation,2016-03-28,30,48.8901967085376,81.0,0,2,97.7803934170752,81.0,True,False,Stockout Risk
FOODS_3_245_CA_1_validation,2016-04-04,26,41.46256553137656,74.0,0,2,82.92513106275312,74.0,True,False,Stockout Risk
FOODS_3_245_CA_1_validation,2016-04-11,42,32.91661572002259,71.0,0,2,65.83323144004518,71.0,False,False,Normal
FOODS_3_245_CA_1_validation,2016-04-18,40,37.56034152592137,69.0,0,2,75.12068305184275,69.0,True,False,Stockout Risk
FOODS_3_246_CA_1_validation,2016-03-14,10,11.888005036911483,20.0,0,2,23.776010073822967,20.0,True,False,Stockout Risk
FOODS_3_246_CA_1_validation,2016-03-21,11,11.005270826623123,21.0,0,2,22.010541653246246,21.0,True,False,Stockout Risk
FOODS_3_246_CA_1_validation,2016-03-28,9,11.631447823563692,20.0,0,2,23.262895647127383,20.0,True,False,Stockout Risk
FOODS_3_246_CA_1_validation,2016-04-04,10,10.706172488776804,20.0,0,2,21.41234497755361,20.0,True,False,Stockout Risk
FOODS_3_246_CA_1_validation,2016-04-11,13,9.995395578257972,22.0,0,2,19.990791156515943,22.0,False,False,Normal
FOODS_3_246_CA_1_validation,2016-04-18,7,10.585581912667784,20.0,0,2,21.17116382533557,20.0,True,False,Stockout Risk
FOODS_3_247_CA_1_validation,2016-03-14,5,5.325014233018136,10.0,0,2,10.650028466036272,10.0,True,False,Stockout Risk
FOODS_3_247_CA_1_validation,2016-03-21,6,5.047719844441912,11.0,0,2,10.095439688883824,11.0,False,False,Normal
FOODS_3_247_CA_1_validation,2016-03-28,7,5.4497507817478255,12.0,0,2,10.899501563495651,12.0,False,False,Normal
FOODS_3_247_CA_1_validation,2016-04-04,6,5.870163434757458,12.0,0,2,11.740326869514917,12.0,False,False,Normal
FOODS_3_247_CA_1_validation,2016-04-11,4,5.784554863229534,12.0,0,2,11.569109726459068,12.0,False,False,Normal
FOODS_3_247_CA_1_validation,2016-04-18,7,5.177417858999513,12.0,0,2,10.354835717999025,12.0,False,False,Normal
FOODS_3_248_CA_1_validation,2016-03-14,9,9.215033107114076,18.0,0,2,18.43006621422815,18.0,True,False,Stockout Risk
FOODS_3_248_CA_1_validation,2016-03-21,9,8.856700061923059,18.0,0,2,17.713400123846117,18.0,False,False,Normal
FOODS_3_248_CA_1_validation,2016-03-28,6,9.569047304105542,16.0,0,2,19.138094608211084,16.0,True,False,Stockout Risk
FOODS_3_248_CA_1_validation,2016-04-04,8,8.332441363465504,16.0,0,2,16.66488272693101,16.0,True,False,Stockout Risk
FOODS_3_248_CA_1_validation,2016-04-11,11,7.868938184161151,17.0,0,2,15.737876368322302,17.0,False,False,Normal
FOODS_3_248_CA_1_validation,2016-04-18,5,8.696992646350559,15.0,0,2,17.393985292701117,15.0,True,False,Stockout Risk
FOODS_3_249_CA_1_validation,2016-03-14,22,0.3651618097588788,44.0,0,2,0.7303236195177576,44.0,False,False,Normal
FOODS_3_249_CA_1_validation,2016-03-21,13,33.64729110363206,35.0,0,2,67.29458220726411,35.0,True,False,Stockout Risk
FOODS_3_249_CA_1_validation,2016-03-28,37,12.714110441324904,48.0,0,2,25.428220882649807,48.0,False,False,Normal
FOODS_3_249_CA_1_validation,2016-04-04,28,29.336283834353512,50.0,0,2,58.672567668707025,50.0,True,False,Stockout Risk
FOODS_3_249_CA_1_validation,2016-04-11,31,24.66248746692093,54.0,0,2,49.32497493384186,54.0,False,False,Normal
FOODS_3_249_CA_1_validation,2016-04-18,33,26.300747400119764,64.0,0,2,52.60149480023953,64.0,False,False,Normal
FOODS_3_250_CA_1_validation,2016-03-14,10,13.639306787140214,20.0,0,2,27.278613574280428,20.0,True,False,Stockout Risk
FOODS_3_250_CA_1_validation,2016-03-21,13,13.159287951746384,23.0,0,2,26.318575903492768,23.0,True,False,Stockout Risk
FOODS_3_250_CA_1_validation,2016-03-28,13,11.836926134248866,24.0,0,2,23.673852268497733,24.0,False,False,Normal
FOODS_3_250_CA_1_validation,2016-04-04,14,12.094222575096197,25.0,0,2,24.188445150192393,25.0,False,False,Normal
FOODS_3_250_CA_1_validation,2016-04-11,12,13.091134389628555,26.0,0,2,26.18226877925711,26.0,True,False,Stockout Risk
FOODS_3_250_CA_1_validation,2016-04-18,9,12.877123079218013,24.0,0,2,25.754246158436025,24.0,True,False,Stockout Risk
FOODS_3_251_CA_1_validation,2016-03-14,16,9.05476483150712,32.0,0,2,18.10952966301424,32.0,False,False,Normal
FOODS_3_251_CA_1_validation,2016-03-21,9,10.918770667819862,25.0,0,2,21.837541335639724,25.0,False,False,Normal
FOODS_3_251_CA_1_validation,2016-03-28,13,9.809097368435596,25.0,0,2,19.618194736871192,25.0,False,False,Normal
FOODS_3_251_CA_1_validation,2016-04-04,15,11.466645124459616,26.0,0,2,22.93329024891923,26.0,False,False,Normal
FOODS_3_251_CA_1_validation,2016-04-11,13,12.047251957017703,25.0,0,2,24.094503914035407,25.0,False,False,Normal
FOODS_3_251_CA_1_validation,2016-04-18,8,12.14532121338647,24.0,0,2,24.29064242677294,24.0,True,False,Stockout Risk
FOODS_3_252_CA_1_validation,2016-03-14,234,206.63912969864973,468.0,0,2,413.27825939729945,468.0,False,False,Normal
FOODS_3_252_CA_1_validation,2016-03-21,258,212.1736706102776,492.0,0,2,424.3473412205552,492.0,False,False,Normal
FOODS_3_252_CA_1_validation,2016-03-28,268,277.08775558602537,507.0,0,2,554.1755111720507,507.0,True,False,Stockout Risk
FOODS_3_252_CA_1_validation,2016-04-04,280,306.5888702252639,520.0,0,2,613.1777404505278,520.0,True,False,Stockout Risk
FOODS_3_252_CA_1_validation,2016-04-11,243,294.9796872763737,524.0,0,2,589.9593745527474,524.0,True,False,Stockout Risk
FOODS_3_252_CA_1_validation,2016-04-18,260,302.5315675626149,526.0,0,2,605.0631351252298,526.0,True,False,Stockout Risk
FOODS_3_253_CA_1_validation,2016-03-14,5,8.075369348078201,10.0,0,2,16.150738696156402,10.0,True,False,Stockout Risk
FOODS_3_253_CA_1_validation,2016-03-21,9,7.230122735919609,14.0,0,2,14.460245471839219,14.0,True,False,Stockout Risk
FOODS_3_253_CA_1_validation,2016-03-28,13,7.938821976121089,18.0,0,2,15.877643952242178,18.0,False,False,Normal
FOODS_3_253_CA_1_validation,2016-04-04,18,9.231603539976916,22.0,0,2,18.463207079953833,22.0,False,False,Normal
FOODS_3_253_CA_1_validation,2016-04-11,6,11.621200346832754,23.0,0,2,23.24240069366551,23.0,True,False,Stockout Risk
FOODS_3_253_CA_1_validation,2016-04-18,9,9.47933263636368,23.0,0,2,18.95866527272736,23.0,False,False,Normal
FOODS_3_254_CA_1_validation,2016-03-14,0,2.5284858893874707,0.0,0,2,5.056971778774941,0.0,True,False,Stockout Risk
FOODS_3_254_CA_1_validation,2016-03-21,8,2.006527717087476,8.0,0,2,4.013055434174952,8.0,False,False,Normal
FOODS_3_254_CA_1_validation,2016-03-28,2,5.797045782721866,7.0,0,2,11.594091565443732,7.0,True,False,Stockout Risk
FOODS_3_254_CA_1_validation,2016-04-04,3,4.688110457429085,6.0,0,2,9.37622091485817,6.0,True,False,Stockout Risk
FOODS_3_254_CA_1_validation,2016-04-11,4,4.549341284517907,8.0,0,2,9.098682569035814,8.0,True,False,Stockout Risk
FOODS_3_254_CA_1_validation,2016-04-18,13,4.534923488838545,11.0,0,2,9.06984697767709,11.0,False,False,Normal
FOODS_3_255_CA_1_validation,2016-03-14,0,0.3651618097588788,0.0,0,2,0.7303236195177576,0.0,True,False,Stockout Risk
FOODS_3_255_CA_1_validation,2016-03-21,0,0.3651618097588788,0.0,0,2,0.7303236195177576,0.0,True,False,Stockout Risk
FOODS_3_255_CA_1_validation,2016-03-28,0,0.3651618097588788,0.0,0,2,0.7303236195177576,0.0,True,False,Stockout Risk
FOODS_3_255_CA_1_validation,2016-04-04,0,0.5470073055823366,0.0,0,2,1.0940146111646731,0.0,True,False,Stockout Risk
FOODS_3_255_CA_1_validation,2016-04-11,0,0.3006084123614305,0.0,0,2,0.601216824722861,0.0,True,False,Stockout Risk
FOODS_3_255_CA_1_validation,2016-04-18,3,0.3006084123614305,2.0,0,2,0.601216824722861,2.0,False,False,Normal
FOODS_3_256_CA_1_validation,2016-03-14,0,2.4334044897432023,0.0,0,2,4.866808979486405,0.0,True,False,Stockout Risk
FOODS_3_256_CA_1_validation,2016-03-21,1,1.043850061217488,1.0,0,2,2.087700122434976,1.0,True,False,Stockout Risk
FOODS_3_256_CA_1_validation,2016-03-28,2,2.3200495624367257,2.0,0,2,4.640099124873451,2.0,True,False,Stockout Risk
FOODS_3_256_CA_1_validation,2016-04-04,0,3.2592696689927,2.0,0,2,6.5185393379854,2.0,True,False,Stockout Risk
FOODS_3_256_CA_1_validation,2016-04-11,0,1.059578874027394,2.0,0,2,2.119157748054788,2.0,True,False,Stockout Risk
FOODS_3_256_CA_1_validation,2016-04-18,2,0.9191545795286676,2.0,0,2,1.8383091590573353,2.0,False,False,Normal
FOODS_3_257_CA_1_validation,2016-03-14,13,19.479555570363928,26.0,0,2,38.959111140727856,26.0,True,False,Stockout Risk
FOODS_3_257_CA_1_validation,2016-03-21,27,15.671495213561444,40.0,0,2,31.34299042712289,40.0,False,False,Normal
FOODS_3_257_CA_1_validation,2016-03-28,26,19.71322359977427,44.0,0,2,39.42644719954854,44.0,False,False,Normal
FOODS_3_257_CA_1_validation,2016-04-04,21,22.817843366591404,44.0,0,2,45.63568673318281,44.0,True,False,Stockout Risk
FOODS_3_257_CA_1_validation,2016-04-11,22,21.273926948544528,48.0,0,2,42.547853897089055,48.0,False,False,Normal
FOODS_3_257_CA_1_validation,2016-04-18,12,21.454741323667296,40.0,0,2,42.90948264733459,40.0,True,False,Stockout Risk
FOODS_3_258_CA_1_validation,2016-03-14,29,30.517239800897045,58.0,0,2,61.03447960179409,58.0,True,False,Stockout Risk
FOODS_3_258_CA_1_validation,2016-03-21,22,30.00336396936313,51.0,0,2,60.00672793872626,51.0,True,False,Stockout Risk
FOODS_3_258_CA_1_validation,2016-03-28,30,27.540818550118345,54.0,0,2,55.08163710023669,54.0,True,False,Stockout Risk
FOODS_3_258_CA_1_validation,2016-04-04,31,29.627235407670398,56.0,0,2,59.254470815340795,56.0,True,False,Stockout Risk
FOODS_3_258_CA_1_validation,2016-04-11,25,28.995482817535414,54.0,0,2,57.99096563507083,54.0,True,False,Stockout Risk
FOODS_3_258_CA_1_validation,2016-04-18,34,26.98179077966429,60.0,0,2,53.96358155932858,60.0,False,False,Normal
FOODS_3_259_CA_1_validation,2016-03-14,23,26.798144865934205,46.0,0,2,53.59628973186841,46.0,True,False,Stockout Risk
FOODS_3_259_CA_1_validation,2016-03-21,18,24.98760606019161,41.0,0,2,49.97521212038322,41.0,True,False,Stockout Risk
FOODS_3_259_CA_1_validation,2016-03-28,17,23.309261142249667,39.0,0,2,46.618522284499335,39.0,True,False,Stockout Risk
FOODS_3_259_CA_1_validation,2016-04-04,20,21.58077795135296,39.0,0,2,43.16155590270592,39.0,True,False,Stockout Risk
FOODS_3_259_CA_1_validation,2016-04-11,24,20.79002579792876,40.0,0,2,41.58005159585752,40.0,True,False,Stockout Risk
FOODS_3_259_CA_1_validation,2016-04-18,16,20.474551273074105,38.0,0,2,40.94910254614821,38.0,True,False,Stockout Risk
FOODS_3_260_CA_1_validation,2016-03-14,8,5.234110522925355,16.0,0,2,10.46822104585071,16.0,False,False,Normal
FOODS_3_260_CA_1_validation,2016-03-21,7,6.362035078577184,15.0,0,2,12.724070157154369,15.0,False,False,Normal
FOODS_3_260_CA_1_validation,2016-03-28,5,6.328982476943413,13.0,0,2,12.657964953886825,13.0,False,False,Normal
FOODS_3_260_CA_1_validation,2016-04-04,2,5.944850718055642,11.0,0,2,11.889701436111284,11.0,True,False,Stockout Risk
FOODS_3_260_CA_1_validation,2016-04-11,9,4.330402538696224,12.0,0,2,8.660805077392448,12.0,False,False,Normal
FOODS_3_260_CA_1_validation,2016-04-18,7,6.723477023652025,12.0,0,2,13.44695404730405,12.0,True,False,Stockout Risk
FOODS_3_261_CA_1_validation,2016-03-14,4,2.82851272061222,8.0,0,2,5.65702544122444,8.0,False,False,Normal
FOODS_3_261_CA_1_validation,2016-03-21,5,3.892409832523957,9.0,0,2,7.784819665047914,9.0,False,False,Normal
FOODS_3_261_CA_1_validation,2016-03-28,4,4.190681028351084,9.0,0,2,8.381362056702168,9.0,False,False,Normal
FOODS_3_261_CA_1_validation,2016-04-04,10,4.236524358690433,12.0,0,2,8.473048717380866,12.0,False,False,Normal
FOODS_3_261_CA_1_validation,2016-04-11,5,6.081400678722497,12.0,0,2,12.162801357444994,12.0,True,False,Stockout Risk
FOODS_3_261_CA_1_validation,2016-04-18,4,5.617814515178445,12.0,0,2,11.23562903035689,12.0,False,False,Normal
FOODS_3_262_CA_1_validation,2016-03-14,5,5.336539083647043,10.0,0,2,10.673078167294086,10.0,True,False,Stockout Risk
FOODS_3_262_CA_1_validation,2016-03-21,5,5.496075873252408,10.0,0,2,10.992151746504817,10.0,True,False,Stockout Risk
FOODS_3_262_CA_1_validation,2016-03-28,8,5.608250084203725,12.0,0,2,11.21650016840745,12.0,False,False,Normal
FOODS_3_262_CA_1_validation,2016-04-04,6,6.372532887028856,12.0,0,2,12.745065774057712,12.0,True,False,Stockout Risk
FOODS_3_262_CA_1_validation,2016-04-11,9,5.840990455676334,14.0,0,2,11.681980911352667,14.0,False,False,Normal
FOODS_3_262_CA_1_validation,2016-04-18,7,7.236848081228459,15.0,0,2,14.473696162456918,15.0,False,False,Normal
FOODS_3_263_CA_1_validation,2016-03-14,45,32.02351290235122,90.0,0,2,64.04702580470244,90.0,False,False,Normal
FOODS_3_263_CA_1_validation,2016-03-21,55,35.99393500694744,100.0,0,2,71.98787001389488,100.0,False,False,Normal
FOODS_3_263_CA_1_validation,2016-03-28,39,44.01171876674483,93.0,0,2,88.02343753348966,93.0,False,False,Normal
FOODS_3_263_CA_1_validation,2016-04-04,47,40.92787101033293,93.0,0,2,81.85574202066586,93.0,False,False,Normal
FOODS_3_263_CA_1_validation,2016-04-11,49,42.61351566014173,95.0,0,2,85.22703132028346,95.0,False,False,Normal
FOODS_3_263_CA_1_validation,2016-04-18,36,43.27436032364359,86.0,0,2,86.54872064728718,86.0,True,False,Stockout Risk
FOODS_3_264_CA_1_validation,2016-03-14,2,5.410034110772735,4.0,0,2,10.82006822154547,4.0,True,False,Stockout Risk
FOODS_3_264_CA_1_validation,2016-03-21,7,4.517409535836056,9.0,0,2,9.034819071672112,9.0,True,False,Stockout Risk
FOODS_3_264_CA_1_validation,2016-03-28,5,5.459148987458465,9.0,0,2,10.91829797491693,9.0,True,False,Stockout Risk
FOODS_3_264_CA_1_validation,2016-04-04,11,5.472870610794323,12.0,0,2,10.945741221588646,12.0,False,False,Normal
FOODS_3_264_CA_1_validation,2016-04-11,8,7.002146771303039,16.0,0,2,14.004293542606078,16.0,False,False,Normal
FOODS_3_264_CA_1_validation,2016-04-18,1,7.353471081942861,12.0,0,2,14.706942163885723,12.0,True,False,Stockout Risk
FOODS_3_265_CA_1_validation,2016-03-14,4,4.83983156020652,8.0,0,2,9.67966312041304,8.0,True,False,Stockout Risk
FOODS_3_265_CA_1_validation,2016-03-21,8,4.64515360356988,12.0,0,2,9.29030720713976,12.0,False,False,Normal
FOODS_3_265_CA_1_validation,2016-03-28,9,5.911707743656888,14.0,0,2,11.823415487313776,14.0,False,False,Normal
FOODS_3_265_CA_1_validation,2016-04-04,7,7.512069648021766,14.0,0,2,15.024139296043533,14.0,True,False,Stockout Risk
FOODS_3_265_CA_1_validation,2016-04-11,5,6.641446341421925,14.0,0,2,13.28289268284385,14.0,False,False,Normal
FOODS_3_265_CA_1_validation,2016-04-18,7,6.460195536540689,14.0,0,2,12.920391073081378,14.0,False,False,Normal
FOODS_3_266_CA_1_validation,2016-03-14,0,0.4553433990161183,0.0,0,2,0.9106867980322366,0.0,True,False,Stockout Risk
FOODS_3_266_CA_1_validation,2016-03-21,0,0.4553433990161183,0.0,0,2,0.9106867980322366,0.0,True,False,Stockout Risk
FOODS_3_266_CA_1_validation,2016-03-28,0,0.438807456804893,0.0,0,2,0.877614913609786,0.0,True,False,Stockout Risk
FOODS_3_266_CA_1_validation,2016-04-04,1,0.5470073055823366,0.0,0,2,1.0940146111646731,0.0,True,False,Stockout Risk
FOODS_3_266_CA_1_validation,2016-04-11,0,3.4247393097181598,0.0,0,2,6.8494786194363195,0.0,True,False,Stockout Risk
FOODS_3_266_CA_1_validation,2016-04-18,5,1.059578874027394,3.0,0,2,2.119157748054788,3.0,False,False,Normal
FOODS_3_267_CA_1_validation,2016-03-14,11,8.466268327485414,22.0,0,2,16.93253665497083,22.0,False,False,Normal
FOODS_3_267_CA_1_validation,2016-03-21,7,9.45570350580729,18.0,0,2,18.91140701161458,18.0,True,False,Stockout Risk
FOODS_3_267_CA_1_validation,2016-03-28,21,8.815028773704995,26.0,0,2,17.63005754740999,26.0,False,False,Normal
FOODS_3_267_CA_1_validation,2016-04-04,16,13.68312919214282,28.0,0,2,27.36625838428564,28.0,False,False,Normal
FOODS_3_267_CA_1_validation,2016-04-11,6,12.625393384213709,25.0,0,2,25.250786768427417,25.0,True,False,Stockout Risk
FOODS_3_267_CA_1_validation,2016-04-18,23,10.983843311200868,33.0,0,2,21.967686622401736,33.0,False,False,Normal
FOODS_3_268_CA_1_validation,2016-03-14,0,0.3651618097588788,0.0,0,2,0.7303236195177576,0.0,True,False,Stockout Risk
FOODS_3_268_CA_1_validation,2016-03-21,0,0.3651618097588788,0.0,0,2,0.7303236195177576,0.0,True,False,Stockout Risk
FOODS_3_268_CA_1_validation,2016-03-28,0,0.3651618097588788,0.0,0,2,0.7303236195177576,0.0,True,False,Stockout Risk
FOODS_3_268_CA_1_validation,2016-04-04,0,0.5470073055823366,0.0,0,2,1.0940146111646731,0.0,True,False,Stockout Risk
FOODS_3_268_CA_1_validation,2016-04-11,0,0.3006084123614305,0.0,0,2,0.601216824722861,0.0,True,False,Stockout Risk
FOODS_3_268_CA_1_validation,2016-04-18,0,0.3006084123614305,0.0,0,2,0.601216824722861,0.0,True,False,Stockout Risk
FOODS_3_269_CA_1_validation,2016-03-14,12,14.443546838641169,24.0,0,2,28.887093677282337,24.0,True,False,Stockout Risk
FOODS_3_269_CA_1_validation,2016-03-21,10,12.95535365176921,22.0,0,2,25.91070730353842,22.0,True,False,Stockout Risk
FOODS_3_269_CA_1_validation,2016-03-28,14,12.92414187721807,24.0,0,2,25.84828375443614,24.0,True,False,Stockout Risk
FOODS_3_269_CA_1_validation,2016-04-04,12,13.657192152953936,24.0,0,2,27.314384305907872,24.0,True,False,Stockout Risk
FOODS_3_269_CA_1_validation,2016-04-11,15,12.394355987385865,26.0,0,2,24.78871197477173,26.0,False,False,Normal
FOODS_3_269_CA_1_validation,2016-04-18,12,12.950164608862814,26.0,0,2,25.900329217725627,26.0,False,False,Normal
FOODS_3_270_CA_1_validation,2016-03-14,5,4.369098204828244,10.0,0,2,8.738196409656489,10.0,False,False,Normal
FOODS_3_270_CA_1_validation,2016-03-21,7,4.777675963659224,12.0,0,2,9.555351927318448,12.0,False,False,Normal
FOODS_3_270_CA_1_validation,2016-03-28,8,5.528528111548619,13.0,0,2,11.057056223097238,13.0,False,False,Normal
FOODS_3_270_CA_1_validation,2016-04-04,7,6.263107895492771,14.0,0,2,12.526215790985542,14.0,False,False,Normal
FOODS_3_270_CA_1_validation,2016-04-11,0,6.293985800123224,11.0,0,2,12.587971600246448,11.0,True,False,Stockout Risk
FOODS_3_270_CA_1_validation,2016-04-18,8,2.448882164055481,12.0,0,2,4.897764328110962,12.0,False,False,Normal
FOODS_3_271_CA_1_validation,2016-03-14,0,14.380825933694055,0.0,0,2,28.76165186738811,0.0,True,False,Stockout Risk
FOODS_3_271_CA_1_validation,2016-03-21,0,6.508412168341092,0.0,0,2,13.016824336682184,0.0,True,False,Stockout Risk
FOODS_3_271_CA_1_validation,2016-03-28,0,3.948979056406961,0.0,0,2,7.897958112813922,0.0,True,False,Stockout Risk
FOODS_3_271_CA_1_validation,2016-04-04,0,2.4877114477551374,0.0,0,2,4.975422895510275,0.0,True,False,Stockout Risk
FOODS_3_271_CA_1_validation,2016-04-11,0,2.0104128633580456,0.0,0,2,4.020825726716091,0.0,True,False,Stockout Risk
FOODS_3_271_CA_1_validation,2016-04-18,0,1.895254283372757,0.0,0,2,3.790508566745514,0.0,True,False,Stockout Risk
FOODS_3_272_CA_1_validation,2016-03-14,5,4.830795807676761,10.0,0,2,9.661591615353522,10.0,False,False,Normal
FOODS_3_272_CA_1_validation,2016-03-21,6,5.0708938815604405,11.0,0,2,10.141787763120881,11.0,False,False,Normal
FOODS_3_272_CA_1_validation,2016-03-28,3,5.370134619106184,9.0,0,2,10.740269238212369,9.0,True,False,Stockout Risk
FOODS_3_272_CA_1_validation,2016-04-04,5,4.937809130541195,10.0,0,2,9.87561826108239,10.0,False,False,Normal
FOODS_3_272_CA_1_validation,2016-04-11,7,5.006340484162992,10.0,0,2,10.012680968325984,10.0,True,False,Stockout Risk
FOODS_3_272_CA_1_validation,2016-04-18,5,5.4639747141511705,10.0,0,2,10.927949428302341,10.0,True,False,Stockout Risk
FOODS_3_273_CA_1_validation,2016-03-14,27,26.910259225341196,54.0,0,2,53.82051845068239,54.0,False,False,Normal
FOODS_3_273_CA_1_validation,2016-03-21,33,28.378465281998213,60.0,0,2,56.75693056399643,60.0,False,False,Normal
FOODS_3_273_CA_1_validation,2016-03-28,43,28.443918693967607,69.0,0,2,56.887837387935214,69.0,False,False,Normal
FOODS_3_273_CA_1_validation,2016-04-04,28,35.31927746945476,66.0,0,2,70.63855493890952,66.0,True,False,Stockout Risk
FOODS_3_273_CA_1_validation,2016-04-11,25,29.05576170144571,64.0,0,2,58.11152340289142,64.0,False,False,Normal
FOODS_3_273_CA_1_validation,2016-04-18,26,28.452775041887627,61.0,0,2,56.90555008377525,61.0,False,False,Normal
FOODS_3_274_CA_1_validation,2016-03-14,38,26.961386124135693,76.0,0,2,53.922772248271386,76.0,False,False,Normal
FOODS_3_274_CA_1_validation,2016-03-21,36,30.797216971861577,74.0,0,2,61.59443394372315,74.0,False,False,Normal
FOODS_3_274_CA_1_validation,2016-03-28,22,31.12302848062899,64.0,0,2,62.24605696125798,64.0,False,False,Normal
FOODS_3_274_CA_1_validation,2016-04-04,30,28.259429854491906,63.0,0,2,56.51885970898381,63.0,False,False,Normal
FOODS_3_274_CA_1_validation,2016-04-11,22,29.974581653142447,55.0,0,2,59.949163306284895,55.0,True,False,Stockout Risk
FOODS_3_274_CA_1_validation,2016-04-18,16,26.30417226551343,45.0,0,2,52.60834453102686,45.0,True,False,Stockout Risk
FOODS_3_275_CA_1_validation,2016-03-14,0,0.5785280209945922,0.0,0,2,1.1570560419891844,0.0,True,False,Stockout Risk
FOODS_3_275_CA_1_validation,2016-03-21,0,0.5645226621482606,0.0,0,2,1.1290453242965213,0.0,True,False,Stockout Risk
FOODS_3_275_CA_1_validation,2016-03-28,0,0.438807456804893,0.0,0,2,0.877614913609786,0.0,True,False,Stockout Risk
FOODS_3_275_CA_1_validation,2016-04-04,1,0.5470073055823366,0.0,0,2,1.0940146111646731,0.0,True,False,Stockout Risk
FOODS_3_275_CA_1_validation,2016-04-11,19,3.4247393097181598,10.0,0,2,6.8494786194363195,10.0,False,False,Normal
FOODS_3_275_CA_1_validation,2016-04-18,7,15.473198907782953,14.0,0,2,30.946397815565906,14.0,True,False,Stockout Risk
FOODS_3_276_CA_1_validation,2016-03-14,0,8.34232510797501,0.0,0,2,16.68465021595002,0.0,True,False,Stockout Risk
FOODS_3_276_CA_1_validation,2016-03-21,0,4.231792122424439,0.0,0,2,8.463584244848878,0.0,True,False,Stockout Risk
FOODS_3_276_CA_1_validation,2016-03-28,0,2.836194749278661,0.0,0,2,5.672389498557322,0.0,True,False,Stockout Risk
FOODS_3_276_CA_1_validation,2016-04-04,0,2.456456160462773,0.0,0,2,4.912912320925546,0.0,True,False,Stockout Risk
FOODS_3_276_CA_1_validation,2016-04-11,0,1.4235750125983713,0.0,0,2,2.8471500251967425,0.0,True,False,Stockout Risk
FOODS_3_276_CA_1_validation,2016-04-18,0,0.9731846355359928,0.0,0,2,1.9463692710719855,0.0,True,False,Stockout Risk
FOODS_3_277_CA_1_validation,2016-03-14,23,22.393700876411906,46.0,0,2,44.78740175282381,46.0,False,False,Normal
FOODS_3_277_CA_1_validation,2016-03-21,17,22.61429856169136,40.0,0,2,45.22859712338272,40.0,True,False,Stockout Risk
FOODS_3_277_CA_1_validation,2016-03-28,27,20.64858810243073,45.0,0,2,41.29717620486146,45.0,False,False,Normal
FOODS_3_277_CA_1_validation,2016-04-04,29,23.424908068120683,48.0,0,2,46.849816136241365,48.0,False,False,Normal
FOODS_3_277_CA_1_validation,2016-04-11,29,24.283336169517103,51.0,0,2,48.566672339034206,51.0,False,False,Normal
FOODS_3_277_CA_1_validation,2016-04-18,29,25.43944352932836,57.0,0,2,50.87888705865672,57.0,False,False,Normal
FOODS_3_278_CA_1_validation,2016-03-14,3,6.790845167624372,6.0,0,2,13.581690335248744,6.0,True,False,Stockout Risk
FOODS_3_278_CA_1_validation,2016-03-21,20,5.131583041299953,23.0,0,2,10.263166082599906,23.0,False,False,Normal
FOODS_3_278_CA_1_validation,2016-03-28,9,11.720343998729748,21.0,0,2,23.440687997459495,21.0,True,False,Stockout Risk
FOODS_3_278_CA_1_validation,2016-04-04,7,9.272127425891991,20.0,0,2,18.544254851783982,20.0,False,False,Normal
FOODS_3_278_CA_1_validation,2016-04-11,16,8.509504031893227,26.0,0,2,17.019008063786455,26.0,False,False,Normal
FOODS_3_278_CA_1_validation,2016-04-18,8,11.6291752269678,20.0,0,2,23.2583504539356,20.0,True,False,Stockout Risk
FOODS_3_279_CA_1_validation,2016-03-14,8,6.69744572442987,16.0,0,2,13.39489144885974,16.0,False,False,Normal
FOODS_3_279_CA_1_validation,2016-03-21,13,6.862606745330275,21.0,0,2,13.72521349066055,21.0,False,False,Normal
FOODS_3_279_CA_1_validation,2016-03-28,6,9.07227393047211,18.0,0,2,18.14454786094422,18.0,True,False,Stockout Risk
FOODS_3_279_CA_1_validation,2016-04-04,7,7.987720061321601,17.0,0,2,15.975440122643201,17.0,False,False,Normal
FOODS_3_279_CA_1_validation,2016-04-11,8,7.556550952505728,17.0,0,2,15.113101905011456,17.0,False,False,Normal
FOODS_3_279_CA_1_validation,2016-04-18,8,7.794720892812119,14.0,0,2,15.589441785624238,14.0,True,False,Stockout Risk
FOODS_3_280_CA_1_validation,2016-03-14,4,6.243652453816419,8.0,0,2,12.487304907632838,8.0,True,False,Stockout Risk
FOODS_3_280_CA_1_validation,2016-03-21,2,5.625916968081325,6.0,0,2,11.25183393616265,6.0,True,False,Stockout Risk
FOODS_3_280_CA_1_validation,2016-03-28,1,4.33443986098285,5.0,0,2,8.6688797219657,5.0,True,False,Stockout Risk
FOODS_3_280_CA_1_validation,2016-04-04,4,3.6615575672536296,6.0,0,2,7.323115134507259,6.0,True,False,Stockout Risk
FOODS_3_280_CA_1_validation,2016-04-11,1,4.449939181631473,4.0,0,2,8.899878363262946,4.0,True,False,Stockout Risk
FOODS_3_280_CA_1_validation,2016-04-18,1,2.90094819189046,4.0,0,2,5.80189638378092,4.0,True,False,Stockout Risk
FOODS_3_281_CA_1_validation,2016-03-14,62,72.93349429929293,124.0,0,2,145.86698859858586,124.0,True,False,Stockout Risk
FOODS_3_281_CA_1_validation,2016-03-21,103,64.76443838012092,165.0,0,2,129.52887676024184,165.0,False,False,Normal
FOODS_3_281_CA_1_validation,2016-03-28,47,78.69783535092283,141.0,0,2,157.39567070184566,141.0,True,False,Stockout Risk
FOODS_3_281_CA_1_validation,2016-04-04,65,62.11580157488488,138.0,0,2,124.23160314976975,138.0,False,False,Normal
FOODS_3_281_CA_1_validation,2016-04-11,60,65.44413248563778,138.0,0,2,130.88826497127556,138.0,False,False,Normal
FOODS_3_281_CA_1_validation,2016-04-18,59,63.75788594772467,116.0,0,2,127.51577189544933,116.0,True,False,Stockout Risk
FOODS_3_282_CA_1_validation,2016-03-14,188,159.64168109957305,376.0,0,2,319.2833621991461,376.0,False,False,Normal
FOODS_3_282_CA_1_validation,2016-03-21,155,161.0811369281566,343.0,0,2,322.1622738563132,343.0,False,False,Normal
FOODS_3_282_CA_1_validation,2016-03-28,179,149.62709977356914,348.0,0,2,299.2541995471383,348.0,False,False,Normal
FOODS_3_282_CA_1_validation,2016-04-04,172,170.978190418943,347.0,0,2,341.956380837886,347.0,False,False,Normal
FOODS_3_282_CA_1_validation,2016-04-11,145,188.9872842200478,326.0,0,2,377.9745684400956,326.0,True,False,Stockout Risk
FOODS_3_282_CA_1_validation,2016-04-18,136,151.92055369358272,316.0,0,2,303.84110738716544,316.0,False,False,Normal
FOODS_3_283_CA_1_validation,2016-03-14,6,9.600703345127211,12.0,0,2,19.201406690254423,12.0,True,False,Stockout Risk
FOODS_3_283_CA_1_validation,2016-03-21,7,9.035278787509151,13.0,0,2,18.070557575018302,13.0,True,False,Stockout Risk
FOODS_3_283_CA_1_validation,2016-03-28,8,8.487576935914662,14.0,0,2,16.975153871829324,14.0,True,False,Stockout Risk
FOODS_3_283_CA_1_validation,2016-04-04,8,8.834394208277626,14.0,0,2,17.668788416555252,14.0,True,False,Stockout Risk
FOODS_3_283_CA_1_validation,2016-04-11,9,8.021941899965237,16.0,0,2,16.043883799930473,16.0,True,False,Stockout Risk
FOODS_3_283_CA_1_validation,2016-04-18,9,8.24026020564554,17.0,0,2,16.48052041129108,17.0,False,False,Normal
FOODS_3_284_CA_1_validation,2016-03-14,3,3.786495468087269,6.0,0,2,7.572990936174538,6.0,True,False,Stockout Risk
FOODS_3_284_CA_1_validation,2016-03-21,4,3.420669846681696,7.0,0,2,6.841339693363392,7.0,False,False,Normal
FOODS_3_284_CA_1_validation,2016-03-28,4,3.717698888136729,7.0,0,2,7.435397776273458,7.0,True,False,Stockout Risk
FOODS_3_284_CA_1_validation,2016-04-04,4,4.1760082835796135,8.0,0,2,8.352016567159227,8.0,True,False,Stockout Risk
FOODS_3_284_CA_1_validation,2016-04-11,4,3.9296093903587046,8.0,0,2,7.859218780717409,8.0,False,False,Normal
FOODS_3_284_CA_1_validation,2016-04-18,4,4.344836391325214,8.0,0,2,8.689672782650428,8.0,True,False,Stockout Risk
FOODS_3_285_CA_1_validation,2016-03-14,33,29.365364571140244,66.0,0,2,58.73072914228049,66.0,False,False,Normal
FOODS_3_285_CA_1_validation,2016-03-21,39,30.017198287209823,72.0,0,2,60.034396574419645,72.0,False,False,Normal
FOODS_3_285_CA_1_validation,2016-03-28,28,33.21754363964559,67.0,0,2,66.43508727929118,67.0,False,False,Normal
FOODS_3_285_CA_1_validation,2016-04-04,18,29.98968803383398,59.0,0,2,59.97937606766796,59.0,True,False,Stockout Risk
FOODS_3_285_CA_1_validation,2016-04-11,25,23.34308572886204,55.0,0,2,46.68617145772408,55.0,False,False,Normal
FOODS_3_285_CA_1_validation,2016-04-18,18,26.16200621225426,44.0,0,2,52.32401242450852,44.0,True,False,Stockout Risk
FOODS_3_286_CA_1_validation,2016-03-14,0,0.983707976926116,0.0,0,2,1.967415953852232,0.0,True,False,Stockout Risk
FOODS_3_286_CA_1_validation,2016-03-21,0,0.438807456804893,0.0,0,2,0.877614913609786,0.0,True,False,Stockout Risk
FOODS_3_286_CA_1_validation,2016-03-28,0,0.4553433990161183,0.0,0,2,0.9106867980322366,0.0,True,False,Stockout Risk
FOODS_3_286_CA_1_validation,2016-04-04,0,0.6109875653048663,0.0,0,2,1.2219751306097326,0.0,True,False,Stockout Risk
FOODS_3_286_CA_1_validation,2016-04-11,0,0.3742540594074448,0.0,0,2,0.7485081188148895,0.0,True,False,Stockout Risk
FOODS_3_286_CA_1_validation,2016-04-18,5,0.3006084123614305,2.0,0,2,0.601216824722861,2.0,False,False,Normal
FOODS_3_287_CA_1_validation,2016-03-14,3,5.1696159420821965,6.0,0,2,10.339231884164393,6.0,True,False,Stockout Risk
FOODS_3_287_CA_1_validation,2016-03-21,3,4.834222621656295,6.0,0,2,9.66844524331259,6.0,True,False,Stockout Risk
FOODS_3_287_CA_1_validation,2016-03-28,2,4.51373062803679,5.0,0,2,9.02746125607358,5.0,True,False,Stockout Risk
FOODS_3_287_CA_1_validation,2016-04-04,6,3.8433178798139656,7.0,0,2,7.686635759627931,7.0,True,False,Stockout Risk
FOODS_3_287_CA_1_validation,2016-04-11,5,4.580437549485154,8.0,0,2,9.160875098970308,8.0,True,False,Stockout Risk
FOODS_3_287_CA_1_validation,2016-04-18,4,4.730759497569604,8.0,0,2,9.461518995139208,8.0,True,False,Stockout Risk
FOODS_3_288_CA_1_validation,2016-03-14,110,106.51699574669422,220.0,0,2,213.03399149338844,220.0,False,False,Normal
FOODS_3_288_CA_1_validation,2016-03-21,109,104.47229308787242,219.0,0,2,208.94458617574483,219.0,False,False,Normal
FOODS_3_288_CA_1_validation,2016-03-28,103,109.02045584092438,215.0,0,2,218.04091168184877,215.0,True,False,Stockout Risk
FOODS_3_288_CA_1_validation,2016-04-04,158,104.17799587616332,240.0,0,2,208.35599175232664,240.0,False,False,Normal
FOODS_3_288_CA_1_validation,2016-04-11,100,121.76042693997664,235.0,0,2,243.52085387995328,235.0,True,False,Stockout Risk
FOODS_3_288_CA_1_validation,2016-04-18,113,96.1788118411232,237.0,0,2,192.3576236822464,237.0,False,False,Normal
FOODS_3_289_CA_1_validation,2016-03-14,7,7.023109839176666,14.0,0,2,14.046219678353332,14.0,True,False,Stockout Risk
FOODS_3_289_CA_1_validation,2016-03-21,8,6.900764866194889,15.0,0,2,13.801529732389778,15.0,False,False,Normal
FOODS_3_289_CA_1_validation,2016-03-28,11,7.132066905424049,17.0,0,2,14.264133810848097,17.0,False,False,Normal
FOODS_3_289_CA_1_validation,2016-04-04,10,8.826181280489065,18.0,0,2,17.65236256097813,18.0,False,False,Normal
FOODS_3_289_CA_1_validation,2016-04-11,10,8.704484699449962,20.0,0,2,17.408969398899924,20.0,False,False,Normal
FOODS_3_289_CA_1_validation,2016-04-18,13,8.887347267330794,22.0,0,2,17.774694534661588,22.0,False,False,Normal
FOODS_3_290_CA_1_validation,2016-03-14,8,6.544474094156695,16.0,0,2,13.08894818831339,16.0,False,False,Normal
FOODS_3_290_CA_1_validation,2016-03-21,7,7.689651662191178,15.0,0,2,15.379303324382356,15.0,True,False,Stockout Risk
FOODS_3_290_CA_1_validation,2016-03-28,3,7.669073328628714,12.0,0,2,15.338146657257427,12.0,True,False,Stockout Risk
FOODS_3_290_CA_1_validation,2016-04-04,4,5.498158890867933,11.0,0,2,10.996317781735867,11.0,False,False,Normal
FOODS_3_290_CA_1_validation,2016-04-11,0,5.076571583577729,7.0,0,2,10.153143167155458,7.0,True,False,Stockout Risk
FOODS_3_290_CA_1_validation,2016-04-18,12,2.060184913949569,10.0,0,2,4.120369827899138,10.0,False,False,Normal
FOODS_3_291_CA_1_validation,2016-03-14,26,24.359984569262235,52.0,0,2,48.71996913852447,52.0,False,False,Normal
FOODS_3_291_CA_1_validation,2016-03-21,24,25.40293614663431,50.0,0,2,50.80587229326862,50.0,True,False,Stockout Risk
FOODS_3_291_CA_1_validation,2016-03-28,30,24.206375362407943,53.0,0,2,48.412750724815886,53.0,False,False,Normal
FOODS_3_291_CA_1_validation,2016-04-04,19,25.95868535340401,50.0,0,2,51.91737070680802,50.0,True,False,Stockout Risk
FOODS_3_291_CA_1_validation,2016-04-11,24,23.617197525131957,48.0,0,2,47.23439505026391,48.0,False,False,Normal
FOODS_3_291_CA_1_validation,2016-04-18,20,23.709760187272085,46.0,0,2,47.41952037454417,46.0,True,False,Stockout Risk
FOODS_3_292_CA_1_validation,2016-03-14,38,35.27461150657534,76.0,0,2,70.54922301315068,76.0,False,False,Normal
FOODS_3_292_CA_1_validation,2016-03-21,55,36.840856583728566,93.0,0,2,73.68171316745713,93.0,False,False,Normal
FOODS_3_292_CA_1_validation,2016-03-28,39,45.35026730175806,88.0,0,2,90.70053460351612,88.0,True,False,Stockout Risk
FOODS_3_292_CA_1_validation,2016-04-04,33,40.13097565443808,82.0,0,2,80.26195130887616,82.0,False,False,Normal
FOODS_3_292_CA_1_validation,2016-04-11,45,39.08913784444142,86.0,0,2,78.17827568888283,86.0,False,False,Normal
FOODS_3_292_CA_1_validation,2016-04-18,51,42.56808869115737,84.0,0,2,85.13617738231474,84.0,True,False,Stockout Risk
FOODS_3_293_CA_1_validation,2016-03-14,0,0.3651618097588788,0.0,0,2,0.7303236195177576,0.0,True,False,Stockout Risk
FOODS_3_293_CA_1_validation,2016-03-21,0,0.3651618097588788,0.0,0,2,0.7303236195177576,0.0,True,False,Stockout Risk
FOODS_3_293_CA_1_validation,2016-03-28,0,0.3651618097588788,0.0,0,2,0.7303236195177576,0.0,True,False,Stockout Risk
FOODS_3_293_CA_1_validation,2016-04-04,0,0.5470073055823366,0.0,0,2,1.0940146111646731,0.0,True,False,Stockout Risk
FOODS_3_293_CA_1_validation,2016-04-11,0,0.3006084123614305,0.0,0,2,0.601216824722861,0.0,True,False,Stockout Risk
FOODS_3_293_CA_1_validation,2016-04-18,0,0.3006084123614305,0.0,0,2,0.601216824722861,0.0,True,False,Stockout Risk
FOODS_3_294_CA_1_validation,2016-03-14,5,5.131679580715513,10.0,0,2,10.263359161431026,10.0,True,False,Stockout Risk
FOODS_3_294_CA_1_validation,2016-03-21,1,5.237806941955243,6.0,0,2,10.475613883910485,6.0,True,False,Stockout Risk
FOODS_3_294_CA_1_validation,2016-03-28,3,3.519901994751368,6.0,0,2,7.039803989502736,6.0,True,False,Stockout Risk
FOODS_3_294_CA_1_validation,2016-04-04,0,4.276366143099679,4.0,0,2,8.552732286199358,4.0,True,False,Stockout Risk
FOODS_3_294_CA_1_validation,2016-04-11,6,1.1789774632003078,5.0,0,2,2.3579549264006157,5.0,False,False,Normal
FOODS_3_294_CA_1_validation,2016-04-18,14,4.826397655767561,12.0,0,2,9.652795311535122,12.0,False,False,Normal
FOODS_3_295_CA_1_validation,2016-03-14,205,185.72470647602145,410.0,0,2,371.4494129520429,410.0,False,False,Normal
FOODS_3_295_CA_1_validation,2016-03-21,152,193.13429143381276,357.0,0,2,386.2685828676255,357.0,True,False,Stockout Risk
FOODS_3_295_CA_1_validation,2016-03-28,239,162.73113681803906,397.0,0,2,325.4622736360781,397.0,False,False,Normal
FOODS_3_295_CA_1_validation,2016-04-04,204,209.287991399962,400.0,0,2,418.575982799924,400.0,True,False,Stockout Risk
FOODS_3_295_CA_1_validation,2016-04-11,122,199.42819436296884,358.0,0,2,398.8563887259377,358.0,True,False,Stockout Risk
FOODS_3_295_CA_1_validation,2016-04-18,142,130.01867123780548,354.0,0,2,260.03734247561096,354.0,False,False,Normal
FOODS_3_296_CA_1_validation,2016-03-14,10,4.868182716608393,20.0,0,2,9.736365433216786,20.0,False,False,Normal
FOODS_3_296_CA_1_validation,2016-03-21,3,6.145954076119946,13.0,0,2,12.291908152239891,13.0,False,False,Normal
FOODS_3_296_CA_1_validation,2016-03-28,3,5.026393094096491,11.0,0,2,10.052786188192982,11.0,False,False,Normal
FOODS_3_296_CA_1_validation,2016-04-04,2,4.402984380394943,9.0,0,2,8.805968760789886,9.0,False,False,Normal
FOODS_3_296_CA_1_validation,2016-04-11,1,3.87575145329371,4.0,0,2,7.75150290658742,4.0,True,False,Stockout Risk
FOODS_3_296_CA_1_validation,2016-04-18,3,2.723838068212713,4.0,0,2,5.447676136425426,4.0,True,False,Stockout Risk
FOODS_3_297_CA_1_validation,2016-03-14,8,8.414860071138634,16.0,0,2,16.829720142277267,16.0,True,False,Stockout Risk
FOODS_3_297_CA_1_validation,2016-03-21,11,8.473214863293089,19.0,0,2,16.946429726586178,19.0,False,False,Normal
FOODS_3_297_CA_1_validation,2016-03-28,12,9.54348627257799,21.0,0,2,19.08697254515598,21.0,False,False,Normal
FOODS_3_297_CA_1_validation,2016-04-04,18,9.79789581783458,24.0,0,2,19.59579163566916,24.0,False,False,Normal
FOODS_3_297_CA_1_validation,2016-04-11,11,11.729791037424755,26.0,0,2,23.45958207484951,26.0,False,False,Normal
FOODS_3_297_CA_1_validation,2016-04-18,10,11.521600619914423,26.0,0,2,23.043201239828846,26.0,False,False,Normal
FOODS_3_298_CA_1_validation,2016-03-14,4,4.770796114539238,8.0,0,2,9.541592229078477,8.0,True,False,Stockout Risk
FOODS_3_298_CA_1_validation,2016-03-21,2,4.3130643155337385,6.0,0,2,8.626128631067477,6.0,True,False,Stockout Risk
FOODS_3_298_CA_1_validation,2016-03-28,7,3.696967631996486,9.0,0,2,7.393935263992972,9.0,False,False,Normal
FOODS_3_298_CA_1_validation,2016-04-04,3,5.1569027331589625,8.0,0,2,10.313805466317925,8.0,True,False,Stockout Risk
FOODS_3_298_CA_1_validation,2016-04-11,8,4.352213952870362,10.0,0,2,8.704427905740724,10.0,False,False,Normal
FOODS_3_298_CA_1_validation,2016-04-18,4,5.375491771164784,11.0,0,2,10.750983542329568,11.0,False,False,Normal
FOODS_3_299_CA_1_validation,2016-03-14,0,0.3651618097588788,0.0,0,2,0.7303236195177576,0.0,True,False,Stockout Risk
FOODS_3_299_CA_1_validation,2016-03-21,0,0.3651618097588788,0.0,0,2,0.7303236195177576,0.0,True,False,Stockout Risk
FOODS_3_299_CA_1_validation,2016-03-28,0,0.3651618097588788,0.0,0,2,0.7303236195177576,0.0,True,False,Stockout Risk
FOODS_3_299_CA_1_validation,2016-04-04,0,0.5470073055823366,0.0,0,2,1.0940146111646731,0.0,True,False,Stockout Risk
FOODS_3_299_CA_1_validation,2016-04-11,0,0.3006084123614305,0.0,0,2,0.601216824722861,0.0,True,False,Stockout Risk
FOODS_3_299_CA_1_validation,2016-04-18,32,0.3006084123614305,16.0,0,2,0.601216824722861,16.0,False,False,Normal
FOODS_3_300_CA_1_validation,2016-03-14,18,22.783534410665244,36.0,0,2,45.56706882133049,36.0,True,False,Stockout Risk
FOODS_3_300_CA_1_validation,2016-03-21,20,20.938847117887207,38.0,0,2,41.87769423577441,38.0,True,False,Stockout Risk
FOODS_3_300_CA_1_validation,2016-03-28,21,20.440834527934932,39.0,0,2,40.881669055869864,39.0,True,False,Stockout Risk
FOODS_3_300_CA_1_validation,2016-04-04,15,21.30249170214534,37.0,0,2,42.60498340429068,37.0,True,False,Stockout Risk
FOODS_3_300_CA_1_validation,2016-04-11,31,18.74261314454661,44.0,0,2,37.48522628909322,44.0,False,False,Normal
FOODS_3_300_CA_1_validation,2016-04-18,39,24.06478743936116,53.0,0,2,48.12957487872232,53.0,False,False,Normal
FOODS_3_301_CA_1_validation,2016-03-14,6,5.375476110890901,12.0,0,2,10.750952221781802,12.0,False,False,Normal
FOODS_3_301_CA_1_validation,2016-03-21,13,5.529924446491566,19.0,0,2,11.059848892983132,19.0,False,False,Normal
FOODS_3_301_CA_1_validation,2016-03-28,8,8.449932039841658,18.0,0,2,16.899864079683315,18.0,False,False,Normal
FOODS_3_301_CA_1_validation,2016-04-04,11,8.279794745300999,19.0,0,2,16.559589490601997,19.0,False,False,Normal
FOODS_3_301_CA_1_validation,2016-04-11,3,8.740129068830337,18.0,0,2,17.480258137660673,18.0,False,False,Normal
FOODS_3_301_CA_1_validation,2016-04-18,4,6.9959326941003495,13.0,0,2,13.991865388200699,13.0,True,False,Stockout Risk
FOODS_3_302_CA_1_validation,2016-03-14,53,51.04328689810128,106.0,0,2,102.08657379620256,106.0,False,False,Normal
FOODS_3_302_CA_1_validation,2016-03-21,27,51.84859887265842,80.0,0,2,103.69719774531684,80.0,True,False,Stockout Risk
FOODS_3_302_CA_1_validation,2016-03-28,41,39.067167657438205,81.0,0,2,78.13433531487641,81.0,False,False,Normal
FOODS_3_302_CA_1_validation,2016-04-04,42,43.88258578662,82.0,0,2,87.76517157324,82.0,True,False,Stockout Risk
FOODS_3_302_CA_1_validation,2016-04-11,61,39.49095201880712,86.0,0,2,78.98190403761424,86.0,False,False,Normal
FOODS_3_302_CA_1_validation,2016-04-18,45,49.26136689568197,94.0,0,2,98.52273379136393,94.0,True,False,Stockout Risk
FOODS_3_303_CA_1_validation,2016-03-14,2,6.574581216602571,4.0,0,2,13.149162433205142,4.0,True,False,Stockout Risk
FOODS_3_303_CA_1_validation,2016-03-21,2,4.790329098891196,4.0,0,2,9.580658197782393,4.0,True,False,Stockout Risk
FOODS_3_303_CA_1_validation,2016-03-28,12,4.357613898101379,11.0,0,2,8.715227796202758,11.0,False,False,Normal
FOODS_3_303_CA_1_validation,2016-04-04,8,7.156478508081764,12.0,0,2,14.312957016163528,12.0,True,False,Stockout Risk
FOODS_3_303_CA_1_validation,2016-04-11,3,6.598838692603564,12.0,0,2,13.197677385207127,12.0,True,False,Stockout Risk
FOODS_3_303_CA_1_validation,2016-04-18,7,5.803287589362078,15.0,0,2,11.606575178724157,15.0,False,False,Normal
FOODS_3_304_CA_1_validation,2016-03-14,7,16.072248091736732,14.0,0,2,32.144496183473464,14.0,True,False,Stockout Risk
FOODS_3_304_CA_1_validation,2016-03-21,13,11.652304086690174,20.0,0,2,23.30460817338035,20.0,True,False,Stockout Risk
FOODS_3_304_CA_1_validation,2016-03-28,9,13.122519880879809,19.0,0,2,26.245039761759617,19.0,True,False,Stockout Risk
FOODS_3_304_CA_1_validation,2016-04-04,17,11.927788728225773,23.0,0,2,23.855577456451545,23.0,True,False,Stockout Risk
FOODS_3_304_CA_1_validation,2016-04-11,12,13.309153898914891,26.0,0,2,26.618307797829782,26.0,True,False,Stockout Risk
FOODS_3_304_CA_1_validation,2016-04-18,10,12.768438059451016,24.0,0,2,25.536876118902033,24.0,True,False,Stockout Risk
FOODS_3_305_CA_1_validation,2016-03-14,11,6.766695103753489,22.0,0,2,13.533390207506978,22.0,False,False,Normal
FOODS_3_305_CA_1_validation,2016-03-21,16,9.259927734041195,27.0,0,2,18.51985546808239,27.0,False,False,Normal
FOODS_3_305_CA_1_validation,2016-03-28,14,11.763758739123762,27.0,0,2,23.527517478247525,27.0,False,False,Normal
FOODS_3_305_CA_1_validation,2016-04-04,15,12.08677369386602,28.0,0,2,24.17354738773204,28.0,False,False,Normal
FOODS_3_305_CA_1_validation,2016-04-11,19,12.842612939837052,32.0,0,2,25.685225879674103,32.0,False,False,Normal
FOODS_3_305_CA_1_validation,2016-04-18,13,16.09924465392483,30.0,0,2,32.19848930784966,30.0,True,False,Stockout Risk
FOODS_3_306_CA_1_validation,2016-03-14,20,20.43060429461294,40.0,0,2,40.86120858922588,40.0,True,False,Stockout Risk
FOODS_3_306_CA_1_validation,2016-03-21,41,18.98321845150644,61.0,0,2,37.96643690301288,61.0,False,False,Normal
FOODS_3_306_CA_1_validation,2016-03-28,36,30.811474150244106,65.0,0,2,61.62294830048821,65.0,False,False,Normal
FOODS_3_306_CA_1_validation,2016-04-04,21,30.33266342079137,59.0,0,2,60.66532684158274,59.0,True,False,Stockout Risk
FOODS_3_306_CA_1_validation,2016-04-11,30,25.24026007068157,64.0,0,2,50.48052014136314,64.0,False,False,Normal
FOODS_3_306_CA_1_validation,2016-04-18,18,27.14347574729808,52.0,0,2,54.28695149459616,52.0,True,False,Stockout Risk
FOODS_3_307_CA_1_validation,2016-03-14,45,31.4841645783357,90.0,0,2,62.9683291566714,90.0,False,False,Normal
FOODS_3_307_CA_1_validation,2016-03-21,37,36.80703902985054,82.0,0,2,73.61407805970109,82.0,False,False,Normal
FOODS_3_307_CA_1_validation,2016-03-28,27,35.780229218392186,73.0,0,2,71.56045843678437,73.0,False,False,Normal
FOODS_3_307_CA_1_validation,2016-04-04,39,32.442517187351264,74.0,0,2,64.88503437470253,74.0,False,False,Normal
FOODS_3_307_CA_1_validation,2016-04-11,44,35.95391616230691,74.0,0,2,71.90783232461382,74.0,False,False,Normal
FOODS_3_307_CA_1_validation,2016-04-18,29,37.63924959998721,70.0,0,2,75.27849919997442,70.0,True,False,Stockout Risk
FOODS_3_308_CA_1_validation,2016-03-14,0,1.8730171881281807,0.0,0,2,3.7460343762563615,0.0,True,False,Stockout Risk
FOODS_3_308_CA_1_validation,2016-03-21,0,1.2653818220471509,0.0,0,2,2.5307636440943018,0.0,True,False,Stockout Risk
FOODS_3_308_CA_1_validation,2016-03-28,1,0.967157905556561,1.0,0,2,1.934315811113122,1.0,True,False,Stockout Risk
FOODS_3_308_CA_1_validation,2016-04-04,5,3.6711382029390656,3.0,0,2,7.342276405878131,3.0,True,False,Stockout Risk
FOODS_3_308_CA_1_validation,2016-04-11,6,4.551833553741168,6.0,0,2,9.103667107482336,6.0,True,False,Stockout Risk
FOODS_3_308_CA_1_validation,2016-04-18,8,5.384348279813881,10.0,0,2,10.768696559627761,10.0,True,False,Stockout Risk
FOODS_3_309_CA_1_validation,2016-03-14,0,1.327515675551586,0.0,0,2,2.655031351103172,0.0,True,False,Stockout Risk
FOODS_3_309_CA_1_validation,2016-03-21,0,0.970838079998806,0.0,0,2,1.941676159997612,0.0,True,False,Stockout Risk
FOODS_3_309_CA_1_validation,2016-03-28,6,0.983707976926116,4.0,0,2,1.967415953852232,4.0,False,False,Normal
FOODS_3_309_CA_1_validation,2016-04-04,0,5.827569089297956,3.0,0,2,11.655138178595912,3.0,True,False,Stockout Risk
FOODS_3_309_CA_1_validation,2016-04-11,0,1.241260659735694,3.0,0,2,2.482521319471388,3.0,False,False,Normal
FOODS_3_309_CA_1_validation,2016-04-18,0,0.8618809425192906,3.0,0,2,1.7237618850385812,3.0,False,False,Normal
FOODS_3_310_CA_1_validation,2016-03-14,10,10.281814239115464,20.0,0,2,20.563628478230928,20.0,True,False,Stockout Risk
FOODS_3_310_CA_1_validation,2016-03-21,7,10.74320300575179,17.0,0,2,21.48640601150358,17.0,True,False,Stockout Risk
FOODS_3_310_CA_1_validation,2016-03-28,12,9.883221194625932,19.0,0,2,19.766442389251864,19.0,True,False,Stockout Risk
FOODS_3_310_CA_1_validation,2016-04-04,7,9.910472448371292,18.0,0,2,19.820944896742585,18.0,True,False,Stockout Risk
FOODS_3_310_CA_1_validation,2016-04-11,10,9.17858829504016,18.0,0,2,18.35717659008032,18.0,True,False,Stockout Risk
FOODS_3_310_CA_1_validation,2016-04-18,12,9.372866170466144,20.0,0,2,18.74573234093229,20.0,False,False,Normal
FOODS_3_311_CA_1_validation,2016-03-14,15,16.906684617908507,30.0,0,2,33.813369235817014,30.0,True,False,Stockout Risk
FOODS_3_311_CA_1_validation,2016-03-21,18,15.5281758377107,33.0,0,2,31.0563516754214,33.0,False,False,Normal
FOODS_3_311_CA_1_validation,2016-03-28,20,16.218943225624635,35.0,0,2,32.43788645124927,35.0,False,False,Normal
FOODS_3_311_CA_1_validation,2016-04-04,19,17.298693468394404,36.0,0,2,34.59738693678881,36.0,False,False,Normal
FOODS_3_311_CA_1_validation,2016-04-11,12,16.850870227924386,34.0,0,2,33.70174045584877,34.0,False,False,Normal
FOODS_3_311_CA_1_validation,2016-04-18,16,14.831027348493867,34.0,0,2,29.662054696987735,34.0,False,False,Normal
FOODS_3_312_CA_1_validation,2016-03-14,10,8.259903302458975,20.0,0,2,16.51980660491795,20.0,False,False,Normal
FOODS_3_312_CA_1_validation,2016-03-21,14,9.208297865667548,24.0,0,2,18.416595731335097,24.0,False,False,Normal
FOODS_3_312_CA_1_validation,2016-03-28,3,10.846944233474588,18.0,0,2,21.693888466949176,18.0,True,False,Stockout Risk
FOODS_3_312_CA_1_validation,2016-04-04,0,7.855692560997861,14.0,0,2,15.711385121995722,14.0,True,False,Stockout Risk
FOODS_3_312_CA_1_validation,2016-04-11,11,3.830886679410897,14.0,0,2,7.661773358821794,14.0,False,False,Normal
FOODS_3_312_CA_1_validation,2016-04-18,13,8.410365109139182,14.0,0,2,16.820730218278364,14.0,True,False,Stockout Risk
FOODS_3_313_CA_1_validation,2016-03-14,36,36.66306710860882,72.0,0,2,73.32613421721764,72.0,True,False,Stockout Risk
FOODS_3_313_CA_1_validation,2016-03-21,32,33.63787037242697,68.0,0,2,67.27574074485393,68.0,False,False,Normal
FOODS_3_313_CA_1_validation,2016-03-28,32,33.45341591110562,67.0,0,2,66.90683182221125,67.0,False,False,Normal
FOODS_3_313_CA_1_validation,2016-04-04,41,34.9752837552455,70.0,0,2,69.950567510491,70.0,False,False,Normal
FOODS_3_313_CA_1_validation,2016-04-11,20,35.740815113339806,62.0,0,2,71.48163022667961,62.0,True,False,Stockout Risk
FOODS_3_313_CA_1_validation,2016-04-18,39,27.98042028908784,66.0,0,2,55.96084057817568,66.0,False,False,Normal
FOODS_3_314_CA_1_validation,2016-03-14,0,0.3651618097588788,0.0,0,2,0.7303236195177576,0.0,True,False,Stockout Risk
FOODS_3_314_CA_1_validation,2016-03-21,0,0.3651618097588788,0.0,0,2,0.7303236195177576,0.0,True,False,Stockout Risk
FOODS_3_314_CA_1_validation,2016-03-28,9,0.3651618097588788,6.0,0,2,0.7303236195177576,6.0,False,False,Normal
FOODS_3_314_CA_1_validation,2016-04-04,14,8.973711752621949,12.0,0,2,17.947423505243897,12.0,True,False,Stockout Risk
FOODS_3_314_CA_1_validation,2016-04-11,10,11.950670953734726,16.0,0,2,23.90134190746945,16.0,True,False,Stockout Risk
FOODS_3_314_CA_1_validation,2016-04-18,11,10.271198312012498,22.0,0,2,20.542396624024995,22.0,False,False,Normal
FOODS_3_315_CA_1_validation,2016-03-14,0,4.4585497781248105,0.0,0,2,8.917099556249621,0.0,True,False,Stockout Risk
FOODS_3_315_CA_1_validation,2016-03-21,1,1.7822587373385952,1.0,0,2,3.5645174746771904,1.0,True,False,Stockout Risk
FOODS_3_315_CA_1_validation,2016-03-28,2,3.551478242594224,2.0,0,2,7.102956485188448,2.0,True,False,Stockout Risk
FOODS_3_315_CA_1_validation,2016-04-04,3,3.038015694290732,3.0,0,2,6.076031388581464,3.0,True,False,Stockout Risk
FOODS_3_315_CA_1_validation,2016-04-11,5,3.721942070689821,6.0,0,2,7.443884141379642,6.0,True,False,Stockout Risk
FOODS_3_315_CA_1_validation,2016-04-18,9,3.8351054291777182,10.0,0,2,7.6702108583554365,10.0,False,False,Normal
FOODS_3_316_CA_1_validation,2016-03-14,10,19.78731866328277,20.0,0,2,39.57463732656554,20.0,True,False,Stockout Risk
FOODS_3_316_CA_1_validation,2016-03-21,8,9.505792121181424,18.0,0,2,19.011584242362847,18.0,True,False,Stockout Risk
FOODS_3_316_CA_1_validation,2016-03-28,9,9.11410378700392,18.0,0,2,18.22820757400784,18.0,True,False,Stockout Risk
FOODS_3_316_CA_1_validation,2016-04-04,12,8.962037805396452,20.0,0,2,17.924075610792904,20.0,False,False,Normal
FOODS_3_316_CA_1_validation,2016-04-11,6,9.504344516997858,18.0,0,2,19.008689033995715,18.0,True,False,Stockout Risk
FOODS_3_316_CA_1_validation,2016-04-18,14,8.271885281178308,20.0,0,2,16.543770562356617,20.0,False,False,Normal
FOODS_3_317_CA_1_validation,2016-03-14,39,43.73095151717922,78.0,0,2,87.46190303435844,78.0,True,False,Stockout Risk
FOODS_3_317_CA_1_validation,2016-03-21,43,47.20232592552333,82.0,0,2,94.40465185104667,82.0,True,False,Stockout Risk
FOODS_3_317_CA_1_validation,2016-03-28,37,47.12372856846232,79.0,0,2,94.24745713692464,79.0,True,False,Stockout Risk
FOODS_3_317_CA_1_validation,2016-04-04,34,40.37748952028386,76.0,0,2,80.75497904056772,76.0,True,False,Stockout Risk
FOODS_3_317_CA_1_validation,2016-04-11,43,37.83678469226795,78.0,0,2,75.6735693845359,78.0,False,False,Normal
FOODS_3_317_CA_1_validation,2016-04-18,22,42.28501774555703,68.0,0,2,84.57003549111406,68.0,True,False,Stockout Risk
FOODS_3_318_CA_1_validation,2016-03-14,64,76.71445418580802,128.0,0,2,153.42890837161605,128.0,True,False,Stockout Risk
FOODS_3_318_CA_1_validation,2016-03-21,124,75.9195054825404,188.0,0,2,151.8390109650808,188.0,False,False,Normal
FOODS_3_318_CA_1_validation,2016-03-28,103,101.92852983806824,194.0,0,2,203.8570596761365,194.0,True,False,Stockout Risk
FOODS_3_318_CA_1_validation,2016-04-04,87,97.76460354042646,189.0,0,2,195.52920708085293,189.0,True,False,Stockout Risk
FOODS_3_318_CA_1_validation,2016-04-11,62,89.03539163819539,188.0,0,2,178.07078327639078,188.0,False,False,Normal
FOODS_3_318_CA_1_validation,2016-04-18,72,78.14809970867088,162.0,0,2,156.29619941734177,162.0,False,False,Normal
FOODS_3_319_CA_1_validation,2016-03-14,57,57.012674753713085,114.0,0,2,114.02534950742617,114.0,True,False,Stockout Risk
FOODS_3_319_CA_1_validation,2016-03-21,86,59.996169000018966,143.0,0,2,119.99233800003793,143.0,False,False,Normal
FOODS_3_319_CA_1_validation,2016-03-28,38,71.11382482299611,121.0,0,2,142.22764964599222,121.0,True,False,Stockout Risk
FOODS_3_319_CA_1_validation,2016-04-04,0,52.603192868367614,90.0,0,2,105.20638573673523,90.0,True,False,Stockout Risk
FOODS_3_319_CA_1_validation,2016-04-11,0,12.299043947476232,62.0,0,2,24.598087894952464,62.0,False,False,Normal
FOODS_3_319_CA_1_validation,2016-04-18,0,9.329401072713717,19.0,0,2,18.658802145427433,19.0,False,False,Normal
FOODS_3_320_CA_1_validation,2016-03-14,9,10.939765946872924,18.0,0,2,21.87953189374585,18.0,True,False,Stockout Risk
FOODS_3_320_CA_1_validation,2016-03-21,1,9.445270567719543,10.0,0,2,18.890541135439086,10.0,True,False,Stockout Risk
FOODS_3_320_CA_1_validation,2016-03-28,14,6.755674062808251,16.0,0,2,13.511348125616502,16.0,False,False,Normal
FOODS_3_320_CA_1_validation,2016-04-04,17,10.52609081935826,20.0,0,2,21.05218163871652,20.0,True,False,Stockout Risk
FOODS_3_320_CA_1_validation,2016-04-11,8,11.47000125716602,20.0,0,2,22.94000251433204,20.0,True,False,Stockout Risk
FOODS_3_320_CA_1_validation,2016-04-18,2,10.051392884233262,20.0,0,2,20.102785768466525,20.0,True,False,Stockout Risk
FOODS_3_321_CA_1_validation,2016-03-14,44,30.15077162749133,88.0,0,2,60.30154325498266,88.0,False,False,Normal
FOODS_3_321_CA_1_validation,2016-03-21,58,36.727170148160695,102.0,0,2,73.45434029632139,102.0,False,False,Normal
FOODS_3_321_CA_1_validation,2016-03-28,41,46.558972295868415,95.0,0,2,93.11794459173683,95.0,False,False,Normal
FOODS_3_321_CA_1_validation,2016-04-04,27,41.667279495365726,85.0,0,2,83.33455899073145,85.0,False,False,Normal
FOODS_3_321_CA_1_validation,2016-04-11,30,36.85875442115758,78.0,0,2,73.71750884231515,78.0,False,False,Normal
FOODS_3_321_CA_1_validation,2016-04-18,39,34.16950568727865,68.0,0,2,68.3390113745573,68.0,True,False,Stockout Risk
FOODS_3_322_CA_1_validation,2016-03-14,14,33.64729110363206,28.0,0,2,67.29458220726411,28.0,True,False,Stockout Risk
FOODS_3_322_CA_1_validation,2016-03-21,21,13.492636125158532,35.0,0,2,26.985272250317063,35.0,False,False,Normal
FOODS_3_322_CA_1_validation,2016-03-28,18,19.70267351459726,35.0,0,2,39.40534702919452,35.0,True,False,Stockout Risk
FOODS_3_322_CA_1_validation,2016-04-04,16,16.99342085099326,34.0,0,2,33.98684170198652,34.0,False,False,Normal
FOODS_3_322_CA_1_validation,2016-04-11,26,15.289051568053033,40.0,0,2,30.578103136106066,40.0,False,False,Normal
FOODS_3_322_CA_1_validation,2016-04-18,20,20.249422454600715,40.0,0,2,40.49884490920143,40.0,True,False,Stockout Risk
FOODS_3_323_CA_1_validation,2016-03-14,14,8.671962574162194,28.0,0,2,17.343925148324388,28.0,False,False,Normal
FOODS_3_323_CA_1_validation,2016-03-21,5,10.288712251283744,19.0,0,2,20.57742450256749,19.0,True,False,Stockout Risk
FOODS_3_323_CA_1_validation,2016-03-28,4,8.920321195528192,15.0,0,2,17.840642391056384,15.0,True,False,Stockout Risk
FOODS_3_323_CA_1_validation,2016-04-04,3,7.923833552361317,13.0,0,2,15.847667104722634,13.0,True,False,Stockout Risk
FOODS_3_323_CA_1_validation,2016-04-11,9,5.880442257103127,10.0,0,2,11.760884514206253,10.0,True,False,Stockout Risk
FOODS_3_323_CA_1_validation,2016-04-18,4,6.489240558679037,10.0,0,2,12.978481117358074,10.0,True,False,Stockout Risk
FOODS_3_324_CA_1_validation,2016-03-14,0,2.202164132477298,0.0,0,2,4.404328264954596,0.0,True,False,Stockout Risk
FOODS_3_324_CA_1_validation,2016-03-21,0,0.3651618097588788,0.0,0,2,0.7303236195177576,0.0,True,False,Stockout Risk
FOODS_3_324_CA_1_validation,2016-03-28,0,0.3651618097588788,0.0,0,2,0.7303236195177576,0.0,True,False,Stockout Risk
FOODS_3_324_CA_1_validation,2016-04-04,0,0.5470073055823366,0.0,0,2,1.0940146111646731,0.0,True,False,Stockout Risk
FOODS_3_324_CA_1_validation,2016-04-11,0,0.3006084123614305,0.0,0,2,0.601216824722861,0.0,True,False,Stockout Risk
FOODS_3_324_CA_1_validation,2016-04-18,74,0.3006084123614305,37.0,0,2,0.601216824722861,37.0,False,False,Normal
FOODS_3_325_CA_1_validation,2016-03-14,14,11.549355647722724,28.0,0,2,23.098711295445447,28.0,False,False,Normal
FOODS_3_325_CA_1_validation,2016-03-21,18,12.807347796425052,32.0,0,2,25.614695592850104,32.0,False,False,Normal
FOODS_3_325_CA_1_validation,2016-03-28,15,15.33271552294308,31.0,0,2,30.66543104588616,31.0,False,False,Normal
FOODS_3_325_CA_1_validation,2016-04-04,26,13.796070630879514,36.0,0,2,27.59214126175903,36.0,False,False,Normal
FOODS_3_325_CA_1_validation,2016-04-11,17,19.60991422245188,38.0,0,2,39.21982844490376,38.0,True,False,Stockout Risk
FOODS_3_325_CA_1_validation,2016-04-18,14,17.530020863668785,36.0,0,2,35.06004172733757,36.0,False,False,Normal
FOODS_3_326_CA_1_validation,2016-03-14,26,18.77102847290932,52.0,0,2,37.54205694581864,52.0,False,False,Normal
FOODS_3_326_CA_1_validation,2016-03-21,13,22.4096992100223,39.0,0,2,44.8193984200446,39.0,True,False,Stockout Risk
FOODS_3_326_CA_1_validation,2016-03-28,16,18.1310956662034,37.0,0,2,36.2621913324068,37.0,False,False,Normal
FOODS_3_326_CA_1_validation,2016-04-04,17,17.774750983992732,36.0,0,2,35.549501967985464,36.0,False,False,Normal
FOODS_3_326_CA_1_validation,2016-04-11,8,17.7951166825637,27.0,0,2,35.5902333651274,27.0,True,False,Stockout Risk
FOODS_3_326_CA_1_validation,2016-04-18,21,12.976137149977484,31.0,0,2,25.95227429995497,31.0,False,False,Normal
FOODS_3_327_CA_1_validation,2016-03-14,21,26.63084131597839,42.0,0,2,53.26168263195678,42.0,True,False,Stockout Risk
FOODS_3_327_CA_1_validation,2016-03-21,26,25.8075358311831,47.0,0,2,51.6150716623662,47.0,True,False,Stockout Risk
FOODS_3_327_CA_1_validation,2016-03-28,19,25.962091912154367,44.0,0,2,51.924183824308734,44.0,True,False,Stockout Risk
FOODS_3_327_CA_1_validation,2016-04-04,16,23.96604770040953,41.0,0,2,47.93209540081906,41.0,True,False,Stockout Risk
FOODS_3_327_CA_1_validation,2016-04-11,13,19.472740907146623,37.0,0,2,38.945481814293245,37.0,True,False,Stockout Risk
FOODS_3_327_CA_1_validation,2016-04-18,21,20.014482906893235,34.0,0,2,40.02896581378647,34.0,True,False,Stockout Risk
FOODS_3_328_CA_1_validation,2016-03-14,5,4.8422359273701145,10.0,0,2,9.684471854740229,10.0,False,False,Normal
FOODS_3_328_CA_1_validation,2016-03-21,4,4.106565004426717,9.0,0,2,8.213130008853433,9.0,False,False,Normal
FOODS_3_328_CA_1_validation,2016-03-28,3,4.236542074555936,8.0,0,2,8.473084149111871,8.0,True,False,Stockout Risk
FOODS_3_328_CA_1_validation,2016-04-04,2,3.985767397637948,7.0,0,2,7.971534795275896,7.0,True,False,Stockout Risk
FOODS_3_328_CA_1_validation,2016-04-11,3,3.1363837478751533,6.0,0,2,6.272767495750307,6.0,True,False,Stockout Risk
FOODS_3_328_CA_1_validation,2016-04-18,1,3.6023402789792494,4.0,0,2,7.204680557958499,4.0,True,False,Stockout Risk
FOODS_3_329_CA_1_validation,2016-03-14,94,107.65765504152353,188.0,0,2,215.31531008304705,188.0,True,False,Stockout Risk
FOODS_3_329_CA_1_validation,2016-03-21,100,98.054052763876,194.0,0,2,196.108105527752,194.0,True,False,Stockout Risk
FOODS_3_329_CA_1_validation,2016-03-28,96,103.25649381160385,193.0,0,2,206.5129876232077,193.0,True,False,Stockout Risk
FOODS_3_329_CA_1_validation,2016-04-04,95,99.52521879268488,192.0,0,2,199.05043758536976,192.0,True,False,Stockout Risk
FOODS_3_329_CA_1_validation,2016-04-11,110,92.55912659252478,200.0,0,2,185.11825318504955,200.0,False,False,Normal
FOODS_3_329_CA_1_validation,2016-04-18,69,94.78548797798778,185.0,0,2,189.57097595597557,185.0,True,False,Stockout Risk
FOODS_3_330_CA_1_validation,2016-03-14,29,23.729285689107304,58.0,0,2,47.45857137821461,58.0,False,False,Normal
FOODS_3_330_CA_1_validation,2016-03-21,25,25.70626351819405,54.0,0,2,51.4125270363881,54.0,False,False,Normal
FOODS_3_330_CA_1_validation,2016-03-28,30,25.04702692873423,56.0,0,2,50.09405385746846,56.0,False,False,Normal
FOODS_3_330_CA_1_validation,2016-04-04,23,28.40249696795816,54.0,0,2,56.80499393591632,54.0,True,False,Stockout Risk
FOODS_3_330_CA_1_validation,2016-04-11,40,25.398233394997654,59.0,0,2,50.79646678999531,59.0,False,False,Normal
FOODS_3_330_CA_1_validation,2016-04-18,45,31.671986208493056,69.0,0,2,63.34397241698611,69.0,False,False,Normal
FOODS_3_331_CA_1_validation,2016-03-14,7,7.367120058330039,14.0,0,2,14.734240116660079,14.0,True,False,Stockout Risk
FOODS_3_331_CA_1_validation,2016-03-21,4,7.21818173874752,11.0,0,2,14.43636347749504,11.0,True,False,Stockout Risk
FOODS_3_331_CA_1_validation,2016-03-28,6,6.186198297432642,11.0,0,2,12.372396594865284,11.0,True,False,Stockout Risk
FOODS_3_331_CA_1_validation,2016-04-04,3,6.042458014257286,10.0,0,2,12.084916028514572,10.0,True,False,Stockout Risk
FOODS_3_331_CA_1_validation,2016-04-11,2,5.253599206124166,8.0,0,2,10.507198412248332,8.0,True,False,Stockout Risk
FOODS_3_331_CA_1_validation,2016-04-18,6,4.247959359400659,8.0,0,2,8.495918718801319,8.0,True,False,Stockout Risk
FOODS_3_332_CA_1_validation,2016-03-14,18,16.905080597781986,36.0,0,2,33.81016119556397,36.0,False,False,Normal
FOODS_3_332_CA_1_validation,2016-03-21,10,18.74127863359078,28.0,0,2,37.48255726718156,28.0,True,False,Stockout Risk
FOODS_3_332_CA_1_validation,2016-03-28,20,15.457100518016984,32.0,0,2,30.91420103603397,32.0,False,False,Normal
FOODS_3_332_CA_1_validation,2016-04-04,15,17.770448130149756,32.0,0,2,35.54089626029951,32.0,True,False,Stockout Risk
FOODS_3_332_CA_1_validation,2016-04-11,14,15.39392525258961,30.0,0,2,30.78785050517922,30.0,True,False,Stockout Risk
FOODS_3_332_CA_1_validation,2016-04-18,15,14.919699308236728,32.0,0,2,29.839398616473456,32.0,False,False,Normal
FOODS_3_333_CA_1_validation,2016-03-14,7,4.364170892638603,14.0,0,2,8.728341785277205,14.0,False,False,Normal
FOODS_3_333_CA_1_validation,2016-03-21,6,5.4168690524598215,13.0,0,2,10.833738104919643,13.0,False,False,Normal
FOODS_3_333_CA_1_validation,2016-03-28,8,5.757173102562115,14.0,0,2,11.51434620512423,14.0,False,False,Normal
FOODS_3_333_CA_1_validation,2016-04-04,11,6.449301522853468,16.0,0,2,12.898603045706936,16.0,False,False,Normal
FOODS_3_333_CA_1_validation,2016-04-11,21,7.980746343448118,23.0,0,2,15.961492686896236,23.0,False,False,Normal
FOODS_3_333_CA_1_validation,2016-04-18,15,13.271726207232875,28.0,0,2,26.54345241446575,28.0,False,False,Normal
FOODS_3_334_CA_1_validation,2016-03-14,11,10.063869448712165,22.0,0,2,20.12773889742433,22.0,False,False,Normal
FOODS_3_334_CA_1_validation,2016-03-21,37,10.278954219686195,48.0,0,2,20.55790843937239,48.0,False,False,Normal
FOODS_3_334_CA_1_validation,2016-03-28,32,23.033745438908152,53.0,0,2,46.067490877816304,53.0,False,False,Normal
FOODS_3_334_CA_1_validation,2016-04-04,16,25.432345584681304,48.0,0,2,50.86469116936261,48.0,True,False,Stockout Risk
FOODS_3_334_CA_1_validation,2016-04-11,30,20.21926988183916,58.0,0,2,40.43853976367832,58.0,False,False,Normal
FOODS_3_334_CA_1_validation,2016-04-18,25,24.851845217092336,52.0,0,2,49.70369043418467,52.0,False,False,Normal
FOODS_3_335_CA_1_validation,2016-03-14,17,15.50207922764882,34.0,0,2,31.00415845529764,34.0,False,False,Normal
FOODS_3_335_CA_1_validation,2016-03-21,22,15.755081890254946,39.0,0,2,31.51016378050989,39.0,False,False,Normal
FOODS_3_335_CA_1_validation,2016-03-28,15,17.890322428017644,36.0,0,2,35.78064485603529,36.0,False,False,Normal
FOODS_3_335_CA_1_validation,2016-04-04,20,16.840984266828638,37.0,0,2,33.681968533657276,37.0,False,False,Normal
FOODS_3_335_CA_1_validation,2016-04-11,18,17.00199164204932,38.0,0,2,34.00398328409864,38.0,False,False,Normal
FOODS_3_335_CA_1_validation,2016-04-18,13,17.09243741036273,33.0,0,2,34.18487482072546,33.0,True,False,Stockout Risk
FOODS_3_336_CA_1_validation,2016-03-14,0,0.3651618097588788,0.0,0,2,0.7303236195177576,0.0,True,False,Stockout Risk
FOODS_3_336_CA_1_validation,2016-03-21,0,0.3651618097588788,0.0,0,2,0.7303236195177576,0.0,True,False,Stockout Risk
FOODS_3_336_CA_1_validation,2016-03-28,12,0.3651618097588788,8.0,0,2,0.7303236195177576,8.0,False,False,Normal
FOODS_3_336_CA_1_validation,2016-04-04,17,10.901812379070112,14.0,0,2,21.803624758140224,14.0,True,False,Stockout Risk
FOODS_3_336_CA_1_validation,2016-04-11,9,14.417221585678126,19.0,0,2,28.834443171356252,19.0,True,False,Stockout Risk
FOODS_3_336_CA_1_validation,2016-04-18,7,9.987899825813903,22.0,0,2,19.975799651627806,22.0,False,False,Normal
FOODS_3_337_CA_1_validation,2016-03-14,3,3.47001686376548,6.0,0,2,6.94003372753096,6.0,True,False,Stockout Risk
FOODS_3_337_CA_1_validation,2016-03-21,2,3.851311357077292,5.0,0,2,7.702622714154584,5.0,True,False,Stockout Risk
FOODS_3_337_CA_1_validation,2016-03-28,4,3.630751193999501,6.0,0,2,7.261502387999002,6.0,True,False,Stockout Risk
FOODS_3_337_CA_1_validation,2016-04-04,3,4.254526259728063,6.0,0,2,8.509052519456127,6.0,True,False,Stockout Risk
FOODS_3_337_CA_1_validation,2016-04-11,4,3.653998414819744,6.0,0,2,7.307996829639488,6.0,True,False,Stockout Risk
FOODS_3_337_CA_1_validation,2016-04-18,8,3.895106225118185,10.0,0,2,7.79021245023637,10.0,False,False,Normal
FOODS_3_338_CA_1_validation,2016-03-14,3,3.3729319413314034,6.0,0,2,6.745863882662807,6.0,True,False,Stockout Risk
FOODS_3_338_CA_1_validation,2016-03-21,1,3.522873246567804,4.0,0,2,7.045746493135608,4.0,True,False,Stockout Risk
FOODS_3_338_CA_1_validation,2016-03-28,4,2.3235931315761564,5.0,0,2,4.647186263152313,5.0,False,False,Normal
FOODS_3_338_CA_1_validation,2016-04-04,2,3.838443051488957,5.0,0,2,7.676886102977914,5.0,True,False,Stockout Risk
FOODS_3_338_CA_1_validation,2016-04-11,8,3.126940551244418,8.0,0,2,6.253881102488836,8.0,False,False,Normal
FOODS_3_338_CA_1_validation,2016-04-18,3,5.250945938674882,8.0,0,2,10.501891877349763,8.0,True,False,Stockout Risk
FOODS_3_339_CA_1_validation,2016-03-14,64,40.22105856707667,128.0,0,2,80.44211713415334,128.0,False,False,Normal
FOODS_3_339_CA_1_validation,2016-03-21,52,51.8542228005118,116.0,0,2,103.7084456010236,116.0,False,False,Normal
FOODS_3_339_CA_1_validation,2016-03-28,91,51.223204008833655,138.0,0,2,102.44640801766731,138.0,False,False,Normal
FOODS_3_339_CA_1_validation,2016-04-04,65,72.92413204603346,136.0,0,2,145.84826409206693,136.0,True,False,Stockout Risk
FOODS_3_339_CA_1_validation,2016-04-11,52,57.420526831915694,130.0,0,2,114.84105366383139,130.0,False,False,Normal
FOODS_3_339_CA_1_validation,2016-04-18,35,54.89158747369559,122.0,0,2,109.78317494739117,122.0,False,False,Normal
FOODS_3_340_CA_1_validation,2016-03-14,4,4.718069904972641,8.0,0,2,9.436139809945281,8.0,True,False,Stockout Risk
FOODS_3_340_CA_1_validation,2016-03-21,5,4.799543468006484,9.0,0,2,9.599086936012968,9.0,True,False,Stockout Risk
FOODS_3_340_CA_1_validation,2016-03-28,9,5.1696159420821965,12.0,0,2,10.339231884164393,12.0,False,False,Normal
FOODS_3_340_CA_1_validation,2016-04-04,3,6.626795823338955,10.0,0,2,13.25359164667791,10.0,True,False,Stockout Risk
FOODS_3_340_CA_1_validation,2016-04-11,5,5.112389360001293,11.0,0,2,10.224778720002586,11.0,False,False,Normal
FOODS_3_340_CA_1_validation,2016-04-18,5,4.973788246202612,11.0,0,2,9.947576492405224,11.0,False,False,Normal
FOODS_3_341_CA_1_validation,2016-03-14,4,4.747522904989362,8.0,0,2,9.495045809978723,8.0,True,False,Stockout Risk
FOODS_3_341_CA_1_validation,2016-03-21,4,4.569240804506608,8.0,0,2,9.138481609013215,8.0,True,False,Stockout Risk
FOODS_3_341_CA_1_validation,2016-03-28,3,4.5087247293957855,7.0,0,2,9.017449458791571,7.0,True,False,Stockout Risk
FOODS_3_341_CA_1_validation,2016-04-04,5,4.454642516235438,8.0,0,2,8.909285032470876,8.0,True,False,Stockout Risk
FOODS_3_341_CA_1_validation,2016-04-11,8,4.825091550260971,10.0,0,2,9.650183100521941,10.0,False,False,Normal
FOODS_3_341_CA_1_validation,2016-04-18,4,5.668399764155603,10.0,0,2,11.336799528311206,10.0,True,False,Stockout Risk
FOODS_3_342_CA_1_validation,2016-03-14,47,30.581387094197414,94.0,0,2,61.16277418839483,94.0,False,False,Normal
FOODS_3_342_CA_1_validation,2016-03-21,26,36.01757746161939,73.0,0,2,72.03515492323878,73.0,False,False,Normal
FOODS_3_342_CA_1_validation,2016-03-28,23,32.434845626150576,64.0,0,2,64.86969125230115,64.0,True,False,Stockout Risk
FOODS_3_342_CA_1_validation,2016-04-04,38,29.20832713176493,67.0,0,2,58.41665426352986,67.0,False,False,Normal
FOODS_3_342_CA_1_validation,2016-04-11,39,34.30621020973559,63.0,0,2,68.61242041947118,63.0,True,False,Stockout Risk
FOODS_3_342_CA_1_validation,2016-04-18,38,34.51923182469005,69.0,0,2,69.0384636493801,69.0,True,False,Stockout Risk
FOODS_3_343_CA_1_validation,2016-03-14,2,3.481771179152926,4.0,0,2,6.963542358305852,4.0,True,False,Stockout Risk
FOODS_3_343_CA_1_validation,2016-03-21,1,3.18637884311611,3.0,0,2,6.37275768623222,3.0,True,False,Stockout Risk
FOODS_3_343_CA_1_validation,2016-03-28,0,2.370136161890896,2.0,0,2,4.740272323781792,2.0,True,False,Stockout Risk
FOODS_3_343_CA_1_validation,2016-04-04,4,1.2256955570409458,4.0,0,2,2.4513911140818916,4.0,False,False,Normal
FOODS_3_343_CA_1_validation,2016-04-11,8,3.6651637056063473,6.0,0,2,7.330327411212695,6.0,True,False,Stockout Risk
FOODS_3_343_CA_1_validation,2016-04-18,1,5.0145272926499205,6.0,0,2,10.029054585299841,6.0,True,False,Stockout Risk
FOODS_3_344_CA_1_validation,2016-03-14,38,33.32729159300307,76.0,0,2,66.65458318600614,76.0,False,False,Normal
FOODS_3_344_CA_1_validation,2016-03-21,30,34.98829919740759,68.0,0,2,69.97659839481518,68.0,True,False,Stockout Risk
FOODS_3_344_CA_1_validation,2016-03-28,27,32.62521657911491,63.0,0,2,65.25043315822982,63.0,True,False,Stockout Risk
FOODS_3_344_CA_1_validation,2016-04-04,44,32.073216466679725,70.0,0,2,64.14643293335945,70.0,False,False,Normal
FOODS_3_344_CA_1_validation,2016-04-11,37,36.23870588318211,69.0,0,2,72.47741176636421,69.0,True,False,Stockout Risk
FOODS_3_344_CA_1_validation,2016-04-18,41,34.25464589128221,74.0,0,2,68.50929178256442,74.0,False,False,Normal
FOODS_3_345_CA_1_validation,2016-03-14,0,0.3651618097588788,0.0,0,2,0.7303236195177576,0.0,True,False,Stockout Risk
FOODS_3_345_CA_1_validation,2016-03-21,0,0.3651618097588788,0.0,0,2,0.7303236195177576,0.0,True,False,Stockout Risk
FOODS_3_345_CA_1_validation,2016-03-28,3,0.3651618097588788,2.0,0,2,0.7303236195177576,2.0,False,False,Normal
FOODS_3_345_CA_1_validation,2016-04-04,3,4.778387408892914,3.0,0,2,9.556774817785827,3.0,True,False,Stockout Risk
FOODS_3_345_CA_1_validation,2016-04-11,0,3.721942070689821,3.0,0,2,7.443884141379642,3.0,True,False,Stockout Risk
FOODS_3_345_CA_1_validation,2016-04-18,0,1.059578874027394,3.0,0,2,2.119157748054788,3.0,False,False,Normal
FOODS_3_346_CA_1_validation,2016-03-14,29,22.78625630951648,58.0,0,2,45.57251261903296,58.0,False,False,Normal
FOODS_3_346_CA_1_validation,2016-03-21,41,25.27276477104331,70.0,0,2,50.54552954208662,70.0,False,False,Normal
FOODS_3_346_CA_1_validation,2016-03-28,31,34.15552428560006,67.0,0,2,68.31104857120012,67.0,True,False,Stockout Risk
FOODS_3_346_CA_1_validation,2016-04-04,31,29.77914413910277,66.0,0,2,59.55828827820554,66.0,False,False,Normal
FOODS_3_346_CA_1_validation,2016-04-11,35,29.136406655107773,69.0,0,2,58.27281331021555,69.0,False,False,Normal
FOODS_3_346_CA_1_validation,2016-04-18,25,29.79165637114764,61.0,0,2,59.58331274229528,61.0,False,False,Normal
FOODS_3_347_CA_1_validation,2016-03-14,14,7.521977532149138,28.0,0,2,15.043955064298276,28.0,False,False,Normal
FOODS_3_347_CA_1_validation,2016-03-21,10,9.286648374435543,24.0,0,2,18.573296748871087,24.0,False,False,Normal
FOODS_3_347_CA_1_validation,2016-03-28,9,9.009420394633926,22.0,0,2,18.018840789267852,22.0,False,False,Normal
FOODS_3_347_CA_1_validation,2016-04-04,7,9.345226663328797,20.0,0,2,18.690453326657593,20.0,False,False,Normal
FOODS_3_347_CA_1_validation,2016-04-11,10,8.516827451882683,18.0,0,2,17.033654903765367,18.0,False,False,Normal
FOODS_3_347_CA_1_validation,2016-04-18,4,8.68244926106115,15.0,0,2,17.3648985221223,15.0,True,False,Stockout Risk
FOODS_3_348_CA_1_validation,2016-03-14,45,59.75126028481131,90.0,0,2,119.50252056962262,90.0,True,False,Stockout Risk
FOODS_3_348_CA_1_validation,2016-03-21,46,51.30902486707815,91.0,0,2,102.6180497341563,91.0,True,False,Stockout Risk
FOODS_3_348_CA_1_validation,2016-03-28,57,50.39686005730504,99.0,0,2,100.79372011461008,99.0,True,False,Stockout Risk
FOODS_3_348_CA_1_validation,2016-04-04,66,57.34583223727495,107.0,0,2,114.6916644745499,107.0,True,False,Stockout Risk
FOODS_3_348_CA_1_validation,2016-04-11,51,58.614654001846446,110.0,0,2,117.22930800369289,110.0,True,False,Stockout Risk
FOODS_3_348_CA_1_validation,2016-04-18,46,52.16927645315381,110.0,0,2,104.33855290630763,110.0,False,False,Normal
FOODS_3_349_CA_1_validation,2016-03-14,53,47.33244318100999,106.0,0,2,94.66488636201998,106.0,False,False,Normal
FOODS_3_349_CA_1_validation,2016-03-21,74,48.904177955980906,127.0,0,2,97.80835591196181,127.0,False,False,Normal
FOODS_3_349_CA_1_validation,2016-03-28,67,59.995339051172415,129.0,0,2,119.99067810234483,129.0,False,False,Normal
FOODS_3_349_CA_1_validation,2016-04-04,77,64.03658520432832,136.0,0,2,128.07317040865664,136.0,False,False,Normal
FOODS_3_349_CA_1_validation,2016-04-11,67,60.32201198035314,142.0,0,2,120.64402396070628,142.0,False,False,Normal
FOODS_3_349_CA_1_validation,2016-04-18,45,64.01126282818845,128.0,0,2,128.0225256563769,128.0,True,False,Stockout Risk
FOODS_3_350_CA_1_validation,2016-03-14,12,7.017512771121519,24.0,0,2,14.035025542243037,24.0,False,False,Normal
FOODS_3_350_CA_1_validation,2016-03-21,13,9.800777730737863,25.0,0,2,19.601555461475726,25.0,False,False,Normal
FOODS_3_350_CA_1_validation,2016-03-28,13,9.98166866553016,25.0,0,2,19.96333733106032,25.0,False,False,Normal
FOODS_3_350_CA_1_validation,2016-04-04,6,10.695833229066526,22.0,0,2,21.391666458133052,22.0,False,False,Normal
FOODS_3_350_CA_1_validation,2016-04-11,8,8.966801662711374,20.0,0,2,17.933603325422748,20.0,False,False,Normal
FOODS_3_350_CA_1_validation,2016-04-18,4,8.507295534534189,16.0,0,2,17.014591069068377,16.0,True,False,Stockout Risk
FOODS_3_351_CA_1_validation,2016-03-14,62,70.71566066179851,124.0,0,2,141.43132132359702,124.0,True,False,Stockout Risk
FOODS_3_351_CA_1_validation,2016-03-21,61,66.66563566578361,123.0,0,2,133.33127133156722,123.0,True,False,Stockout Risk
FOODS_3_351_CA_1_validation,2016-03-28,68,66.25090721370034,127.0,0,2,132.5018144274007,127.0,True,False,Stockout Risk
FOODS_3_351_CA_1_validation,2016-04-04,50,70.91823436313689,120.0,0,2,141.83646872627378,120.0,True,False,Stockout Risk
FOODS_3_351_CA_1_validation,2016-04-11,72,56.1948222607349,126.0,0,2,112.3896445214698,126.0,False,False,Normal
FOODS_3_351_CA_1_validation,2016-04-18,58,64.71277010569024,124.0,0,2,129.42554021138048,124.0,True,False,Stockout Risk
FOODS_3_352_CA_1_validation,2016-03-14,8,8.350423315338851,16.0,0,2,16.700846630677702,16.0,True,False,Stockout Risk
FOODS_3_352_CA_1_validation,2016-03-21,7,7.385245696849986,15.0,0,2,14.770491393699972,15.0,False,False,Normal
FOODS_3_352_CA_1_validation,2016-03-28,7,6.941942843489885,15.0,0,2,13.88388568697977,15.0,False,False,Normal
FOODS_3_352_CA_1_validation,2016-04-04,8,6.742185396468012,15.0,0,2,13.484370792936025,15.0,False,False,Normal
FOODS_3_352_CA_1_validation,2016-04-11,5,7.142023368375853,14.0,0,2,14.284046736751707,14.0,True,False,Stockout Risk
FOODS_3_352_CA_1_validation,2016-04-18,7,6.398917255682393,14.0,0,2,12.797834511364785,14.0,False,False,Normal
FOODS_3_353_CA_1_validation,2016-03-14,1,2.9027132287820128,2.0,0,2,5.8054264575640255,2.0,True,False,Stockout Risk
FOODS_3_353_CA_1_validation,2016-03-21,2,2.370136161890896,3.0,0,2,4.740272323781792,3.0,True,False,Stockout Risk
FOODS_3_353_CA_1_validation,2016-03-28,7,2.944993163780657,7.0,0,2,5.889986327561314,7.0,False,False,Normal
FOODS_3_353_CA_1_validation,2016-04-04,4,4.871851844181401,7.0,0,2,9.743703688362801,7.0,True,False,Stockout Risk
FOODS_3_353_CA_1_validation,2016-04-11,2,3.905828962110082,8.0,0,2,7.811657924220164,8.0,False,False,Normal
FOODS_3_353_CA_1_validation,2016-04-18,2,3.188041883715648,8.0,0,2,6.376083767431296,8.0,False,False,Normal
FOODS_3_354_CA_1_validation,2016-03-14,1,4.485471047896665,2.0,0,2,8.97094209579333,2.0,True,False,Stockout Risk
FOODS_3_354_CA_1_validation,2016-03-21,11,3.721457304783996,12.0,0,2,7.442914609567992,12.0,False,False,Normal
FOODS_3_354_CA_1_validation,2016-03-28,13,6.3994605236270985,17.0,0,2,12.798921047254197,17.0,False,False,Normal
FOODS_3_354_CA_1_validation,2016-04-04,6,8.341881600354789,16.0,0,2,16.683763200709578,16.0,True,False,Stockout Risk
FOODS_3_354_CA_1_validation,2016-04-11,0,7.030794888615223,15.0,0,2,14.061589777230447,15.0,False,False,Normal
FOODS_3_354_CA_1_validation,2016-04-18,9,4.031416564024688,14.0,0,2,8.062833128049377,14.0,False,False,Normal
FOODS_3_355_CA_1_validation,2016-03-14,13,28.521271398618023,26.0,0,2,57.042542797236045,26.0,True,False,Stockout Risk
FOODS_3_355_CA_1_validation,2016-03-21,25,21.242190938167568,38.0,0,2,42.484381876335135,38.0,True,False,Stockout Risk
FOODS_3_355_CA_1_validation,2016-03-28,26,25.06200643535773,43.0,0,2,50.12401287071546,43.0,True,False,Stockout Risk
FOODS_3_355_CA_1_validation,2016-04-04,30,25.919612516966115,47.0,0,2,51.83922503393223,47.0,True,False,Stockout Risk
FOODS_3_355_CA_1_validation,2016-04-11,19,27.359441272953884,50.0,0,2,54.71888254590777,50.0,True,False,Stockout Risk
FOODS_3_355_CA_1_validation,2016-04-18,26,23.9399798714277,50.0,0,2,47.8799597428554,50.0,False,False,Normal
FOODS_3_356_CA_1_validation,2016-03-14,17,17.12548735205591,34.0,0,2,34.25097470411182,34.0,True,False,Stockout Risk
FOODS_3_356_CA_1_validation,2016-03-21,10,16.90330837617003,27.0,0,2,33.80661675234006,27.0,True,False,Stockout Risk
FOODS_3_356_CA_1_validation,2016-03-28,13,14.647889365951684,27.0,0,2,29.29577873190337,27.0,True,False,Stockout Risk
FOODS_3_356_CA_1_validation,2016-04-04,1,13.795088577623694,20.0,0,2,27.59017715524739,20.0,True,False,Stockout Risk
FOODS_3_356_CA_1_validation,2016-04-11,11,8.030389600404433,18.0,0,2,16.060779200808867,18.0,False,False,Normal
FOODS_3_356_CA_1_validation,2016-04-18,13,11.537884735647058,19.0,0,2,23.075769471294116,19.0,True,False,Stockout Risk
FOODS_3_357_CA_1_validation,2016-03-14,8,3.3566164175985875,16.0,0,2,6.713232835197175,16.0,False,False,Normal
FOODS_3_357_CA_1_validation,2016-03-21,2,6.783489891327417,10.0,0,2,13.566979782654833,10.0,True,False,Stockout Risk
FOODS_3_357_CA_1_validation,2016-03-28,8,5.258828014005751,12.0,0,2,10.517656028011501,12.0,False,False,Normal
FOODS_3_357_CA_1_validation,2016-04-04,3,6.851511270546457,10.0,0,2,13.703022541092913,10.0,True,False,Stockout Risk
FOODS_3_357_CA_1_validation,2016-04-11,4,5.046230239766774,8.0,0,2,10.092460479533548,8.0,True,False,Stockout Risk
FOODS_3_357_CA_1_validation,2016-04-18,7,4.80982224356806,11.0,0,2,9.61964448713612,11.0,False,False,Normal
FOODS_3_358_CA_1_validation,2016-03-14,2,5.59036092594334,4.0,0,2,11.18072185188668,4.0,True,False,Stockout Risk
FOODS_3_358_CA_1_validation,2016-03-21,1,4.282781725142355,3.0,0,2,8.56556345028471,3.0,True,False,Stockout Risk
FOODS_3_358_CA_1_validation,2016-03-28,3,3.554544244389195,4.0,0,2,7.10908848877839,4.0,True,False,Stockout Risk
FOODS_3_358_CA_1_validation,2016-04-04,3,3.8342678770832888,4.0,0,2,7.6685357541665775,4.0,True,False,Stockout Risk
FOODS_3_358_CA_1_validation,2016-04-11,4,3.746301635544679,6.0,0,2,7.492603271089358,6.0,True,False,Stockout Risk
FOODS_3_358_CA_1_validation,2016-04-18,2,4.082959539466181,6.0,0,2,8.165919078932362,6.0,True,False,Stockout Risk
FOODS_3_359_CA_1_validation,2016-03-14,7,7.253597542796424,14.0,0,2,14.507195085592848,14.0,True,False,Stockout Risk
FOODS_3_359_CA_1_validation,2016-03-21,7,6.434598184219232,14.0,0,2,12.869196368438464,14.0,False,False,Normal
FOODS_3_359_CA_1_validation,2016-03-28,8,6.769192560123913,15.0,0,2,13.538385120247826,15.0,False,False,Normal
FOODS_3_359_CA_1_validation,2016-04-04,5,7.915307803286526,14.0,0,2,15.830615606573051,14.0,True,False,Stockout Risk
FOODS_3_359_CA_1_validation,2016-04-11,3,6.478162511929861,12.0,0,2,12.956325023859723,12.0,True,False,Stockout Risk
FOODS_3_359_CA_1_validation,2016-04-18,4,5.042738662055409,10.0,0,2,10.085477324110817,10.0,True,False,Stockout Risk
FOODS_3_360_CA_1_validation,2016-03-14,3,4.69247655195392,6.0,0,2,9.38495310390784,6.0,True,False,Stockout Risk
FOODS_3_360_CA_1_validation,2016-03-21,1,4.0023044335909095,4.0,0,2,8.004608867181819,4.0,True,False,Stockout Risk
FOODS_3_360_CA_1_validation,2016-03-28,3,2.849487697982311,5.0,0,2,5.698975395964622,5.0,True,False,Stockout Risk
FOODS_3_360_CA_1_validation,2016-04-04,2,4.142145849498178,4.0,0,2,8.284291698996356,4.0,True,False,Stockout Risk
FOODS_3_360_CA_1_validation,2016-04-11,0,3.1126728037238527,3.0,0,2,6.225345607447705,3.0,True,False,Stockout Risk
FOODS_3_360_CA_1_validation,2016-04-18,1,0.9664267668927284,3.0,0,2,1.9328535337854569,3.0,False,False,Normal
FOODS_3_361_CA_1_validation,2016-03-14,3,8.407576217267986,6.0,0,2,16.81515243453597,6.0,True,False,Stockout Risk
FOODS_3_361_CA_1_validation,2016-03-21,5,6.325598800315591,8.0,0,2,12.651197600631182,8.0,True,False,Stockout Risk
FOODS_3_361_CA_1_validation,2016-03-28,8,6.275808349532931,11.0,0,2,12.551616699065862,11.0,True,False,Stockout Risk
FOODS_3_361_CA_1_validation,2016-04-04,9,7.016301331065203,12.0,0,2,14.032602662130406,12.0,True,False,Stockout Risk
FOODS_3_361_CA_1_validation,2016-04-11,6,7.1380855424009,14.0,0,2,14.2761710848018,14.0,True,False,Stockout Risk
FOODS_3_361_CA_1_validation,2016-04-18,8,6.913110117051686,16.0,0,2,13.826220234103372,16.0,False,False,Normal
FOODS_3_362_CA_1_validation,2016-03-14,133,137.43906125516935,266.0,0,2,274.8781225103387,266.0,True,False,Stockout Risk
FOODS_3_362_CA_1_validation,2016-03-21,127,106.78720548990871,260.0,0,2,213.57441097981743,260.0,False,False,Normal
FOODS_3_362_CA_1_validation,2016-03-28,141,115.93109401550976,267.0,0,2,231.8621880310195,267.0,False,False,Normal
FOODS_3_362_CA_1_validation,2016-04-04,137,150.5656168364892,269.0,0,2,301.1312336729784,269.0,True,False,Stockout Risk
FOODS_3_362_CA_1_validation,2016-04-11,85,117.79504364601064,245.0,0,2,235.59008729202128,245.0,False,False,Normal
FOODS_3_362_CA_1_validation,2016-04-18,103,92.1449377870384,233.0,0,2,184.2898755740768,233.0,False,False,Normal
FOODS_3_363_CA_1_validation,2016-03-14,50,35.530373426710355,100.0,0,2,71.06074685342071,100.0,False,False,Normal
FOODS_3_363_CA_1_validation,2016-03-21,44,40.78827762625672,94.0,0,2,81.57655525251344,94.0,False,False,Normal
FOODS_3_363_CA_1_validation,2016-03-28,50,42.39041934671009,96.0,0,2,84.78083869342018,96.0,False,False,Normal
FOODS_3_363_CA_1_validation,2016-04-04,56,44.42606446550565,100.0,0,2,88.8521289310113,100.0,False,False,Normal
FOODS_3_363_CA_1_validation,2016-04-11,53,48.33212785465887,102.0,0,2,96.66425570931774,102.0,False,False,Normal
FOODS_3_363_CA_1_validation,2016-04-18,44,47.87639699454602,102.0,0,2,95.75279398909204,102.0,False,False,Normal
FOODS_3_364_CA_1_validation,2016-03-14,0,0.3651618097588788,0.0,0,2,0.7303236195177576,0.0,True,False,Stockout Risk
FOODS_3_364_CA_1_validation,2016-03-21,0,0.3651618097588788,0.0,0,2,0.7303236195177576,0.0,True,False,Stockout Risk
FOODS_3_364_CA_1_validation,2016-03-28,0,0.3651618097588788,0.0,0,2,0.7303236195177576,0.0,True,False,Stockout Risk
FOODS_3_364_CA_1_validation,2016-04-04,0,0.5470073055823366,0.0,0,2,1.0940146111646731,0.0,True,False,Stockout Risk
FOODS_3_364_CA_1_validation,2016-04-11,0,0.3006084123614305,0.0,0,2,0.601216824722861,0.0,True,False,Stockout Risk
FOODS_3_364_CA_1_validation,2016-04-18,0,0.3006084123614305,0.0,0,2,0.601216824722861,0.0,True,False,Stockout Risk
FOODS_3_365_CA_1_validation,2016-03-14,15,12.079582310457608,30.0,0,2,24.159164620915217,30.0,False,False,Normal
FOODS_3_365_CA_1_validation,2016-03-21,7,12.804166454387255,22.0,0,2,25.60833290877451,22.0,True,False,Stockout Risk
FOODS_3_365_CA_1_validation,2016-03-28,17,11.832752191269414,26.0,0,2,23.665504382538828,26.0,False,False,Normal
FOODS_3_365_CA_1_validation,2016-04-04,9,13.635770909870454,24.0,0,2,27.271541819740907,24.0,True,False,Stockout Risk
FOODS_3_365_CA_1_validation,2016-04-11,6,11.552565382144111,20.0,0,2,23.105130764288223,20.0,True,False,Stockout Risk
FOODS_3_365_CA_1_validation,2016-04-18,7,9.6176798987575,20.0,0,2,19.235359797515,20.0,False,False,Normal
FOODS_3_366_CA_1_validation,2016-03-14,14,9.129185496633594,28.0,0,2,18.25837099326719,28.0,False,False,Normal
FOODS_3_366_CA_1_validation,2016-03-21,10,10.22992231523231,24.0,0,2,20.45984463046462,24.0,False,False,Normal
FOODS_3_366_CA_1_validation,2016-03-28,10,10.502854700219936,23.0,0,2,21.005709400439873,23.0,False,False,Normal
FOODS_3_366_CA_1_validation,2016-04-04,11,10.17581162716282,22.0,0,2,20.35162325432564,22.0,False,False,Normal
FOODS_3_366_CA_1_validation,2016-04-11,5,10.364679089519791,18.0,0,2,20.729358179039583,18.0,True,False,Stockout Risk
FOODS_3_366_CA_1_validation,2016-04-18,4,8.126738634751014,15.0,0,2,16.253477269502028,15.0,True,False,Stockout Risk
FOODS_3_367_CA_1_validation,2016-03-14,21,15.147852843061866,42.0,0,2,30.295705686123732,42.0,False,False,Normal
FOODS_3_367_CA_1_validation,2016-03-21,18,17.291085642412163,39.0,0,2,34.58217128482433,39.0,False,False,Normal
FOODS_3_367_CA_1_validation,2016-03-28,16,15.52370343033511,37.0,0,2,31.04740686067022,37.0,False,False,Normal
FOODS_3_367_CA_1_validation,2016-04-04,19,16.025160119871327,37.0,0,2,32.05032023974265,37.0,False,False,Normal
FOODS_3_367_CA_1_validation,2016-04-11,21,17.01834235496069,37.0,0,2,34.03668470992138,37.0,False,False,Normal
FOODS_3_367_CA_1_validation,2016-04-18,18,18.64605704232112,37.0,0,2,37.29211408464224,37.0,True,False,Stockout Risk
FOODS_3_368_CA_1_validation,2016-03-14,10,5.986364747481403,20.0,0,2,11.972729494962806,20.0,False,False,Normal
FOODS_3_368_CA_1_validation,2016-03-21,12,8.358869243439646,22.0,0,2,16.71773848687929,22.0,False,False,Normal
FOODS_3_368_CA_1_validation,2016-03-28,9,9.748620655093283,21.0,0,2,19.497241310186567,21.0,False,False,Normal
FOODS_3_368_CA_1_validation,2016-04-04,11,8.797297696136841,21.0,0,2,17.594595392273682,21.0,False,False,Normal
FOODS_3_368_CA_1_validation,2016-04-11,7,9.151417480212112,20.0,0,2,18.302834960424224,20.0,False,False,Normal
FOODS_3_368_CA_1_validation,2016-04-18,11,8.427319064634798,19.0,0,2,16.854638129269595,19.0,False,False,Normal
FOODS_3_369_CA_1_validation,2016-03-14,9,13.099659922961049,18.0,0,2,26.199319845922098,18.0,True,False,Stockout Risk
FOODS_3_369_CA_1_validation,2016-03-21,15,11.32053681190444,24.0,0,2,22.64107362380888,24.0,False,False,Normal
FOODS_3_369_CA_1_validation,2016-03-28,13,12.732293369445586,25.0,0,2,25.46458673889117,25.0,True,False,Stockout Risk
FOODS_3_369_CA_1_validation,2016-04-04,10,13.452687031237474,24.0,0,2,26.905374062474948,24.0,True,False,Stockout Risk
FOODS_3_369_CA_1_validation,2016-04-11,12,11.43029024325234,25.0,0,2,22.86058048650468,25.0,False,False,Normal
FOODS_3_369_CA_1_validation,2016-04-18,7,12.506947565495963,21.0,0,2,25.013895130991926,21.0,True,False,Stockout Risk
FOODS_3_370_CA_1_validation,2016-03-14,0,1.3398919319691518,0.0,0,2,2.6797838639383036,0.0,True,False,Stockout Risk
FOODS_3_370_CA_1_validation,2016-03-21,0,0.438807456804893,0.0,0,2,0.877614913609786,0.0,True,False,Stockout Risk
FOODS_3_370_CA_1_validation,2016-03-28,0,0.5785280209945922,0.0,0,2,1.1570560419891844,0.0,True,False,Stockout Risk
FOODS_3_370_CA_1_validation,2016-04-04,0,0.7675059354903602,0.0,0,2,1.5350118709807203,0.0,True,False,Stockout Risk
FOODS_3_370_CA_1_validation,2016-04-11,12,0.3006084123614305,6.0,0,2,0.601216824722861,6.0,False,False,Normal
FOODS_3_370_CA_1_validation,2016-04-18,12,11.915754309293431,12.0,0,2,23.831508618586863,12.0,True,False,Stockout Risk
FOODS_3_371_CA_1_validation,2016-03-14,6,5.186204134000113,12.0,0,2,10.372408268000227,12.0,False,False,Normal
FOODS_3_371_CA_1_validation,2016-03-21,4,5.480272072572524,10.0,0,2,10.960544145145048,10.0,True,False,Stockout Risk
FOODS_3_371_CA_1_validation,2016-03-28,7,5.246755246079578,11.0,0,2,10.493510492159157,11.0,False,False,Normal
FOODS_3_371_CA_1_validation,2016-04-04,5,5.938664119964099,11.0,0,2,11.877328239928199,11.0,True,False,Stockout Risk
FOODS_3_371_CA_1_validation,2016-04-11,12,5.422240596898712,14.0,0,2,10.844481193797424,14.0,False,False,Normal
FOODS_3_371_CA_1_validation,2016-04-18,3,7.743518828010544,14.0,0,2,15.487037656021087,14.0,True,False,Stockout Risk
FOODS_3_372_CA_1_validation,2016-03-14,36,24.436165179424037,72.0,0,2,48.872330358848075,72.0,False,False,Normal
FOODS_3_372_CA_1_validation,2016-03-21,24,28.70973493456933,60.0,0,2,57.41946986913866,60.0,False,False,Normal
FOODS_3_372_CA_1_validation,2016-03-28,25,25.921921304018564,57.0,0,2,51.84384260803713,57.0,False,False,Normal
FOODS_3_372_CA_1_validation,2016-04-04,31,25.704538236456543,58.0,0,2,51.409076472913085,58.0,False,False,Normal
FOODS_3_372_CA_1_validation,2016-04-11,33,28.317509987995063,56.0,0,2,56.635019975990126,56.0,True,False,Stockout Risk
FOODS_3_372_CA_1_validation,2016-04-18,28,27.804417100703866,58.0,0,2,55.60883420140773,58.0,False,False,Normal
FOODS_3_373_CA_1_validation,2016-03-14,4,5.301997760734906,8.0,0,2,10.603995521469813,8.0,True,False,Stockout Risk
FOODS_3_373_CA_1_validation,2016-03-21,6,4.874220233029278,10.0,0,2,9.748440466058556,10.0,False,False,Normal
FOODS_3_373_CA_1_validation,2016-03-28,10,5.901821318831964,13.0,0,2,11.803642637663929,13.0,False,False,Normal
FOODS_3_373_CA_1_validation,2016-04-04,7,6.93594889133798,14.0,0,2,13.87189778267596,14.0,False,False,Normal
FOODS_3_373_CA_1_validation,2016-04-11,5,6.449660949463425,14.0,0,2,12.89932189892685,14.0,False,False,Normal
FOODS_3_373_CA_1_validation,2016-04-18,11,6.344005469089796,16.0,0,2,12.688010938179591,16.0,False,False,Normal
FOODS_3_374_CA_1_validation,2016-03-14,0,0.4259375598775828,0.0,0,2,0.8518751197551656,0.0,True,False,Stockout Risk
FOODS_3_374_CA_1_validation,2016-03-21,0,0.4259375598775828,0.0,0,2,0.8518751197551656,0.0,True,False,Stockout Risk
FOODS_3_374_CA_1_validation,2016-03-28,0,0.3651618097588788,0.0,0,2,0.7303236195177576,0.0,True,False,Stockout Risk
FOODS_3_374_CA_1_validation,2016-04-04,0,0.5470073055823366,0.0,0,2,1.0940146111646731,0.0,True,False,Stockout Risk
FOODS_3_374_CA_1_validation,2016-04-11,0,0.3006084123614305,0.0,0,2,0.601216824722861,0.0,True,False,Stockout Risk
FOODS_3_374_CA_1_validation,2016-04-18,0,0.3006084123614305,0.0,0,2,0.601216824722861,0.0,True,False,Stockout Risk
FOODS_3_375_CA_1_validation,2016-03-14,3,6.301519003466362,6.0,0,2,12.603038006932724,6.0,True,False,Stockout Risk
FOODS_3_375_CA_1_validation,2016-03-21,1,5.078231399203842,4.0,0,2,10.156462798407684,4.0,True,False,Stockout Risk
FOODS_3_375_CA_1_validation,2016-03-28,4,3.991949891605066,5.0,0,2,7.983899783210132,5.0,True,False,Stockout Risk
FOODS_3_375_CA_1_validation,2016-04-04,7,4.981388963829942,8.0,0,2,9.962777927659884,8.0,True,False,Stockout Risk
FOODS_3_375_CA_1_validation,2016-04-11,2,5.332431350574458,7.0,0,2,10.664862701148916,7.0,True,False,Stockout Risk
FOODS_3_375_CA_1_validation,2016-04-18,0,3.900222272842091,6.0,0,2,7.800444545684182,6.0,True,False,Stockout Risk
FOODS_3_376_CA_1_validation,2016-03-14,23,39.93498409327901,46.0,0,2,79.86996818655803,46.0,True,False,Stockout Risk
FOODS_3_376_CA_1_validation,2016-03-21,24,29.2883765817778,47.0,0,2,58.5767531635556,47.0,True,False,Stockout Risk
FOODS_3_376_CA_1_validation,2016-03-28,21,28.53831434289793,45.0,0,2,57.07662868579586,45.0,True,False,Stockout Risk
FOODS_3_376_CA_1_validation,2016-04-04,42,27.088567101071256,55.0,0,2,54.17713420214251,55.0,False,False,Normal
FOODS_3_376_CA_1_validation,2016-04-11,31,35.836952521575355,59.0,0,2,71.67390504315071,59.0,True,False,Stockout Risk
FOODS_3_376_CA_1_validation,2016-04-18,37,31.156532990693425,66.0,0,2,62.31306598138685,66.0,False,False,Normal
FOODS_3_377_CA_1_validation,2016-03-14,55,48.757514048932606,110.0,0,2,97.51502809786521,110.0,False,False,Normal
FOODS_3_377_CA_1_validation,2016-03-21,65,49.40995866300408,120.0,0,2,98.81991732600817,120.0,False,False,Normal
FOODS_3_377_CA_1_validation,2016-03-28,58,54.65342789063477,119.0,0,2,109.30685578126953,119.0,False,False,Normal
FOODS_3_377_CA_1_validation,2016-04-04,72,57.4788290674227,125.0,0,2,114.9576581348454,125.0,False,False,Normal
FOODS_3_377_CA_1_validation,2016-04-11,65,59.75584741715832,130.0,0,2,119.51169483431664,130.0,False,False,Normal
FOODS_3_377_CA_1_validation,2016-04-18,51,57.2859253121769,123.0,0,2,114.5718506243538,123.0,False,False,Normal
FOODS_3_378_CA_1_validation,2016-03-14,12,10.087646244630363,24.0,0,2,20.175292489260727,24.0,False,False,Normal
FOODS_3_378_CA_1_validation,2016-03-21,11,10.16681599507242,23.0,0,2,20.33363199014484,23.0,False,False,Normal
FOODS_3_378_CA_1_validation,2016-03-28,15,10.82814854811156,25.0,0,2,21.65629709622312,25.0,False,False,Normal
FOODS_3_378_CA_1_validation,2016-04-04,14,11.184011483774803,26.0,0,2,22.368022967549607,26.0,False,False,Normal
FOODS_3_378_CA_1_validation,2016-04-11,8,12.196854561973502,24.0,0,2,24.393709123947005,24.0,True,False,Stockout Risk
FOODS_3_378_CA_1_validation,2016-04-18,6,10.727500572938842,22.0,0,2,21.455001145877684,22.0,False,False,Normal
FOODS_3_379_CA_1_validation,2016-03-14,1,5.611378566470637,2.0,0,2,11.222757132941274,2.0,True,False,Stockout Risk
FOODS_3_379_CA_1_validation,2016-03-21,0,3.4044152456330607,1.0,0,2,6.8088304912661215,1.0,True,False,Stockout Risk
FOODS_3_379_CA_1_validation,2016-03-28,9,1.1991271205156893,7.0,0,2,2.3982542410313785,7.0,False,False,Normal
FOODS_3_379_CA_1_validation,2016-04-04,11,6.178811415300411,10.0,0,2,12.357622830600821,10.0,True,False,Stockout Risk
FOODS_3_379_CA_1_validation,2016-04-11,7,6.768432060632637,14.0,0,2,13.536864121265275,14.0,False,False,Normal
FOODS_3_379_CA_1_validation,2016-04-18,12,7.106884845821108,20.0,0,2,14.213769691642216,20.0,False,False,Normal
FOODS_3_380_CA_1_validation,2016-03-14,1,5.511660582527679,2.0,0,2,11.023321165055359,2.0,True,False,Stockout Risk
FOODS_3_380_CA_1_validation,2016-03-21,3,3.0610796209223605,4.0,0,2,6.122159241844721,4.0,True,False,Stockout Risk
FOODS_3_380_CA_1_validation,2016-03-28,3,3.481771179152926,5.0,0,2,6.963542358305852,5.0,True,False,Stockout Risk
FOODS_3_380_CA_1_validation,2016-04-04,2,3.934109261797453,4.0,0,2,7.868218523594906,4.0,True,False,Stockout Risk
FOODS_3_380_CA_1_validation,2016-04-11,0,2.838159831384565,4.0,0,2,5.67631966276913,4.0,True,False,Stockout Risk
FOODS_3_380_CA_1_validation,2016-04-18,1,0.9792966638200388,3.0,0,2,1.9585933276400775,3.0,False,False,Normal
FOODS_3_381_CA_1_validation,2016-03-14,0,2.3882666638494787,0.0,0,2,4.776533327698957,0.0,True,False,Stockout Risk
FOODS_3_381_CA_1_validation,2016-03-21,0,2.1461430721423604,0.0,0,2,4.292286144284721,0.0,True,False,Stockout Risk
FOODS_3_381_CA_1_validation,2016-03-28,0,1.8765577405181817,0.0,0,2,3.7531154810363634,0.0,True,False,Stockout Risk
FOODS_3_381_CA_1_validation,2016-04-04,0,1.6098775114339872,0.0,0,2,3.2197550228679743,0.0,True,False,Stockout Risk
FOODS_3_381_CA_1_validation,2016-04-11,0,0.5825949389821702,0.0,0,2,1.1651898779643404,0.0,True,False,Stockout Risk
FOODS_3_381_CA_1_validation,2016-04-18,0,0.3613841624801346,0.0,0,2,0.7227683249602692,0.0,True,False,Stockout Risk
FOODS_3_382_CA_1_validation,2016-03-14,10,11.088271356942606,20.0,0,2,22.176542713885212,20.0,True,False,Stockout Risk
FOODS_3_382_CA_1_validation,2016-03-21,10,10.801007671574446,20.0,0,2,21.602015343148892,20.0,True,False,Stockout Risk
FOODS_3_382_CA_1_validation,2016-03-28,2,10.051217583296042,15.0,0,2,20.102435166592084,15.0,True,False,Stockout Risk
FOODS_3_382_CA_1_validation,2016-04-04,7,7.530063260283668,14.0,0,2,15.060126520567335,14.0,True,False,Stockout Risk
FOODS_3_382_CA_1_validation,2016-04-11,10,7.650610900035789,14.0,0,2,15.301221800071579,14.0,True,False,Stockout Risk
FOODS_3_382_CA_1_validation,2016-04-18,5,8.384858638610606,12.0,0,2,16.76971727722121,12.0,True,False,Stockout Risk
FOODS_3_383_CA_1_validation,2016-03-14,25,26.369913689652407,50.0,0,2,52.73982737930481,50.0,True,False,Stockout Risk
FOODS_3_383_CA_1_validation,2016-03-21,28,26.185125698814108,53.0,0,2,52.370251397628216,53.0,False,False,Normal
FOODS_3_383_CA_1_validation,2016-03-28,15,26.77783652067052,45.0,0,2,53.55567304134104,45.0,True,False,Stockout Risk
FOODS_3_383_CA_1_validation,2016-04-04,29,22.164906968772467,48.0,0,2,44.329813937544934,48.0,False,False,Normal
FOODS_3_383_CA_1_validation,2016-04-11,19,28.816453339864484,46.0,0,2,57.63290667972897,46.0,True,False,Stockout Risk
FOODS_3_383_CA_1_validation,2016-04-18,22,24.63407470651027,42.0,0,2,49.26814941302054,42.0,True,False,Stockout Risk
FOODS_3_384_CA_1_validation,2016-03-14,3,4.610297369472184,6.0,0,2,9.220594738944367,6.0,True,False,Stockout Risk
FOODS_3_384_CA_1_validation,2016-03-21,4,4.3823668251206565,7.0,0,2,8.764733650241313,7.0,True,False,Stockout Risk
FOODS_3_384_CA_1_validation,2016-03-28,4,4.618294534104462,7.0,0,2,9.236589068208923,7.0,True,False,Stockout Risk
FOODS_3_384_CA_1_validation,2016-04-04,6,4.804834447848009,8.0,0,2,9.609668895696018,8.0,True,False,Stockout Risk
FOODS_3_384_CA_1_validation,2016-04-11,3,5.245065146597914,8.0,0,2,10.490130293195827,8.0,True,False,Stockout Risk
FOODS_3_384_CA_1_validation,2016-04-18,8,4.423765535828118,10.0,0,2,8.847531071656237,10.0,False,False,Normal
FOODS_3_385_CA_1_validation,2016-03-14,0,0.3651618097588788,0.0,0,2,0.7303236195177576,0.0,True,False,Stockout Risk
FOODS_3_385_CA_1_validation,2016-03-21,0,0.3651618097588788,0.0,0,2,0.7303236195177576,0.0,True,False,Stockout Risk
FOODS_3_385_CA_1_validation,2016-03-28,0,0.3651618097588788,0.0,0,2,0.7303236195177576,0.0,True,False,Stockout Risk
FOODS_3_385_CA_1_validation,2016-04-04,0,0.5470073055823366,0.0,0,2,1.0940146111646731,0.0,True,False,Stockout Risk
FOODS_3_385_CA_1_validation,2016-04-11,0,0.3006084123614305,0.0,0,2,0.601216824722861,0.0,True,False,Stockout Risk
FOODS_3_385_CA_1_validation,2016-04-18,6,0.3006084123614305,3.0,0,2,0.601216824722861,3.0,False,False,Normal
FOODS_3_386_CA_1_validation,2016-03-14,13,30.26755574332802,26.0,0,2,60.53511148665604,26.0,True,False,Stockout Risk
FOODS_3_386_CA_1_validation,2016-03-21,11,13.019955434449548,24.0,0,2,26.039910868899096,24.0,True,False,Stockout Risk
FOODS_3_386_CA_1_validation,2016-03-28,13,11.694721032192454,25.0,0,2,23.38944206438491,25.0,False,False,Normal
FOODS_3_386_CA_1_validation,2016-04-04,10,12.533362260843212,24.0,0,2,25.066724521686425,24.0,True,False,Stockout Risk
FOODS_3_386_CA_1_validation,2016-04-11,19,9.96866115557556,26.0,0,2,19.93732231115112,26.0,False,False,Normal
FOODS_3_386_CA_1_validation,2016-04-18,12,14.447897971432951,27.0,0,2,28.895795942865902,27.0,True,False,Stockout Risk
FOODS_3_387_CA_1_validation,2016-03-14,9,0.3651618097588788,18.0,0,2,0.7303236195177576,18.0,False,False,Normal
FOODS_3_387_CA_1_validation,2016-03-21,12,8.791866256798492,21.0,0,2,17.583732513596985,21.0,False,False,Normal
FOODS_3_387_CA_1_validation,2016-03-28,9,9.209032041356725,20.0,0,2,18.41806408271345,20.0,False,False,Normal
FOODS_3_387_CA_1_validation,2016-04-04,26,8.973257110998345,28.0,0,2,17.94651422199669,28.0,False,False,Normal
FOODS_3_387_CA_1_validation,2016-04-11,20,18.28762464395857,34.0,0,2,36.57524928791714,34.0,True,False,Stockout Risk
FOODS_3_387_CA_1_validation,2016-04-18,21,17.050048134825435,38.0,0,2,34.10009626965087,38.0,False,False,Normal
FOODS_3_388_CA_1_validation,2016-03-14,4,7.631404111814736,8.0,0,2,15.262808223629472,8.0,True,False,Stockout Risk
FOODS_3_388_CA_1_validation,2016-03-21,12,6.201649199595754,16.0,0,2,12.403298399191508,16.0,False,False,Normal
FOODS_3_388_CA_1_validation,2016-03-28,7,8.623582964218391,15.0,0,2,17.247165928436782,15.0,True,False,Stockout Risk
FOODS_3_388_CA_1_validation,2016-04-04,11,8.42192229149384,17.0,0,2,16.84384458298768,17.0,False,False,Normal
FOODS_3_388_CA_1_validation,2016-04-11,11,8.579472461499137,20.0,0,2,17.158944922998273,20.0,False,False,Normal
FOODS_3_388_CA_1_validation,2016-04-18,10,9.39115010840984,20.0,0,2,18.78230021681968,20.0,False,False,Normal
FOODS_3_389_CA_1_validation,2016-03-14,49,55.194287893553245,98.0,0,2,110.38857578710649,98.0,True,False,Stockout Risk
FOODS_3_389_CA_1_validation,2016-03-21,75,48.92055101612886,124.0,0,2,97.84110203225772,124.0,False,False,Normal
FOODS_3_389_CA_1_validation,2016-03-28,63,60.27479412175253,125.0,0,2,120.54958824350506,125.0,False,False,Normal
FOODS_3_389_CA_1_validation,2016-04-04,57,62.52519264057119,122.0,0,2,125.05038528114238,122.0,True,False,Stockout Risk
FOODS_3_389_CA_1_validation,2016-04-11,48,56.764976374192415,122.0,0,2,113.52995274838483,122.0,False,False,Normal
FOODS_3_389_CA_1_validation,2016-04-18,50,51.23518678579597,109.0,0,2,102.47037357159194,109.0,False,False,Normal
FOODS_3_390_CA_1_validation,2016-03-14,12,12.259175339310916,24.0,0,2,24.518350678621832,24.0,True,False,Stockout Risk
FOODS_3_390_CA_1_validation,2016-03-21,11,11.293717634855854,23.0,0,2,22.58743526971171,23.0,False,False,Normal
FOODS_3_390_CA_1_validation,2016-03-28,8,11.218347793821785,21.0,0,2,22.43669558764357,21.0,True,False,Stockout Risk
FOODS_3_390_CA_1_validation,2016-04-04,10,9.88003590813679,20.0,0,2,19.76007181627358,20.0,False,False,Normal
FOODS_3_390_CA_1_validation,2016-04-11,10,10.000477734662471,20.0,0,2,20.000955469324943,20.0,True,False,Stockout Risk
FOODS_3_390_CA_1_validation,2016-04-18,8,9.941726096845889,18.0,0,2,19.883452193691777,18.0,True,False,Stockout Risk
FOODS_3_391_CA_1_validation,2016-03-14,0,0.3651618097588788,0.0,0,2,0.7303236195177576,0.0,True,False,Stockout Risk
FOODS_3_391_CA_1_validation,2016-03-21,16,0.3651618097588788,16.0,0,2,0.7303236195177576,16.0,False,False,Normal
FOODS_3_391_CA_1_validation,2016-03-28,16,19.78731866328277,21.0,0,2,39.57463732656554,21.0,True,False,Stockout Risk
FOODS_3_391_CA_1_validation,2016-04-04,16,14.035029557942526,24.0,0,2,28.07005911588505,24.0,True,False,Stockout Risk
FOODS_3_391_CA_1_validation,2016-04-11,11,14.39277202097129,30.0,0,2,28.78554404194258,30.0,False,False,Normal
FOODS_3_391_CA_1_validation,2016-04-18,16,11.705377320405471,30.0,0,2,23.410754640810943,30.0,False,False,Normal
FOODS_3_392_CA_1_validation,2016-03-14,8,8.004134780293777,16.0,0,2,16.008269560587554,16.0,True,False,Stockout Risk
FOODS_3_392_CA_1_validation,2016-03-21,8,8.147748692852632,16.0,0,2,16.295497385705264,16.0,True,False,Stockout Risk
FOODS_3_392_CA_1_validation,2016-03-28,7,7.994137103003368,15.0,0,2,15.988274206006736,15.0,True,False,Stockout Risk
FOODS_3_392_CA_1_validation,2016-04-04,9,7.707163271534326,16.0,0,2,15.414326543068652,16.0,False,False,Normal
FOODS_3_392_CA_1_validation,2016-04-11,5,7.877185407402888,14.0,0,2,15.754370814805776,14.0,True,False,Stockout Risk
FOODS_3_392_CA_1_validation,2016-04-18,7,6.72604359045726,14.0,0,2,13.45208718091452,14.0,False,False,Normal
FOODS_3_393_CA_1_validation,2016-03-14,47,48.10722729389888,94.0,0,2,96.21445458779776,94.0,True,False,Stockout Risk
FOODS_3_393_CA_1_validation,2016-03-21,56,47.04595226609529,103.0,0,2,94.09190453219058,103.0,False,False,Normal
FOODS_3_393_CA_1_validation,2016-03-28,62,50.90828821761008,110.0,0,2,101.81657643522016,110.0,False,False,Normal
FOODS_3_393_CA_1_validation,2016-04-04,50,57.631160438794176,108.0,0,2,115.26232087758835,108.0,True,False,Stockout Risk
FOODS_3_393_CA_1_validation,2016-04-11,62,51.51995174253384,115.0,0,2,103.03990348506768,115.0,False,False,Normal
FOODS_3_393_CA_1_validation,2016-04-18,62,56.25329748974827,118.0,0,2,112.50659497949654,118.0,False,False,Normal
FOODS_3_394_CA_1_validation,2016-03-14,9,4.773706546545473,18.0,0,2,9.547413093090945,18.0,False,False,Normal
FOODS_3_394_CA_1_validation,2016-03-21,7,5.967492196839218,16.0,0,2,11.934984393678436,16.0,False,False,Normal
FOODS_3_394_CA_1_validation,2016-03-28,3,6.063937345516216,13.0,0,2,12.127874691032432,13.0,False,False,Normal
FOODS_3_394_CA_1_validation,2016-04-04,7,5.040424661215586,13.0,0,2,10.080849322431172,13.0,False,False,Normal
FOODS_3_394_CA_1_validation,2016-04-11,4,6.098509680044175,10.0,0,2,12.19701936008835,10.0,True,False,Stockout Risk
FOODS_3_394_CA_1_validation,2016-04-18,5,5.062505714938864,10.0,0,2,10.125011429877729,10.0,True,False,Stockout Risk
FOODS_3_395_CA_1_validation,2016-03-14,9,4.210786364815015,18.0,0,2,8.42157272963003,18.0,False,False,Normal
FOODS_3_395_CA_1_validation,2016-03-21,6,5.619858572180134,15.0,0,2,11.239717144360268,15.0,False,False,Normal
FOODS_3_395_CA_1_validation,2016-03-28,3,5.575847777736721,12.0,0,2,11.151695555473442,12.0,False,False,Normal
FOODS_3_395_CA_1_validation,2016-04-04,1,5.012641303500219,10.0,0,2,10.025282607000438,10.0,True,False,Stockout Risk
FOODS_3_395_CA_1_validation,2016-04-11,3,3.418006559361627,6.0,0,2,6.836013118723254,6.0,True,False,Stockout Risk
FOODS_3_395_CA_1_validation,2016-04-18,10,3.786757959679844,8.0,0,2,7.573515919359688,8.0,False,False,Normal
FOODS_3_396_CA_1_validation,2016-03-14,1,1.4037248518183747,2.0,0,2,2.8074497036367494,2.0,True,False,Stockout Risk
FOODS_3_396_CA_1_validation,2016-03-21,3,2.441424765710489,4.0,0,2,4.882849531420978,4.0,True,False,Stockout Risk
FOODS_3_396_CA_1_validation,2016-03-28,4,3.183547262662338,5.0,0,2,6.367094525324676,5.0,True,False,Stockout Risk
FOODS_3_396_CA_1_validation,2016-04-04,4,3.821511485546648,6.0,0,2,7.643022971093296,6.0,True,False,Stockout Risk
FOODS_3_396_CA_1_validation,2016-04-11,3,3.690245324423285,7.0,0,2,7.38049064884657,7.0,True,False,Stockout Risk
FOODS_3_396_CA_1_validation,2016-04-18,4,3.4688759175959727,8.0,0,2,6.937751835191945,8.0,False,False,Normal
FOODS_3_397_CA_1_validation,2016-03-14,1,5.02873837075924,2.0,0,2,10.05747674151848,2.0,True,False,Stockout Risk
FOODS_3_397_CA_1_validation,2016-03-21,4,3.5007407188219832,5.0,0,2,7.0014814376439665,5.0,True,False,Stockout Risk
FOODS_3_397_CA_1_validation,2016-03-28,3,4.45706659355529,5.0,0,2,8.91413318711058,5.0,True,False,Stockout Risk
FOODS_3_397_CA_1_validation,2016-04-04,1,4.133530114536139,4.0,0,2,8.267060229072278,4.0,True,False,Stockout Risk
FOODS_3_397_CA_1_validation,2016-04-11,7,2.723838068212713,8.0,0,2,5.447676136425426,8.0,False,False,Normal
FOODS_3_397_CA_1_validation,2016-04-18,5,4.897778845472407,8.0,0,2,9.795557690944815,8.0,True,False,Stockout Risk
FOODS_3_398_CA_1_validation,2016-03-14,5,5.497372208531186,10.0,0,2,10.994744417062371,10.0,True,False,Stockout Risk
FOODS_3_398_CA_1_validation,2016-03-21,7,5.342857919897139,12.0,0,2,10.685715839794279,12.0,False,False,Normal
FOODS_3_398_CA_1_validation,2016-03-28,10,5.815944251887036,15.0,0,2,11.631888503774071,15.0,False,False,Normal
FOODS_3_398_CA_1_validation,2016-04-04,6,7.487799971761981,14.0,0,2,14.975599943523962,14.0,True,False,Stockout Risk
FOODS_3_398_CA_1_validation,2016-04-11,9,6.526559597717671,16.0,0,2,13.053119195435341,16.0,False,False,Normal
FOODS_3_398_CA_1_validation,2016-04-18,8,7.4833654279903135,16.0,0,2,14.966730855980627,16.0,False,False,Normal
FOODS_3_399_CA_1_validation,2016-03-14,33,48.79717220815715,66.0,0,2,97.5943444163143,66.0,True,False,Stockout Risk
FOODS_3_399_CA_1_validation,2016-03-21,36,40.53611527323574,69.0,0,2,81.07223054647147,69.0,True,False,Stockout Risk
FOODS_3_399_CA_1_validation,2016-03-28,36,42.45660157988563,70.0,0,2,84.91320315977126,70.0,True,False,Stockout Risk
FOODS_3_399_CA_1_validation,2016-04-04,48,41.74836582757213,76.0,0,2,83.49673165514426,76.0,True,False,Stockout Risk
FOODS_3_399_CA_1_validation,2016-04-11,46,43.18935428451671,83.0,0,2,86.37870856903342,83.0,True,False,Stockout Risk
FOODS_3_399_CA_1_validation,2016-04-18,74,44.27358322697583,102.0,0,2,88.54716645395166,102.0,False,False,Normal
FOODS_3_400_CA_1_validation,2016-03-14,28,20.5794881655067,56.0,0,2,41.1589763310134,56.0,False,False,Normal
FOODS_3_400_CA_1_validation,2016-03-21,24,23.62373507258795,52.0,0,2,47.2474701451759,52.0,False,False,Normal
FOODS_3_400_CA_1_validation,2016-03-28,15,23.326311622692977,45.0,0,2,46.65262324538595,45.0,True,False,Stockout Risk
FOODS_3_400_CA_1_validation,2016-04-04,14,20.24082293914381,40.0,0,2,40.48164587828762,40.0,True,False,Stockout Risk
FOODS_3_400_CA_1_validation,2016-04-11,21,18.006993046937005,37.0,0,2,36.01398609387401,37.0,False,False,Normal
FOODS_3_400_CA_1_validation,2016-04-18,15,20.21596238333104,32.0,0,2,40.43192476666208,32.0,True,False,Stockout Risk
FOODS_3_401_CA_1_validation,2016-03-14,0,1.8970720329383095,0.0,0,2,3.794144065876619,0.0,True,False,Stockout Risk
FOODS_3_401_CA_1_validation,2016-03-21,0,1.4167885560409688,0.0,0,2,2.8335771120819375,0.0,True,False,Stockout Risk
FOODS_3_401_CA_1_validation,2016-03-28,11,0.983707976926116,7.0,0,2,1.967415953852232,7.0,False,False,Normal
FOODS_3_401_CA_1_validation,2016-04-04,1,9.197071175401966,6.0,0,2,18.394142350803932,6.0,True,False,Stockout Risk
FOODS_3_401_CA_1_validation,2016-04-11,5,3.324138061535335,8.0,0,2,6.64827612307067,8.0,False,False,Normal
FOODS_3_401_CA_1_validation,2016-04-18,11,4.514761707092972,14.0,0,2,9.029523414185944,14.0,False,False,Normal
FOODS_3_402_CA_1_validation,2016-03-14,2,7.425405971986758,4.0,0,2,14.850811943973516,4.0,True,False,Stockout Risk
FOODS_3_402_CA_1_validation,2016-03-21,4,5.267259232762905,6.0,0,2,10.53451846552581,6.0,True,False,Stockout Risk
FOODS_3_402_CA_1_validation,2016-03-28,5,5.1292395433435445,7.0,0,2,10.258479086687089,7.0,True,False,Stockout Risk
FOODS_3_402_CA_1_validation,2016-04-04,5,5.726174475997232,8.0,0,2,11.452348951994464,8.0,True,False,Stockout Risk
FOODS_3_402_CA_1_validation,2016-04-11,2,5.085962457153929,8.0,0,2,10.171924914307859,8.0,True,False,Stockout Risk
FOODS_3_402_CA_1_validation,2016-04-18,1,4.330402538696224,6.0,0,2,8.660805077392448,6.0,True,False,Stockout Risk
FOODS_3_403_CA_1_validation,2016-03-14,0,0.3651618097588788,0.0,0,2,0.7303236195177576,0.0,True,False,Stockout Risk
FOODS_3_403_CA_1_validation,2016-03-21,0,0.3651618097588788,0.0,0,2,0.7303236195177576,0.0,True,False,Stockout Risk
FOODS_3_403_CA_1_validation,2016-03-28,0,0.3651618097588788,0.0,0,2,0.7303236195177576,0.0,True,False,Stockout Risk
FOODS_3_403_CA_1_validation,2016-04-04,0,0.5470073055823366,0.0,0,2,1.0940146111646731,0.0,True,False,Stockout Risk
FOODS_3_403_CA_1_validation,2016-04-11,0,0.3006084123614305,0.0,0,2,0.601216824722861,0.0,True,False,Stockout Risk
FOODS_3_403_CA_1_validation,2016-04-18,32,0.3006084123614305,16.0,0,2,0.601216824722861,16.0,False,False,Normal
FOODS_3_404_CA_1_validation,2016-03-14,56,58.72182587045352,112.0,0,2,117.44365174090704,112.0,True,False,Stockout Risk
FOODS_3_404_CA_1_validation,2016-03-21,55,58.74447243101318,111.0,0,2,117.48894486202636,111.0,True,False,Stockout Risk
FOODS_3_404_CA_1_validation,2016-03-28,30,59.61828963837156,94.0,0,2,119.23657927674311,94.0,True,False,Stockout Risk
FOODS_3_404_CA_1_validation,2016-04-04,0,47.14959476956352,70.0,0,2,94.29918953912704,70.0,True,False,Stockout Risk
FOODS_3_404_CA_1_validation,2016-04-11,0,15.990340792331532,42.0,0,2,31.980681584663063,42.0,False,False,Normal
FOODS_3_404_CA_1_validation,2016-04-18,0,7.453390555315907,15.0,0,2,14.906781110631814,15.0,False,False,Normal
FOODS_3_405_CA_1_validation,2016-03-14,10,12.932360148643394,20.0,0,2,25.864720297286787,20.0,True,False,Stockout Risk
FOODS_3_405_CA_1_validation,2016-03-21,15,13.159641719026329,25.0,0,2,26.319283438052658,25.0,True,False,Stockout Risk
FOODS_3_405_CA_1_validation,2016-03-28,16,13.381655673619653,27.0,0,2,26.763311347239306,27.0,False,False,Normal
FOODS_3_405_CA_1_validation,2016-04-04,22,13.50445673818224,32.0,0,2,27.00891347636448,32.0,False,False,Normal
FOODS_3_405_CA_1_validation,2016-04-11,8,16.74680228016769,30.0,0,2,33.49360456033538,30.0,True,False,Stockout Risk
FOODS_3_405_CA_1_validation,2016-04-18,17,12.95435251850227,32.0,0,2,25.90870503700454,32.0,False,False,Normal
FOODS_3_406_CA_1_validation,2016-03-14,91,79.04660799048855,182.0,0,2,158.0932159809771,182.0,False,False,Normal
FOODS_3_406_CA_1_validation,2016-03-21,41,81.88365243739653,132.0,0,2,163.76730487479307,132.0,True,False,Stockout Risk
FOODS_3_406_CA_1_validation,2016-03-28,129,58.30141452898694,174.0,0,2,116.60282905797388,174.0,False,False,Normal
FOODS_3_406_CA_1_validation,2016-04-04,156,104.42800552479896,208.0,0,2,208.85601104959792,208.0,True,False,Stockout Risk
FOODS_3_406_CA_1_validation,2016-04-11,84,111.36081353207358,205.0,0,2,222.72162706414716,205.0,True,False,Stockout Risk
FOODS_3_406_CA_1_validation,2016-04-18,85,83.52523070301248,227.0,0,2,167.05046140602497,227.0,False,False,Normal
FOODS_3_407_CA_1_validation,2016-03-14,22,27.881823190259784,44.0,0,2,55.76364638051957,44.0,True,False,Stockout Risk
FOODS_3_407_CA_1_validation,2016-03-21,17,25.95415917521496,39.0,0,2,51.90831835042992,39.0,True,False,Stockout Risk
FOODS_3_407_CA_1_validation,2016-03-28,20,22.582674108944705,39.0,0,2,45.16534821788941,39.0,True,False,Stockout Risk
FOODS_3_407_CA_1_validation,2016-04-04,33,21.77598941289917,46.0,0,2,43.55197882579834,46.0,False,False,Normal
FOODS_3_407_CA_1_validation,2016-04-11,27,26.323443358977222,48.0,0,2,52.646886717954445,48.0,True,False,Stockout Risk
FOODS_3_407_CA_1_validation,2016-04-18,15,25.517581188376628,48.0,0,2,51.035162376753256,48.0,True,False,Stockout Risk
FOODS_3_408_CA_1_validation,2016-03-14,5,6.012804917299492,10.0,0,2,12.025609834598985,10.0,True,False,Stockout Risk
FOODS_3_408_CA_1_validation,2016-03-21,11,5.7149201505362734,16.0,0,2,11.429840301072547,16.0,False,False,Normal
FOODS_3_408_CA_1_validation,2016-03-28,3,7.560869127610889,13.0,0,2,15.121738255221779,13.0,True,False,Stockout Risk
FOODS_3_408_CA_1_validation,2016-04-04,4,6.073829852123773,12.0,0,2,12.147659704247546,12.0,True,False,Stockout Risk
FOODS_3_408_CA_1_validation,2016-04-11,4,4.910237810345431,11.0,0,2,9.820475620690862,11.0,False,False,Normal
FOODS_3_408_CA_1_validation,2016-04-18,4,4.908544304089816,8.0,0,2,9.817088608179631,8.0,True,False,Stockout Risk
FOODS_3_409_CA_1_validation,2016-03-14,6,7.698230770729625,12.0,0,2,15.39646154145925,12.0,True,False,Stockout Risk
FOODS_3_409_CA_1_validation,2016-03-21,5,7.367436266466099,11.0,0,2,14.734872532932197,11.0,True,False,Stockout Risk
FOODS_3_409_CA_1_validation,2016-03-28,5,6.1542065203501,11.0,0,2,12.3084130407002,11.0,True,False,Stockout Risk
FOODS_3_409_CA_1_validation,2016-04-04,9,5.961443267398972,12.0,0,2,11.922886534797945,12.0,False,False,Normal
FOODS_3_409_CA_1_validation,2016-04-11,13,6.573295576382543,16.0,0,2,13.146591152765087,16.0,False,False,Normal
FOODS_3_409_CA_1_validation,2016-04-18,15,8.711562292036527,21.0,0,2,17.423124584073054,21.0,False,False,Normal
FOODS_3_410_CA_1_validation,2016-03-14,23,22.6165419594268,46.0,0,2,45.2330839188536,46.0,False,False,Normal
FOODS_3_410_CA_1_validation,2016-03-21,25,24.09996007141335,48.0,0,2,48.1999201428267,48.0,True,False,Stockout Risk
FOODS_3_410_CA_1_validation,2016-03-28,14,22.90533256199148,41.0,0,2,45.81066512398296,41.0,True,False,Stockout Risk
FOODS_3_410_CA_1_validation,2016-04-04,17,20.452083138358027,40.0,0,2,40.904166276716055,40.0,True,False,Stockout Risk
FOODS_3_410_CA_1_validation,2016-04-11,18,18.06789540031501,37.0,0,2,36.13579080063002,37.0,False,False,Normal
FOODS_3_410_CA_1_validation,2016-04-18,20,20.532877089262357,34.0,0,2,41.06575417852471,34.0,True,False,Stockout Risk
FOODS_3_411_CA_1_validation,2016-03-14,16,9.733098338814887,32.0,0,2,19.466196677629775,32.0,False,False,Normal
FOODS_3_411_CA_1_validation,2016-03-21,10,12.800857911377866,26.0,0,2,25.601715822755732,26.0,False,False,Normal
FOODS_3_411_CA_1_validation,2016-03-28,20,11.68022903950909,31.0,0,2,23.36045807901818,31.0,False,False,Normal
FOODS_3_411_CA_1_validation,2016-04-04,6,14.59379396370957,26.0,0,2,29.18758792741914,26.0,True,False,Stockout Risk
FOODS_3_411_CA_1_validation,2016-04-11,6,11.571154646826376,21.0,0,2,23.14230929365275,21.0,True,False,Stockout Risk
FOODS_3_411_CA_1_validation,2016-04-18,8,9.795083743427623,20.0,0,2,19.590167486855247,20.0,False,False,Normal
FOODS_3_412_CA_1_validation,2016-03-14,32,0.3651618097588788,64.0,0,2,0.7303236195177576,64.0,False,False,Normal
FOODS_3_412_CA_1_validation,2016-03-21,38,41.21721076523613,70.0,0,2,82.43442153047226,70.0,True,False,Stockout Risk
FOODS_3_412_CA_1_validation,2016-03-28,46,31.683738346699744,77.0,0,2,63.36747669339949,77.0,False,False,Normal
FOODS_3_412_CA_1_validation,2016-04-04,28,47.38241193492066,72.0,0,2,94.76482386984132,72.0,True,False,Stockout Risk
FOODS_3_412_CA_1_validation,2016-04-11,24,29.44980928856013,68.0,0,2,58.89961857712026,68.0,False,False,Normal
FOODS_3_412_CA_1_validation,2016-04-18,15,26.92315312825698,56.0,0,2,53.84630625651396,56.0,False,False,Normal
FOODS_3_413_CA_1_validation,2016-03-14,25,31.267675007733637,50.0,0,2,62.53535001546727,50.0,True,False,Stockout Risk
FOODS_3_413_CA_1_validation,2016-03-21,22,25.64393337228775,47.0,0,2,51.2878667445755,47.0,True,False,Stockout Risk
FOODS_3_413_CA_1_validation,2016-03-28,27,25.45580043480856,49.0,0,2,50.91160086961712,49.0,True,False,Stockout Risk
FOODS_3_413_CA_1_validation,2016-04-04,29,26.985476630305897,52.0,0,2,53.97095326061179,52.0,True,False,Stockout Risk
FOODS_3_413_CA_1_validation,2016-04-11,25,26.103674631601752,52.0,0,2,52.207349263203504,52.0,True,False,Stockout Risk
FOODS_3_413_CA_1_validation,2016-04-18,14,24.411567888474316,48.0,0,2,48.82313577694863,48.0,True,False,Stockout Risk
FOODS_3_414_CA_1_validation,2016-03-14,8,0.983707976926116,16.0,0,2,1.967415953852232,16.0,False,False,Normal
FOODS_3_414_CA_1_validation,2016-03-21,4,5.441629735187696,12.0,0,2,10.883259470375393,12.0,False,False,Normal
FOODS_3_414_CA_1_validation,2016-03-28,7,5.320741761798152,13.0,0,2,10.641483523596303,13.0,False,False,Normal
FOODS_3_414_CA_1_validation,2016-04-04,1,6.052902411706014,10.0,0,2,12.105804823412027,10.0,True,False,Stockout Risk
FOODS_3_414_CA_1_validation,2016-04-11,0,3.326663538556179,6.0,0,2,6.653327077112358,6.0,True,False,Stockout Risk
FOODS_3_414_CA_1_validation,2016-04-18,0,1.2629622781541376,4.0,0,2,2.5259245563082753,4.0,False,False,Normal
FOODS_3_415_CA_1_validation,2016-03-14,9,18.576785423949293,18.0,0,2,37.153570847898585,18.0,True,False,Stockout Risk
FOODS_3_415_CA_1_validation,2016-03-21,6,8.21785034273912,15.0,0,2,16.43570068547824,15.0,True,False,Stockout Risk
FOODS_3_415_CA_1_validation,2016-03-28,8,7.19324123540802,15.0,0,2,14.38648247081604,15.0,False,False,Normal
FOODS_3_415_CA_1_validation,2016-04-04,10,8.034424863780075,16.0,0,2,16.06884972756015,16.0,True,False,Stockout Risk
FOODS_3_415_CA_1_validation,2016-04-11,9,8.534799995778513,16.0,0,2,17.069599991557027,16.0,True,False,Stockout Risk
FOODS_3_415_CA_1_validation,2016-04-18,4,8.778075855353958,16.0,0,2,17.556151710707915,16.0,True,False,Stockout Risk
FOODS_3_416_CA_1_validation,2016-03-14,0,0.9994463211354212,0.0,0,2,1.9988926422708424,0.0,True,False,Stockout Risk
FOODS_3_416_CA_1_validation,2016-03-21,0,0.9393042368440488,0.0,0,2,1.8786084736880977,0.0,True,False,Stockout Risk
FOODS_3_416_CA_1_validation,2016-03-28,0,0.983707976926116,0.0,0,2,1.967415953852232,0.0,True,False,Stockout Risk
FOODS_3_416_CA_1_validation,2016-04-04,0,0.6371888948395761,0.0,0,2,1.2743777896791522,0.0,True,False,Stockout Risk
FOODS_3_416_CA_1_validation,2016-04-11,0,0.39079000161867,0.0,0,2,0.78158000323734,0.0,True,False,Stockout Risk
FOODS_3_416_CA_1_validation,2016-04-18,2,0.39079000161867,1.0,0,2,0.78158000323734,1.0,False,False,Normal
FOODS_3_417_CA_1_validation,2016-03-14,8,8.927258810491432,16.0,0,2,17.854517620982865,16.0,True,False,Stockout Risk
FOODS_3_417_CA_1_validation,2016-03-21,9,8.48494269862247,17.0,0,2,16.96988539724494,17.0,False,False,Normal
FOODS_3_417_CA_1_validation,2016-03-28,7,8.654105943851311,16.0,0,2,17.308211887702623,16.0,True,False,Stockout Risk
FOODS_3_417_CA_1_validation,2016-04-04,12,8.255197580832283,18.0,0,2,16.510395161664565,18.0,False,False,Normal
FOODS_3_417_CA_1_validation,2016-04-11,6,9.051088472858844,17.0,0,2,18.102176945717687,17.0,True,False,Stockout Risk
FOODS_3_417_CA_1_validation,2016-04-18,9,8.199211945243668,17.0,0,2,16.398423890487337,17.0,False,False,Normal
FOODS_3_418_CA_1_validation,2016-03-14,2,12.978012370411696,4.0,0,2,25.95602474082339,4.0,True,False,Stockout Risk
FOODS_3_418_CA_1_validation,2016-03-21,17,7.77794016235942,19.0,0,2,15.55588032471884,19.0,False,False,Normal
FOODS_3_418_CA_1_validation,2016-03-28,9,13.762537878064435,19.0,0,2,27.52507575612887,19.0,True,False,Stockout Risk
FOODS_3_418_CA_1_validation,2016-04-04,13,10.180265889530103,20.0,0,2,20.360531779060207,20.0,True,False,Stockout Risk
FOODS_3_418_CA_1_validation,2016-04-11,10,11.311407611894094,24.0,0,2,22.622815223788187,24.0,False,False,Normal
FOODS_3_418_CA_1_validation,2016-04-18,20,10.635893069793116,26.0,0,2,21.271786139586233,26.0,False,False,Normal
FOODS_3_419_CA_1_validation,2016-03-14,0,5.706308305287972,0.0,0,2,11.412616610575943,0.0,True,False,Stockout Risk
FOODS_3_419_CA_1_validation,2016-03-21,0,3.011442489015057,0.0,0,2,6.022884978030114,0.0,True,False,Stockout Risk
FOODS_3_419_CA_1_validation,2016-03-28,0,2.5511438603011025,0.0,0,2,5.102287720602205,0.0,True,False,Stockout Risk
FOODS_3_419_CA_1_validation,2016-04-04,0,1.4455572647933903,0.0,0,2,2.8911145295867806,0.0,True,False,Stockout Risk
FOODS_3_419_CA_1_validation,2016-04-11,0,1.113363057455714,0.0,0,2,2.226726114911428,0.0,True,False,Stockout Risk
FOODS_3_419_CA_1_validation,2016-04-18,0,0.5825949389821702,0.0,0,2,1.1651898779643404,0.0,True,False,Stockout Risk
FOODS_3_420_CA_1_validation,2016-03-14,3,3.7031405859802384,6.0,0,2,7.406281171960477,6.0,True,False,Stockout Risk
FOODS_3_420_CA_1_validation,2016-03-21,2,3.51887101283693,5.0,0,2,7.03774202567386,5.0,True,False,Stockout Risk
FOODS_3_420_CA_1_validation,2016-03-28,9,3.18637884311611,9.0,0,2,6.37275768623222,9.0,False,False,Normal
FOODS_3_420_CA_1_validation,2016-04-04,6,5.693506078351137,10.0,0,2,11.387012156702275,10.0,True,False,Stockout Risk
FOODS_3_420_CA_1_validation,2016-04-11,1,5.1181976910098514,9.0,0,2,10.236395382019703,9.0,True,False,Stockout Risk
FOODS_3_420_CA_1_validation,2016-04-18,3,3.4361873214245358,10.0,0,2,6.8723746428490715,10.0,False,False,Normal
FOODS_3_421_CA_1_validation,2016-03-14,0,0.3651618097588788,0.0,0,2,0.7303236195177576,0.0,True,False,Stockout Risk
FOODS_3_421_CA_1_validation,2016-03-21,0,0.3651618097588788,0.0,0,2,0.7303236195177576,0.0,True,False,Stockout Risk
FOODS_3_421_CA_1_validation,2016-03-28,0,0.3651618097588788,0.0,0,2,0.7303236195177576,0.0,True,False,Stockout Risk
FOODS_3_421_CA_1_validation,2016-04-04,0,0.5470073055823366,0.0,0,2,1.0940146111646731,0.0,True,False,Stockout Risk
FOODS_3_421_CA_1_validation,2016-04-11,0,0.3006084123614305,0.0,0,2,0.601216824722861,0.0,True,False,Stockout Risk
FOODS_3_421_CA_1_validation,2016-04-18,0,0.3006084123614305,0.0,0,2,0.601216824722861,0.0,True,False,Stockout Risk
FOODS_3_422_CA_1_validation,2016-03-14,8,10.789057560623922,16.0,0,2,21.578115121247844,16.0,True,False,Stockout Risk
FOODS_3_422_CA_1_validation,2016-03-21,8,9.451337381902398,16.0,0,2,18.902674763804796,16.0,True,False,Stockout Risk
FOODS_3_422_CA_1_validation,2016-03-28,10,9.762525082183108,17.0,0,2,19.525050164366217,17.0,True,False,Stockout Risk
FOODS_3_422_CA_1_validation,2016-04-04,8,9.916890072583426,17.0,0,2,19.833780145166852,17.0,True,False,Stockout Risk
FOODS_3_422_CA_1_validation,2016-04-11,6,9.542077307997571,16.0,0,2,19.084154615995143,16.0,True,False,Stockout Risk
FOODS_3_422_CA_1_validation,2016-04-18,11,8.182489453006575,18.0,0,2,16.36497890601315,18.0,False,False,Normal
FOODS_3_423_CA_1_validation,2016-03-14,23,22.17698006470637,46.0,0,2,44.35396012941274,46.0,False,False,Normal
FOODS_3_423_CA_1_validation,2016-03-21,21,20.644794741144125,44.0,0,2,41.28958948228825,44.0,False,False,Normal
FOODS_3_423_CA_1_validation,2016-03-28,20,22.249776411469185,43.0,0,2,44.49955282293837,43.0,True,False,Stockout Risk
FOODS_3_423_CA_1_validation,2016-04-04,26,21.723107580355126,45.0,0,2,43.44621516071025,45.0,False,False,Normal
FOODS_3_423_CA_1_validation,2016-04-11,7,23.97725184426129,37.0,0,2,47.95450368852258,37.0,True,False,Stockout Risk
FOODS_3_423_CA_1_validation,2016-04-18,21,14.927344520354346,37.0,0,2,29.854689040708692,37.0,False,False,Normal
FOODS_3_424_CA_1_validation,2016-03-14,10,9.651496407651347,20.0,0,2,19.302992815302694,20.0,False,False,Normal
FOODS_3_424_CA_1_validation,2016-03-21,7,10.004801696856926,17.0,0,2,20.009603393713853,17.0,True,False,Stockout Risk
FOODS_3_424_CA_1_validation,2016-03-28,14,9.40220565539059,21.0,0,2,18.80441131078118,21.0,False,False,Normal
FOODS_3_424_CA_1_validation,2016-04-04,22,10.65510573370311,26.0,0,2,21.31021146740622,26.0,False,False,Normal
FOODS_3_424_CA_1_validation,2016-04-11,9,15.20849986294966,26.0,0,2,30.41699972589932,26.0,True,False,Stockout Risk
FOODS_3_424_CA_1_validation,2016-04-18,11,12.277057581468872,28.0,0,2,24.554115162937745,28.0,False,False,Normal
FOODS_3_425_CA_1_validation,2016-03-14,9,6.577376511955696,18.0,0,2,13.154753023911391,18.0,False,False,Normal
FOODS_3_425_CA_1_validation,2016-03-21,3,7.748290492233583,12.0,0,2,15.496580984467165,12.0,True,False,Stockout Risk
FOODS_3_425_CA_1_validation,2016-03-28,8,5.964494676872413,13.0,0,2,11.928989353744827,13.0,False,False,Normal
FOODS_3_425_CA_1_validation,2016-04-04,0,7.046591114293245,10.0,0,2,14.09318222858649,10.0,True,False,Stockout Risk
FOODS_3_425_CA_1_validation,2016-04-11,7,2.749073596966563,9.0,0,2,5.498147193933126,9.0,False,False,Normal
FOODS_3_425_CA_1_validation,2016-04-18,4,6.069372574040012,10.0,0,2,12.138745148080025,10.0,True,False,Stockout Risk
FOODS_3_426_CA_1_validation,2016-03-14,4,5.358315832248153,8.0,0,2,10.716631664496306,8.0,True,False,Stockout Risk
FOODS_3_426_CA_1_validation,2016-03-21,4,4.911717678957801,8.0,0,2,9.823435357915603,8.0,True,False,Stockout Risk
FOODS_3_426_CA_1_validation,2016-03-28,8,4.926033776806003,11.0,0,2,9.852067553612006,11.0,False,False,Normal
FOODS_3_426_CA_1_validation,2016-04-04,3,5.966450982867708,10.0,0,2,11.932901965735416,10.0,True,False,Stockout Risk
FOODS_3_426_CA_1_validation,2016-04-11,5,4.966614077125133,10.0,0,2,9.933228154250266,10.0,False,False,Normal
FOODS_3_426_CA_1_validation,2016-04-18,3,5.006340484162992,10.0,0,2,10.012680968325984,10.0,True,False,Stockout Risk
FOODS_3_427_CA_1_validation,2016-03-14,0,4.662551346794591,0.0,0,2,9.325102693589182,0.0,True,False,Stockout Risk
FOODS_3_427_CA_1_validation,2016-03-21,0,1.412718559414226,0.0,0,2,2.825437118828452,0.0,True,False,Stockout Risk
FOODS_3_427_CA_1_validation,2016-03-28,0,1.25082351989066,0.0,0,2,2.50164703978132,0.0,True,False,Stockout Risk
FOODS_3_427_CA_1_validation,2016-04-04,0,1.1490034013800197,0.0,0,2,2.2980068027600393,0.0,True,False,Stockout Risk
FOODS_3_427_CA_1_validation,2016-04-11,0,0.39079000161867,0.0,0,2,0.78158000323734,0.0,True,False,Stockout Risk
FOODS_3_427_CA_1_validation,2016-04-18,0,0.3742540594074448,0.0,0,2,0.7485081188148895,0.0,True,False,Stockout Risk
FOODS_3_428_CA_1_validation,2016-03-14,2,9.94144487514292,4.0,0,2,19.88288975028584,4.0,True,False,Stockout Risk
FOODS_3_428_CA_1_validation,2016-03-21,7,7.513723128764581,9.0,0,2,15.027446257529162,9.0,True,False,Stockout Risk
FOODS_3_428_CA_1_validation,2016-03-28,16,7.310059129208576,17.0,0,2,14.620118258417152,17.0,False,False,Normal
FOODS_3_428_CA_1_validation,2016-04-04,8,10.633524560616792,16.0,0,2,21.267049121233583,16.0,True,False,Stockout Risk
FOODS_3_428_CA_1_validation,2016-04-11,12,9.353073199700908,22.0,0,2,18.706146399401817,22.0,False,False,Normal
FOODS_3_428_CA_1_validation,2016-04-18,8,10.469202543673347,22.0,0,2,20.938405087346695,22.0,False,False,Normal
FOODS_3_429_CA_1_validation,2016-03-14,12,10.403158454856612,24.0,0,2,20.806316909713225,24.0,False,False,Normal
FOODS_3_429_CA_1_validation,2016-03-21,3,10.289290868210095,15.0,0,2,20.57858173642019,15.0,True,False,Stockout Risk
FOODS_3_429_CA_1_validation,2016-03-28,18,8.468815789976466,22.0,0,2,16.93763157995293,22.0,False,False,Normal
FOODS_3_429_CA_1_validation,2016-04-04,13,11.7499422313752,23.0,0,2,23.4998844627504,23.0,True,False,Stockout Risk
FOODS_3_429_CA_1_validation,2016-04-11,16,10.69086785571746,25.0,0,2,21.38173571143492,25.0,False,False,Normal
FOODS_3_429_CA_1_validation,2016-04-18,11,12.327212431374493,29.0,0,2,24.654424862748986,29.0,False,False,Normal
FOODS_3_430_CA_1_validation,2016-03-14,5,4.282693280644574,10.0,0,2,8.565386561289149,10.0,False,False,Normal
FOODS_3_430_CA_1_validation,2016-03-21,2,4.653584834150223,7.0,0,2,9.307169668300446,7.0,True,False,Stockout Risk
FOODS_3_430_CA_1_validation,2016-03-28,1,3.6826515341482846,5.0,0,2,7.365303068296569,5.0,True,False,Stockout Risk
FOODS_3_430_CA_1_validation,2016-04-04,0,3.280019622931847,4.0,0,2,6.560039245863694,4.0,True,False,Stockout Risk
FOODS_3_430_CA_1_validation,2016-04-11,1,0.969631276496554,2.0,0,2,1.939262552993108,2.0,False,False,Normal
FOODS_3_430_CA_1_validation,2016-04-18,10,2.302039195354017,6.0,0,2,4.604078390708034,6.0,False,False,Normal
FOODS_3_431_CA_1_validation,2016-03-14,10,13.518530074878742,20.0,0,2,27.037060149757483,20.0,True,False,Stockout Risk
FOODS_3_431_CA_1_validation,2016-03-21,7,12.267986236772463,17.0,0,2,24.535972473544927,17.0,True,False,Stockout Risk
FOODS_3_431_CA_1_validation,2016-03-28,11,10.521716758654138,19.0,0,2,21.043433517308276,19.0,True,False,Stockout Risk
FOODS_3_431_CA_1_validation,2016-04-04,16,10.968539374469769,22.0,0,2,21.937078748939538,22.0,False,False,Normal
FOODS_3_431_CA_1_validation,2016-04-11,11,12.583963989354764,22.0,0,2,25.16792797870953,22.0,True,False,Stockout Risk
FOODS_3_431_CA_1_validation,2016-04-18,9,11.150813089287563,24.0,0,2,22.301626178575127,24.0,False,False,Normal
FOODS_3_432_CA_1_validation,2016-03-14,6,5.521532473613068,12.0,0,2,11.043064947226137,12.0,False,False,Normal
FOODS_3_432_CA_1_validation,2016-03-21,4,5.374918608788802,10.0,0,2,10.749837217577603,10.0,True,False,Stockout Risk
FOODS_3_432_CA_1_validation,2016-03-28,3,5.146339679302207,9.0,0,2,10.292679358604413,9.0,True,False,Stockout Risk
FOODS_3_432_CA_1_validation,2016-04-04,7,4.8719515636456565,10.0,0,2,9.743903127291313,10.0,False,False,Normal
FOODS_3_432_CA_1_validation,2016-04-11,6,5.510748306744671,10.0,0,2,11.021496613489342,10.0,True,False,Stockout Risk
FOODS_3_432_CA_1_validation,2016-04-18,3,5.446090482128223,10.0,0,2,10.892180964256447,10.0,True,False,Stockout Risk
FOODS_3_433_CA_1_validation,2016-03-14,11,23.418320827000485,22.0,0,2,46.83664165400097,22.0,True,False,Stockout Risk
FOODS_3_433_CA_1_validation,2016-03-21,8,16.6678151461618,19.0,0,2,33.3356302923236,19.0,True,False,Stockout Risk
FOODS_3_433_CA_1_validation,2016-03-28,9,13.25160399628182,19.0,0,2,26.50320799256364,19.0,True,False,Stockout Risk
FOODS_3_433_CA_1_validation,2016-04-04,14,13.746943061009908,21.0,0,2,27.493886122019816,21.0,True,False,Stockout Risk
FOODS_3_433_CA_1_validation,2016-04-11,12,13.632361863756335,22.0,0,2,27.26472372751267,22.0,True,False,Stockout Risk
FOODS_3_433_CA_1_validation,2016-04-18,11,12.3528037327774,23.0,0,2,24.7056074655548,23.0,True,False,Stockout Risk
FOODS_3_434_CA_1_validation,2016-03-14,23,15.929817607442564,46.0,0,2,31.859635214885127,46.0,False,False,Normal
FOODS_3_434_CA_1_validation,2016-03-21,12,18.8574725093073,35.0,0,2,37.7149450186146,35.0,True,False,Stockout Risk
FOODS_3_434_CA_1_validation,2016-03-28,15,14.800565328719776,33.0,0,2,29.60113065743955,33.0,False,False,Normal
FOODS_3_434_CA_1_validation,2016-04-04,22,16.430604881661818,36.0,0,2,32.861209763323636,36.0,False,False,Normal
FOODS_3_434_CA_1_validation,2016-04-11,17,17.202733136023298,33.0,0,2,34.405466272046596,33.0,True,False,Stockout Risk
FOODS_3_434_CA_1_validation,2016-04-18,18,15.604481646297987,36.0,0,2,31.208963292595975,36.0,False,False,Normal
FOODS_3_435_CA_1_validation,2016-03-14,20,15.059981722556511,40.0,0,2,30.119963445113022,40.0,False,False,Normal
FOODS_3_435_CA_1_validation,2016-03-21,19,16.996616100210254,39.0,0,2,33.99323220042051,39.0,False,False,Normal
FOODS_3_435_CA_1_validation,2016-03-28,12,17.4841765087282,34.0,0,2,34.9683530174564,34.0,True,False,Stockout Risk
FOODS_3_435_CA_1_validation,2016-04-04,18,15.874351497153109,34.0,0,2,31.748702994306218,34.0,False,False,Normal
FOODS_3_435_CA_1_validation,2016-04-11,11,17.264966908959916,30.0,0,2,34.52993381791983,30.0,True,False,Stockout Risk
FOODS_3_435_CA_1_validation,2016-04-18,16,13.563513946326292,28.0,0,2,27.127027892652585,28.0,False,False,Normal
FOODS_3_436_CA_1_validation,2016-03-14,5,4.56361575902268,10.0,0,2,9.12723151804536,10.0,False,False,Normal
FOODS_3_436_CA_1_validation,2016-03-21,4,5.03834164360006,9.0,0,2,10.07668328720012,9.0,True,False,Stockout Risk
FOODS_3_436_CA_1_validation,2016-03-28,6,4.64122509213673,10.0,0,2,9.28245018427346,10.0,False,False,Normal
FOODS_3_436_CA_1_validation,2016-04-04,6,5.63723932269498,10.0,0,2,11.27447864538996,10.0,True,False,Stockout Risk
FOODS_3_436_CA_1_validation,2016-04-11,7,5.385754886452476,12.0,0,2,10.771509772904952,12.0,False,False,Normal
FOODS_3_436_CA_1_validation,2016-04-18,1,5.751948356591687,10.0,0,2,11.503896713183375,10.0,True,False,Stockout Risk
FOODS_3_437_CA_1_validation,2016-03-14,12,11.233318141795968,24.0,0,2,22.466636283591935,24.0,False,False,Normal
FOODS_3_437_CA_1_validation,2016-03-21,8,10.641231739770664,20.0,0,2,21.282463479541327,20.0,True,False,Stockout Risk
FOODS_3_437_CA_1_validation,2016-03-28,6,9.63826776670992,17.0,0,2,19.27653553341984,17.0,True,False,Stockout Risk
FOODS_3_437_CA_1_validation,2016-04-04,7,9.25799638908756,16.0,0,2,18.51599277817512,16.0,True,False,Stockout Risk
FOODS_3_437_CA_1_validation,2016-04-11,7,8.753459353472746,14.0,0,2,17.50691870694549,14.0,True,False,Stockout Risk
FOODS_3_437_CA_1_validation,2016-04-18,5,7.74847147793676,12.0,0,2,15.49694295587352,12.0,True,False,Stockout Risk
FOODS_3_438_CA_1_validation,2016-03-14,0,0.3651618097588788,0.0,0,2,0.7303236195177576,0.0,True,False,Stockout Risk
FOODS_3_438_CA_1_validation,2016-03-21,0,0.3651618097588788,0.0,0,2,0.7303236195177576,0.0,True,False,Stockout Risk
FOODS_3_438_CA_1_validation,2016-03-28,0,0.3651618097588788,0.0,0,2,0.7303236195177576,0.0,True,False,Stockout Risk
FOODS_3_438_CA_1_validation,2016-04-04,0,0.5470073055823366,0.0,0,2,1.0940146111646731,0.0,True,False,Stockout Risk
FOODS_3_438_CA_1_validation,2016-04-11,0,0.3006084123614305,0.0,0,2,0.601216824722861,0.0,True,False,Stockout Risk
FOODS_3_438_CA_1_validation,2016-04-18,4,0.3006084123614305,2.0,0,2,0.601216824722861,2.0,False,False,Normal
FOODS_3_439_CA_1_validation,2016-03-14,25,23.654890518106622,50.0,0,2,47.309781036213245,50.0,False,False,Normal
FOODS_3_439_CA_1_validation,2016-03-21,19,24.85489743766949,44.0,0,2,49.70979487533898,44.0,True,False,Stockout Risk
FOODS_3_439_CA_1_validation,2016-03-28,31,23.038975934429523,50.0,0,2,46.077951868859046,50.0,False,False,Normal
FOODS_3_439_CA_1_validation,2016-04-04,25,26.883680221670165,50.0,0,2,53.76736044334033,50.0,True,False,Stockout Risk
FOODS_3_439_CA_1_validation,2016-04-11,40,24.359962025484634,58.0,0,2,48.71992405096927,58.0,False,False,Normal
FOODS_3_439_CA_1_validation,2016-04-18,27,31.531793573874687,62.0,0,2,63.063587147749374,62.0,True,False,Stockout Risk
FOODS_3_440_CA_1_validation,2016-03-14,6,5.736771911919333,12.0,0,2,11.473543823838666,12.0,False,False,Normal
FOODS_3_440_CA_1_validation,2016-03-21,6,5.705963804586252,12.0,0,2,11.411927609172505,12.0,False,False,Normal
FOODS_3_440_CA_1_validation,2016-03-28,6,5.980336254533638,12.0,0,2,11.960672509067276,12.0,False,False,Normal
FOODS_3_440_CA_1_validation,2016-04-04,10,6.307499947777795,14.0,0,2,12.61499989555559,14.0,False,False,Normal
FOODS_3_440_CA_1_validation,2016-04-11,5,7.032226549733158,14.0,0,2,14.064453099466316,14.0,True,False,Stockout Risk
FOODS_3_440_CA_1_validation,2016-04-18,3,6.4749762423809525,12.0,0,2,12.949952484761905,12.0,True,False,Stockout Risk
FOODS_3_441_CA_1_validation,2016-03-14,0,0.3651618097588788,0.0,0,2,0.7303236195177576,0.0,True,False,Stockout Risk
FOODS_3_441_CA_1_validation,2016-03-21,0,0.3651618097588788,0.0,0,2,0.7303236195177576,0.0,True,False,Stockout Risk
FOODS_3_441_CA_1_validation,2016-03-28,0,0.3651618097588788,0.0,0,2,0.7303236195177576,0.0,True,False,Stockout Risk
FOODS_3_441_CA_1_validation,2016-04-04,0,0.5470073055823366,0.0,0,2,1.0940146111646731,0.0,True,False,Stockout Risk
FOODS_3_441_CA_1_validation,2016-04-11,0,0.3006084123614305,0.0,0,2,0.601216824722861,0.0,True,False,Stockout Risk
FOODS_3_441_CA_1_validation,2016-04-18,0,0.3006084123614305,0.0,0,2,0.601216824722861,0.0,True,False,Stockout Risk
FOODS_3_442_CA_1_validation,2016-03-14,3,3.656482123540154,6.0,0,2,7.312964247080308,6.0,True,False,Stockout Risk
FOODS_3_442_CA_1_validation,2016-03-21,0,3.851311357077292,3.0,0,2,7.702622714154584,3.0,True,False,Stockout Risk
FOODS_3_442_CA_1_validation,2016-03-28,0,1.2435308605977562,2.0,0,2,2.4870617211955124,2.0,True,False,Stockout Risk
FOODS_3_442_CA_1_validation,2016-04-04,3,1.2290938739400552,3.0,0,2,2.4581877478801104,3.0,False,False,Normal
FOODS_3_442_CA_1_validation,2016-04-11,3,3.298908741397866,3.0,0,2,6.597817482795732,3.0,True,False,Stockout Risk
FOODS_3_442_CA_1_validation,2016-04-18,4,3.502115869589443,5.0,0,2,7.004231739178886,5.0,True,False,Stockout Risk
FOODS_3_443_CA_1_validation,2016-03-14,0,0.3651618097588788,0.0,0,2,0.7303236195177576,0.0,True,False,Stockout Risk
FOODS_3_443_CA_1_validation,2016-03-21,0,0.3651618097588788,0.0,0,2,0.7303236195177576,0.0,True,False,Stockout Risk
FOODS_3_443_CA_1_validation,2016-03-28,0,0.3651618097588788,0.0,0,2,0.7303236195177576,0.0,True,False,Stockout Risk
FOODS_3_443_CA_1_validation,2016-04-04,0,0.5470073055823366,0.0,0,2,1.0940146111646731,0.0,True,False,Stockout Risk
FOODS_3_443_CA_1_validation,2016-04-11,0,0.3006084123614305,0.0,0,2,0.601216824722861,0.0,True,False,Stockout Risk
FOODS_3_443_CA_1_validation,2016-04-18,0,0.3006084123614305,0.0,0,2,0.601216824722861,0.0,True,False,Stockout Risk
FOODS_3_444_CA_1_validation,2016-03-14,0,0.3651618097588788,0.0,0,2,0.7303236195177576,0.0,True,False,Stockout Risk
FOODS_3_444_CA_1_validation,2016-03-21,0,0.3651618097588788,0.0,0,2,0.7303236195177576,0.0,True,False,Stockout Risk
FOODS_3_444_CA_1_validation,2016-03-28,0,0.3651618097588788,0.0,0,2,0.7303236195177576,0.0,True,False,Stockout Risk
FOODS_3_444_CA_1_validation,2016-04-04,0,0.5470073055823366,0.0,0,2,1.0940146111646731,0.0,True,False,Stockout Risk
FOODS_3_444_CA_1_validation,2016-04-11,0,0.3006084123614305,0.0,0,2,0.601216824722861,0.0,True,False,Stockout Risk
FOODS_3_444_CA_1_validation,2016-04-18,0,0.3006084123614305,0.0,0,2,0.601216824722861,0.0,True,False,Stockout Risk
FOODS_3_445_CA_1_validation,2016-03-14,8,6.59901018812154,16.0,0,2,13.19802037624308,16.0,False,False,Normal
FOODS_3_445_CA_1_validation,2016-03-21,8,6.836320852355691,16.0,0,2,13.672641704711381,16.0,False,False,Normal
FOODS_3_445_CA_1_validation,2016-03-28,6,7.231254007420493,15.0,0,2,14.462508014840987,15.0,False,False,Normal
FOODS_3_445_CA_1_validation,2016-04-04,15,6.985455559940858,18.0,0,2,13.970911119881716,18.0,False,False,Normal
FOODS_3_445_CA_1_validation,2016-04-11,2,10.063877152745054,16.0,0,2,20.127754305490107,16.0,True,False,Stockout Risk
FOODS_3_445_CA_1_validation,2016-04-18,2,6.798384252879171,12.0,0,2,13.596768505758343,12.0,True,False,Stockout Risk
FOODS_3_446_CA_1_validation,2016-03-14,0,0.4291420694814084,0.0,0,2,0.8582841389628167,0.0,True,False,Stockout Risk
FOODS_3_446_CA_1_validation,2016-03-21,0,0.4553433990161183,0.0,0,2,0.9106867980322366,0.0,True,False,Stockout Risk
FOODS_3_446_CA_1_validation,2016-03-28,0,0.5995775396240428,0.0,0,2,1.1991550792480856,0.0,True,False,Stockout Risk
FOODS_3_446_CA_1_validation,2016-04-04,25,0.5470073055823366,12.0,0,2,1.0940146111646731,12.0,False,False,Normal
FOODS_3_446_CA_1_validation,2016-04-11,9,30.5766105961181,17.0,0,2,61.1532211922362,17.0,True,False,Stockout Risk
FOODS_3_446_CA_1_validation,2016-04-18,27,10.192966441949125,30.0,0,2,20.38593288389825,30.0,False,False,Normal
FOODS_3_447_CA_1_validation,2016-03-14,4,3.057579214460097,8.0,0,2,6.115158428920194,8.0,False,False,Normal
FOODS_3_447_CA_1_validation,2016-03-21,11,5.6982478247505375,15.0,0,2,11.396495649501075,15.0,False,False,Normal
FOODS_3_447_CA_1_validation,2016-03-28,6,6.935214712106125,14.0,0,2,13.87042942421225,14.0,False,False,Normal
FOODS_3_447_CA_1_validation,2016-04-04,7,6.842368721023056,14.0,0,2,13.684737442046112,14.0,False,False,Normal
FOODS_3_447_CA_1_validation,2016-04-11,12,6.923647480738342,18.0,0,2,13.847294961476685,18.0,False,False,Normal
FOODS_3_447_CA_1_validation,2016-04-18,4,8.9215603254417,14.0,0,2,17.8431206508834,14.0,True,False,Stockout Risk
FOODS_3_448_CA_1_validation,2016-03-14,0,0.5645226621482606,0.0,0,2,1.1290453242965213,0.0,True,False,Stockout Risk
FOODS_3_448_CA_1_validation,2016-03-21,0,0.3651618097588788,0.0,0,2,0.7303236195177576,0.0,True,False,Stockout Risk
FOODS_3_448_CA_1_validation,2016-03-28,0,0.3651618097588788,0.0,0,2,0.7303236195177576,0.0,True,False,Stockout Risk
FOODS_3_448_CA_1_validation,2016-04-04,0,0.5470073055823366,0.0,0,2,1.0940146111646731,0.0,True,False,Stockout Risk
FOODS_3_448_CA_1_validation,2016-04-11,0,0.3006084123614305,0.0,0,2,0.601216824722861,0.0,True,False,Stockout Risk
FOODS_3_448_CA_1_validation,2016-04-18,14,0.3006084123614305,7.0,0,2,0.601216824722861,7.0,False,False,Normal
FOODS_3_449_CA_1_validation,2016-03-14,0,23.889666904885345,0.0,0,2,47.77933380977069,0.0,True,False,Stockout Risk
FOODS_3_449_CA_1_validation,2016-03-21,14,7.78947129453497,14.0,0,2,15.57894258906994,14.0,True,False,Stockout Risk
FOODS_3_449_CA_1_validation,2016-03-28,36,20.21570824870479,33.0,0,2,40.43141649740958,33.0,True,False,Stockout Risk
FOODS_3_449_CA_1_validation,2016-04-04,46,25.016704484909035,48.0,0,2,50.03340896981807,48.0,True,False,Stockout Risk
FOODS_3_449_CA_1_validation,2016-04-11,31,37.43467703269066,64.0,0,2,74.86935406538132,64.0,True,False,Stockout Risk
FOODS_3_449_CA_1_validation,2016-04-18,56,29.498129010841133,84.0,0,2,58.996258021682266,84.0,False,False,Normal
FOODS_3_450_CA_1_validation,2016-03-14,11,11.043206652765925,22.0,0,2,22.08641330553185,22.0,True,False,Stockout Risk
FOODS_3_450_CA_1_validation,2016-03-21,20,10.983981401773065,31.0,0,2,21.96796280354613,31.0,False,False,Normal
FOODS_3_450_CA_1_validation,2016-03-28,14,14.3345809854474,30.0,0,2,28.6691619708948,30.0,False,False,Normal
FOODS_3_450_CA_1_validation,2016-04-04,10,13.39413024178616,28.0,0,2,26.78826048357232,28.0,False,False,Normal
FOODS_3_450_CA_1_validation,2016-04-11,20,12.706140359315889,32.0,0,2,25.412280718631777,32.0,False,False,Normal
FOODS_3_450_CA_1_validation,2016-04-18,15,15.507462560076032,30.0,0,2,31.014925120152064,30.0,True,False,Stockout Risk
FOODS_3_451_CA_1_validation,2016-03-14,14,15.972079817920726,28.0,0,2,31.94415963584145,28.0,True,False,Stockout Risk
FOODS_3_451_CA_1_validation,2016-03-21,26,14.360547704970838,40.0,0,2,28.721095409941675,40.0,False,False,Normal
FOODS_3_451_CA_1_validation,2016-03-28,21,18.72861419800644,41.0,0,2,37.45722839601288,41.0,False,False,Normal
FOODS_3_451_CA_1_validation,2016-04-04,17,18.82907455981552,39.0,0,2,37.65814911963104,39.0,False,False,Normal
FOODS_3_451_CA_1_validation,2016-04-11,6,16.974757419573145,35.0,0,2,33.94951483914629,35.0,False,False,Normal
FOODS_3_451_CA_1_validation,2016-04-18,2,13.525756207827897,23.0,0,2,27.051512415655793,23.0,True,False,Stockout Risk
FOODS_3_452_CA_1_validation,2016-03-14,1,3.8531157962604263,2.0,0,2,7.706231592520853,2.0,True,False,Stockout Risk
FOODS_3_452_CA_1_validation,2016-03-21,2,2.435767342527474,3.0,0,2,4.871534685054948,3.0,True,False,Stockout Risk
FOODS_3_452_CA_1_validation,2016-03-28,5,2.8561701984672734,5.0,0,2,5.712340396934547,5.0,True,False,Stockout Risk
FOODS_3_452_CA_1_validation,2016-04-04,3,4.049519594240378,6.0,0,2,8.099039188480756,6.0,True,False,Stockout Risk
FOODS_3_452_CA_1_validation,2016-04-11,3,3.514833690550304,6.0,0,2,7.029667381100608,6.0,True,False,Stockout Risk
FOODS_3_452_CA_1_validation,2016-04-18,3,3.417217781755478,7.0,0,2,6.834435563510956,7.0,False,False,Normal
FOODS_3_453_CA_1_validation,2016-03-14,5,3.899658826575166,10.0,0,2,7.799317653150332,10.0,False,False,Normal
FOODS_3_453_CA_1_validation,2016-03-21,1,4.395931517607346,6.0,0,2,8.791863035214693,6.0,True,False,Stockout Risk
FOODS_3_453_CA_1_validation,2016-03-28,2,2.9656567865565764,5.0,0,2,5.931313573113153,5.0,True,False,Stockout Risk
FOODS_3_453_CA_1_validation,2016-04-04,2,3.657295613435346,5.0,0,2,7.314591226870692,5.0,True,False,Stockout Risk
FOODS_3_453_CA_1_validation,2016-04-11,3,3.1218254457186627,4.0,0,2,6.243650891437325,4.0,True,False,Stockout Risk
FOODS_3_453_CA_1_validation,2016-04-18,4,3.11899386526489,6.0,0,2,6.23798773052978,6.0,True,False,Stockout Risk
FOODS_3_454_CA_1_validation,2016-03-14,1,0.438807456804893,2.0,0,2,0.877614913609786,2.0,False,False,Normal
FOODS_3_454_CA_1_validation,2016-03-21,0,2.8997684486902955,1.0,0,2,5.799536897380591,1.0,True,False,Stockout Risk
FOODS_3_454_CA_1_validation,2016-03-28,0,1.1241322714248425,1.0,0,2,2.248264542849685,1.0,True,False,Stockout Risk
FOODS_3_454_CA_1_validation,2016-04-04,0,1.311395769971795,0.0,0,2,2.62279153994359,0.0,True,False,Stockout Risk
FOODS_3_454_CA_1_validation,2016-04-11,0,0.9026045081591122,0.0,0,2,1.8052090163182244,0.0,True,False,Stockout Risk
FOODS_3_454_CA_1_validation,2016-04-18,0,0.39079000161867,0.0,0,2,0.78158000323734,0.0,True,False,Stockout Risk
FOODS_3_455_CA_1_validation,2016-03-14,76,60.52235562827767,152.0,0,2,121.04471125655535,152.0,False,False,Normal
FOODS_3_455_CA_1_validation,2016-03-21,62,62.547319282901576,138.0,0,2,125.09463856580315,138.0,False,False,Normal
FOODS_3_455_CA_1_validation,2016-03-28,53,65.21718617802105,127.0,0,2,130.4343723560421,127.0,True,False,Stockout Risk
FOODS_3_455_CA_1_validation,2016-04-04,67,62.24829015480519,129.0,0,2,124.49658030961038,129.0,False,False,Normal
FOODS_3_455_CA_1_validation,2016-04-11,63,62.93204834718421,122.0,0,2,125.86409669436841,122.0,True,False,Stockout Risk
FOODS_3_455_CA_1_validation,2016-04-18,55,59.69757530432391,119.0,0,2,119.39515060864782,119.0,True,False,Stockout Risk
FOODS_3_456_CA_1_validation,2016-03-14,0,6.047761960006861,0.0,0,2,12.095523920013722,0.0,True,False,Stockout Risk
FOODS_3_456_CA_1_validation,2016-03-21,6,2.164789230825088,6.0,0,2,4.329578461650176,6.0,False,False,Normal
FOODS_3_456_CA_1_validation,2016-03-28,4,5.127286816347677,7.0,0,2,10.254573632695354,7.0,True,False,Stockout Risk
FOODS_3_456_CA_1_validation,2016-04-04,4,5.056065728852736,7.0,0,2,10.112131457705472,7.0,True,False,Stockout Risk
FOODS_3_456_CA_1_validation,2016-04-11,2,4.772528024527954,8.0,0,2,9.545056049055908,8.0,True,False,Stockout Risk
FOODS_3_456_CA_1_validation,2016-04-18,5,4.088637529683378,8.0,0,2,8.177275059366757,8.0,True,False,Stockout Risk
FOODS_3_457_CA_1_validation,2016-03-14,1,2.41241609688954,2.0,0,2,4.82483219377908,2.0,True,False,Stockout Risk
FOODS_3_457_CA_1_validation,2016-03-21,3,2.3235931315761564,4.0,0,2,4.647186263152313,4.0,True,False,Stockout Risk
FOODS_3_457_CA_1_validation,2016-03-28,0,3.1370042323475986,3.0,0,2,6.274008464695197,3.0,True,False,Stockout Risk
FOODS_3_457_CA_1_validation,2016-04-04,2,1.2256955570409458,3.0,0,2,2.4513911140818916,3.0,False,False,Normal
FOODS_3_457_CA_1_validation,2016-04-11,0,2.7880732319303947,2.0,0,2,5.576146463860789,2.0,True,False,Stockout Risk
FOODS_3_457_CA_1_validation,2016-04-18,2,0.9792966638200388,2.0,0,2,1.9585933276400775,2.0,False,False,Normal
FOODS_3_458_CA_1_validation,2016-03-14,47,43.716418273958446,94.0,0,2,87.43283654791689,94.0,False,False,Normal
FOODS_3_458_CA_1_validation,2016-03-21,36,44.64865630801078,83.0,0,2,89.29731261602156,83.0,True,False,Stockout Risk
FOODS_3_458_CA_1_validation,2016-03-28,34,41.143140923023495,78.0,0,2,82.28628184604699,78.0,True,False,Stockout Risk
FOODS_3_458_CA_1_validation,2016-04-04,35,41.43145879700525,76.0,0,2,82.8629175940105,76.0,True,False,Stockout Risk
FOODS_3_458_CA_1_validation,2016-04-11,48,38.51955652363743,76.0,0,2,77.03911304727487,76.0,True,False,Stockout Risk
FOODS_3_458_CA_1_validation,2016-04-18,56,41.185588725111565,86.0,0,2,82.37117745022313,86.0,False,False,Normal
FOODS_3_459_CA_1_validation,2016-03-14,14,9.700699175106198,28.0,0,2,19.401398350212396,28.0,False,False,Normal
FOODS_3_459_CA_1_validation,2016-03-21,9,11.652160897842206,23.0,0,2,23.304321795684412,23.0,True,False,Stockout Risk
FOODS_3_459_CA_1_validation,2016-03-28,8,11.09659893336,21.0,0,2,22.19319786672,21.0,True,False,Stockout Risk
FOODS_3_459_CA_1_validation,2016-04-04,14,9.978147608204331,22.0,0,2,19.956295216408662,22.0,False,False,Normal
FOODS_3_459_CA_1_validation,2016-04-11,14,11.215027130063788,22.0,0,2,22.430054260127577,22.0,True,False,Stockout Risk
FOODS_3_459_CA_1_validation,2016-04-18,15,11.420721376740568,26.0,0,2,22.841442753481136,26.0,False,False,Normal
FOODS_3_460_CA_1_validation,2016-03-14,25,17.01215358631788,50.0,0,2,34.02430717263576,50.0,False,False,Normal
FOODS_3_460_CA_1_validation,2016-03-21,25,19.362637958077485,50.0,0,2,38.72527591615497,50.0,False,False,Normal
FOODS_3_460_CA_1_validation,2016-03-28,18,21.74463990093232,45.0,0,2,43.48927980186464,45.0,False,False,Normal
FOODS_3_460_CA_1_validation,2016-04-04,23,21.629541843594545,46.0,0,2,43.25908368718909,46.0,False,False,Normal
FOODS_3_460_CA_1_validation,2016-04-11,21,21.664384560157192,44.0,0,2,43.328769120314384,44.0,False,False,Normal
FOODS_3_460_CA_1_validation,2016-04-18,23,20.73870315135426,42.0,0,2,41.47740630270852,42.0,False,False,Normal
FOODS_3_461_CA_1_validation,2016-03-14,0,0.967157905556561,0.0,0,2,1.934315811113122,0.0,True,False,Stockout Risk
FOODS_3_461_CA_1_validation,2016-03-21,0,0.4553433990161183,0.0,0,2,0.9106867980322366,0.0,True,False,Stockout Risk
FOODS_3_461_CA_1_validation,2016-03-28,0,0.4291420694814084,0.0,0,2,0.8582841389628167,0.0,True,False,Stockout Risk
FOODS_3_461_CA_1_validation,2016-04-04,0,0.620652952628351,0.0,0,2,1.241305905256702,0.0,True,False,Stockout Risk
FOODS_3_461_CA_1_validation,2016-04-11,0,0.3742540594074448,0.0,0,2,0.7485081188148895,0.0,True,False,Stockout Risk
FOODS_3_461_CA_1_validation,2016-04-18,7,0.3006084123614305,4.0,0,2,0.601216824722861,4.0,False,False,Normal
FOODS_3_462_CA_1_validation,2016-03-14,28,40.47958484692939,56.0,0,2,80.95916969385878,56.0,True,False,Stockout Risk
FOODS_3_462_CA_1_validation,2016-03-21,32,32.4885549240386,60.0,0,2,64.9771098480772,60.0,True,False,Stockout Risk
FOODS_3_462_CA_1_validation,2016-03-28,31,34.92281798927623,61.0,0,2,69.84563597855247,61.0,True,False,Stockout Risk
FOODS_3_462_CA_1_validation,2016-04-04,60,33.85843222627521,76.0,0,2,67.71686445255042,76.0,False,False,Normal
FOODS_3_462_CA_1_validation,2016-04-11,26,44.47391283670866,74.0,0,2,88.94782567341731,74.0,True,False,Stockout Risk
FOODS_3_462_CA_1_validation,2016-04-18,38,32.202942293219245,78.0,0,2,64.40588458643849,78.0,False,False,Normal
FOODS_3_463_CA_1_validation,2016-03-14,19,7.905087104867256,38.0,0,2,15.810174209734512,38.0,False,False,Normal
FOODS_3_463_CA_1_validation,2016-03-21,19,12.015633256312368,38.0,0,2,24.031266512624736,38.0,False,False,Normal
FOODS_3_463_CA_1_validation,2016-03-28,13,13.984857118618264,34.0,0,2,27.969714237236527,34.0,False,False,Normal
FOODS_3_463_CA_1_validation,2016-04-04,17,12.887807715931544,34.0,0,2,25.775615431863088,34.0,False,False,Normal
FOODS_3_463_CA_1_validation,2016-04-11,21,14.570086312766357,35.0,0,2,29.140172625532713,35.0,False,False,Normal
FOODS_3_463_CA_1_validation,2016-04-18,17,16.138807440020067,34.0,0,2,32.27761488004013,34.0,False,False,Normal
FOODS_3_464_CA_1_validation,2016-03-14,0,1.1295502741483376,0.0,0,2,2.2591005482966753,0.0,True,False,Stockout Risk
FOODS_3_464_CA_1_validation,2016-03-21,0,0.967157905556561,0.0,0,2,1.934315811113122,0.0,True,False,Stockout Risk
FOODS_3_464_CA_1_validation,2016-03-28,0,0.4553433990161183,0.0,0,2,0.9106867980322366,0.0,True,False,Stockout Risk
FOODS_3_464_CA_1_validation,2016-04-04,0,0.6371888948395761,0.0,0,2,1.2743777896791522,0.0,True,False,Stockout Risk
FOODS_3_464_CA_1_validation,2016-04-11,0,0.39079000161867,0.0,0,2,0.78158000323734,0.0,True,False,Stockout Risk
FOODS_3_464_CA_1_validation,2016-04-18,6,0.3613841624801346,3.0,0,2,0.7227683249602692,3.0,False,False,Normal
FOODS_3_465_CA_1_validation,2016-03-14,21,7.841519127187125,42.0,0,2,15.68303825437425,42.0,False,False,Normal
FOODS_3_465_CA_1_validation,2016-03-21,2,13.059848951085945,23.0,0,2,26.11969790217189,23.0,True,False,Stockout Risk
FOODS_3_465_CA_1_validation,2016-03-28,10,7.915701114202339,22.0,0,2,15.831402228404677,22.0,False,False,Normal
FOODS_3_465_CA_1_validation,2016-04-04,7,8.93243006701866,20.0,0,2,17.86486013403732,20.0,False,False,Normal
FOODS_3_465_CA_1_validation,2016-04-11,7,9.292375115059397,13.0,0,2,18.584750230118793,13.0,True,False,Stockout Risk
FOODS_3_465_CA_1_validation,2016-04-18,11,7.01030222905355,18.0,0,2,14.0206044581071,18.0,False,False,Normal
FOODS_3_466_CA_1_validation,2016-03-14,0,1.9284290137405051,0.0,0,2,3.8568580274810103,0.0,True,False,Stockout Risk
FOODS_3_466_CA_1_validation,2016-03-21,0,1.3403782579231784,0.0,0,2,2.680756515846357,0.0,True,False,Stockout Risk
FOODS_3_466_CA_1_validation,2016-03-28,0,0.9552006175912736,0.0,0,2,1.9104012351825472,0.0,True,False,Stockout Risk
FOODS_3_466_CA_1_validation,2016-04-04,0,0.6841933538188314,0.0,0,2,1.3683867076376628,0.0,True,False,Stockout Risk
FOODS_3_466_CA_1_validation,2016-04-11,0,0.4999692647508125,0.0,0,2,0.999938529501625,0.0,True,False,Stockout Risk
FOODS_3_466_CA_1_validation,2016-04-18,0,0.3742540594074448,0.0,0,2,0.7485081188148895,0.0,True,False,Stockout Risk
FOODS_3_467_CA_1_validation,2016-03-14,5,4.163532374140081,10.0,0,2,8.327064748280161,10.0,False,False,Normal
FOODS_3_467_CA_1_validation,2016-03-21,9,5.0708938815604405,14.0,0,2,10.141787763120881,14.0,False,False,Normal
FOODS_3_467_CA_1_validation,2016-03-28,9,5.936455754152001,15.0,0,2,11.872911508304002,15.0,False,False,Normal
FOODS_3_467_CA_1_validation,2016-04-04,5,6.990592270946156,14.0,0,2,13.981184541892311,14.0,False,False,Normal
FOODS_3_467_CA_1_validation,2016-04-11,7,6.183817921783043,15.0,0,2,12.367635843566086,15.0,False,False,Normal
FOODS_3_467_CA_1_validation,2016-04-18,6,6.360901009832364,14.0,0,2,12.721802019664729,14.0,False,False,Normal
FOODS_3_468_CA_1_validation,2016-03-14,14,13.650685530024978,28.0,0,2,27.301371060049956,28.0,False,False,Normal
FOODS_3_468_CA_1_validation,2016-03-21,9,14.39292103012461,23.0,0,2,28.78584206024922,23.0,True,False,Stockout Risk
FOODS_3_468_CA_1_validation,2016-03-28,10,12.211838526878358,22.0,0,2,24.423677053756716,22.0,True,False,Stockout Risk
FOODS_3_468_CA_1_validation,2016-04-04,11,11.50134485732129,22.0,0,2,23.00268971464258,22.0,True,False,Stockout Risk
FOODS_3_468_CA_1_validation,2016-04-11,17,11.38849579486088,24.0,0,2,22.77699158972176,24.0,False,False,Normal
FOODS_3_468_CA_1_validation,2016-04-18,15,12.899178158043656,26.0,0,2,25.79835631608731,26.0,False,False,Normal
FOODS_3_469_CA_1_validation,2016-03-14,23,22.08140786021668,46.0,0,2,44.16281572043336,46.0,False,False,Normal
FOODS_3_469_CA_1_validation,2016-03-21,16,21.46709216737886,39.0,0,2,42.93418433475772,39.0,True,False,Stockout Risk
FOODS_3_469_CA_1_validation,2016-03-28,21,19.4850087074125,40.0,0,2,38.970017414825,40.0,False,False,Normal
FOODS_3_469_CA_1_validation,2016-04-04,17,21.83805997348111,38.0,0,2,43.67611994696222,38.0,True,False,Stockout Risk
FOODS_3_469_CA_1_validation,2016-04-11,28,19.38089810379785,41.0,0,2,38.7617962075957,41.0,False,False,Normal
FOODS_3_469_CA_1_validation,2016-04-18,31,21.543632599259467,48.0,0,2,43.087265198518935,48.0,False,False,Normal
FOODS_3_470_CA_1_validation,2016-03-14,12,9.058862725797171,24.0,0,2,18.117725451594342,24.0,False,False,Normal
FOODS_3_470_CA_1_validation,2016-03-21,15,10.075035018818598,27.0,0,2,20.150070037637196,27.0,False,False,Normal
FOODS_3_470_CA_1_validation,2016-03-28,6,11.002271893115118,22.0,0,2,22.004543786230236,22.0,True,False,Stockout Risk
FOODS_3_470_CA_1_validation,2016-04-04,12,10.054711283758856,22.0,0,2,20.10942256751771,22.0,False,False,Normal
FOODS_3_470_CA_1_validation,2016-04-11,7,10.155117034558064,20.0,0,2,20.310234069116127,20.0,True,False,Stockout Risk
FOODS_3_470_CA_1_validation,2016-04-18,6,9.756088540228928,16.0,0,2,19.512177080457857,16.0,True,False,Stockout Risk
FOODS_3_471_CA_1_validation,2016-03-14,2,2.8997684486902955,4.0,0,2,5.799536897380591,4.0,True,False,Stockout Risk
FOODS_3_471_CA_1_validation,2016-03-21,2,2.8561701984672734,4.0,0,2,5.712340396934547,4.0,True,False,Stockout Risk
FOODS_3_471_CA_1_validation,2016-03-28,0,2.9659815566343197,3.0,0,2,5.9319631132686395,3.0,True,False,Stockout Risk
FOODS_3_471_CA_1_validation,2016-04-04,3,1.2091454856713904,4.0,0,2,2.4182909713427807,4.0,False,False,Normal
FOODS_3_471_CA_1_validation,2016-04-11,1,3.473619685785094,3.0,0,2,6.947239371570188,3.0,True,False,Stockout Risk
FOODS_3_471_CA_1_validation,2016-04-18,1,2.380414937452472,2.0,0,2,4.760829874904944,2.0,True,False,Stockout Risk
FOODS_3_472_CA_1_validation,2016-03-14,2,3.481771179152926,4.0,0,2,6.963542358305852,4.0,True,False,Stockout Risk
FOODS_3_472_CA_1_validation,2016-03-21,7,3.361089787503339,9.0,0,2,6.722179575006678,9.0,False,False,Normal
FOODS_3_472_CA_1_validation,2016-03-28,4,4.704564650514434,9.0,0,2,9.409129301028868,9.0,True,False,Stockout Risk
FOODS_3_472_CA_1_validation,2016-04-04,3,4.79226062007643,8.0,0,2,9.58452124015286,8.0,True,False,Stockout Risk
FOODS_3_472_CA_1_validation,2016-04-11,3,4.151188617340052,8.0,0,2,8.302377234680105,8.0,True,False,Stockout Risk
FOODS_3_472_CA_1_validation,2016-04-18,4,3.8873911679568063,7.0,0,2,7.774782335913613,7.0,True,False,Stockout Risk
FOODS_3_473_CA_1_validation,2016-03-14,64,49.91310908226425,128.0,0,2,99.8262181645285,128.0,False,False,Normal
FOODS_3_473_CA_1_validation,2016-03-21,45,54.901813421853895,109.0,0,2,109.80362684370779,109.0,True,False,Stockout Risk
FOODS_3_473_CA_1_validation,2016-03-28,65,51.8245319361694,116.0,0,2,103.6490638723388,116.0,False,False,Normal
FOODS_3_473_CA_1_validation,2016-04-04,62,58.21980601929688,118.0,0,2,116.43961203859376,118.0,False,False,Normal
FOODS_3_473_CA_1_validation,2016-04-11,44,56.63171097417774,108.0,0,2,113.26342194835549,108.0,True,False,Stockout Risk
FOODS_3_473_CA_1_validation,2016-04-18,57,50.45833661251291,114.0,0,2,100.91667322502582,114.0,False,False,Normal
FOODS_3_474_CA_1_validation,2016-03-14,28,23.23283000747086,56.0,0,2,46.46566001494172,56.0,False,False,Normal
FOODS_3_474_CA_1_validation,2016-03-21,30,23.832685483740303,58.0,0,2,47.665370967480605,58.0,False,False,Normal
FOODS_3_474_CA_1_validation,2016-03-28,13,26.791158508347667,47.0,0,2,53.582317016695335,47.0,True,False,Stockout Risk
FOODS_3_474_CA_1_validation,2016-04-04,28,22.22113827159519,50.0,0,2,44.44227654319038,50.0,False,False,Normal
FOODS_3_474_CA_1_validation,2016-04-11,60,24.76977878323373,66.0,0,2,49.53955756646746,66.0,False,False,Normal
FOODS_3_474_CA_1_validation,2016-04-18,86,38.61727602836816,94.0,0,2,77.23455205673632,94.0,False,False,Normal
FOODS_3_475_CA_1_validation,2016-03-14,9,8.382044647702482,18.0,0,2,16.764089295404965,18.0,False,False,Normal
FOODS_3_475_CA_1_validation,2016-03-21,10,8.398892765982662,19.0,0,2,16.797785531965324,19.0,False,False,Normal
FOODS_3_475_CA_1_validation,2016-03-28,6,8.764421298839924,17.0,0,2,17.528842597679848,17.0,True,False,Stockout Risk
FOODS_3_475_CA_1_validation,2016-04-04,5,7.861844063494419,15.0,0,2,15.723688126988838,15.0,True,False,Stockout Risk
FOODS_3_475_CA_1_validation,2016-04-11,1,6.562989673511189,11.0,0,2,13.125979347022378,11.0,True,False,Stockout Risk
FOODS_3_475_CA_1_validation,2016-04-18,0,4.340051140479322,6.0,0,2,8.680102280958645,6.0,True,False,Stockout Risk
FOODS_3_476_CA_1_validation,2016-03-14,27,26.639459670138496,54.0,0,2,53.27891934027699,54.0,False,False,Normal
FOODS_3_476_CA_1_validation,2016-03-21,37,26.613722104339097,64.0,0,2,53.22744420867819,64.0,False,False,Normal
FOODS_3_476_CA_1_validation,2016-03-28,37,28.691912210836445,67.0,0,2,57.38382442167289,67.0,False,False,Normal
FOODS_3_476_CA_1_validation,2016-04-04,43,31.34024161858702,72.0,0,2,62.68048323717404,72.0,False,False,Normal
FOODS_3_476_CA_1_validation,2016-04-11,29,35.352817033310565,73.0,0,2,70.70563406662113,73.0,False,False,Normal
FOODS_3_476_CA_1_validation,2016-04-18,15,32.70295465688338,62.0,0,2,65.40590931376676,62.0,True,False,Stockout Risk
FOODS_3_477_CA_1_validation,2016-03-14,43,35.65669455640787,86.0,0,2,71.31338911281574,86.0,False,False,Normal
FOODS_3_477_CA_1_validation,2016-03-21,42,37.998919038648175,85.0,0,2,75.99783807729635,85.0,False,False,Normal
FOODS_3_477_CA_1_validation,2016-03-28,37,37.372176507259525,81.0,0,2,74.74435301451905,81.0,False,False,Normal
FOODS_3_477_CA_1_validation,2016-04-04,42,36.98589803069142,82.0,0,2,73.97179606138285,82.0,False,False,Normal
FOODS_3_477_CA_1_validation,2016-04-11,31,40.19355781335823,76.0,0,2,80.38711562671647,76.0,True,False,Stockout Risk
FOODS_3_477_CA_1_validation,2016-04-18,33,34.30073580978325,72.0,0,2,68.6014716195665,72.0,False,False,Normal
FOODS_3_478_CA_1_validation,2016-03-14,0,4.129502275386091,0.0,0,2,8.259004550772183,0.0,True,False,Stockout Risk
FOODS_3_478_CA_1_validation,2016-03-21,1,1.4077978857589402,1.0,0,2,2.8155957715178803,1.0,True,False,Stockout Risk
FOODS_3_478_CA_1_validation,2016-03-28,7,2.83952745362928,5.0,0,2,5.67905490725856,5.0,True,False,Stockout Risk
FOODS_3_478_CA_1_validation,2016-04-04,4,4.833467924851595,6.0,0,2,9.66693584970319,6.0,True,False,Stockout Risk
FOODS_3_478_CA_1_validation,2016-04-11,0,4.835966154576944,6.0,0,2,9.671932309153888,6.0,True,False,Stockout Risk
FOODS_3_478_CA_1_validation,2016-04-18,0,1.3481651620167776,6.0,0,2,2.696330324033555,6.0,False,False,Normal
FOODS_3_479_CA_1_validation,2016-03-14,10,6.456626760850626,20.0,0,2,12.913253521701252,20.0,False,False,Normal
FOODS_3_479_CA_1_validation,2016-03-21,5,7.892446352761865,15.0,0,2,15.78489270552373,15.0,True,False,Stockout Risk
FOODS_3_479_CA_1_validation,2016-03-28,8,7.223364505412189,15.0,0,2,14.446729010824377,15.0,False,False,Normal
FOODS_3_479_CA_1_validation,2016-04-04,13,7.522764541574528,18.0,0,2,15.045529083149056,18.0,False,False,Normal
FOODS_3_479_CA_1_validation,2016-04-11,4,9.00772053307466,15.0,0,2,18.01544106614932,15.0,True,False,Stockout Risk
FOODS_3_479_CA_1_validation,2016-04-18,3,6.630037456055259,14.0,0,2,13.260074912110518,14.0,False,False,Normal
FOODS_3_480_CA_1_validation,2016-03-14,9,8.323806259969736,18.0,0,2,16.64761251993947,18.0,False,False,Normal
FOODS_3_480_CA_1_validation,2016-03-21,10,7.294835318637926,19.0,0,2,14.589670637275852,19.0,False,False,Normal
FOODS_3_480_CA_1_validation,2016-03-28,0,8.32482203161451,13.0,0,2,16.64964406322902,13.0,True,False,Stockout Risk
FOODS_3_480_CA_1_validation,2016-04-04,5,4.206919284671614,12.0,0,2,8.413838569343229,12.0,False,False,Normal
FOODS_3_480_CA_1_validation,2016-04-11,7,5.274340702274322,11.0,0,2,10.548681404548644,11.0,False,False,Normal
FOODS_3_480_CA_1_validation,2016-04-18,13,5.759866380409684,12.0,0,2,11.519732760819368,12.0,False,False,Normal
FOODS_3_481_CA_1_validation,2016-03-14,10,19.74738542240577,20.0,0,2,39.49477084481154,20.0,True,False,Stockout Risk
FOODS_3_481_CA_1_validation,2016-03-21,24,17.06703614720042,34.0,0,2,34.13407229440084,34.0,True,False,Stockout Risk
FOODS_3_481_CA_1_validation,2016-03-28,18,18.807251783345897,35.0,0,2,37.614503566691795,35.0,True,False,Stockout Risk
FOODS_3_481_CA_1_validation,2016-04-04,18,17.00360437163498,35.0,0,2,34.00720874326996,35.0,False,False,Normal
FOODS_3_481_CA_1_validation,2016-04-11,8,17.433622166914443,34.0,0,2,34.867244333828886,34.0,True,False,Stockout Risk
FOODS_3_481_CA_1_validation,2016-04-18,22,14.476444096340536,33.0,0,2,28.952888192681073,33.0,False,False,Normal
FOODS_3_482_CA_1_validation,2016-03-14,13,15.585809900782268,26.0,0,2,31.171619801564535,26.0,True,False,Stockout Risk
FOODS_3_482_CA_1_validation,2016-03-21,8,14.334676902421627,21.0,0,2,28.669353804843254,21.0,True,False,Stockout Risk
FOODS_3_482_CA_1_validation,2016-03-28,10,12.05432608525734,21.0,0,2,24.10865217051468,21.0,True,False,Stockout Risk
FOODS_3_482_CA_1_validation,2016-04-04,8,11.489862869805323,20.0,0,2,22.979725739610647,20.0,True,False,Stockout Risk
FOODS_3_482_CA_1_validation,2016-04-11,15,10.283812899745175,20.0,0,2,20.56762579949035,20.0,True,False,Stockout Risk
FOODS_3_482_CA_1_validation,2016-04-18,14,12.012144305378268,24.0,0,2,24.024288610756535,24.0,True,False,Stockout Risk
FOODS_3_483_CA_1_validation,2016-03-14,0,2.064398049945362,0.0,0,2,4.128796099890724,0.0,True,False,Stockout Risk
FOODS_3_483_CA_1_validation,2016-03-21,0,1.7083038005968878,0.0,0,2,3.4166076011937756,0.0,True,False,Stockout Risk
FOODS_3_483_CA_1_validation,2016-03-28,0,0.9691177175484156,0.0,0,2,1.9382354350968312,0.0,True,False,Stockout Risk
FOODS_3_483_CA_1_validation,2016-04-04,0,0.6077830557010407,0.0,0,2,1.2155661114020815,0.0,True,False,Stockout Risk
FOODS_3_483_CA_1_validation,2016-04-11,0,0.3613841624801346,0.0,0,2,0.7227683249602692,0.0,True,False,Stockout Risk
FOODS_3_483_CA_1_validation,2016-04-18,0,0.3742540594074448,0.0,0,2,0.7485081188148895,0.0,True,False,Stockout Risk
FOODS_3_484_CA_1_validation,2016-03-14,2,4.43604865077349,4.0,0,2,8.87209730154698,4.0,True,False,Stockout Risk
FOODS_3_484_CA_1_validation,2016-03-21,4,3.3131113562239185,6.0,0,2,6.626222712447837,6.0,True,False,Stockout Risk
FOODS_3_484_CA_1_validation,2016-03-28,2,4.087239066061096,5.0,0,2,8.174478132122193,5.0,True,False,Stockout Risk
FOODS_3_484_CA_1_validation,2016-04-04,5,3.8039809548609207,6.0,0,2,7.607961909721841,6.0,True,False,Stockout Risk
FOODS_3_484_CA_1_validation,2016-04-11,3,4.261483844257224,7.0,0,2,8.522967688514449,7.0,True,False,Stockout Risk
FOODS_3_484_CA_1_validation,2016-04-18,6,3.8989321706311584,8.0,0,2,7.797864341262317,8.0,False,False,Normal
FOODS_3_485_CA_1_validation,2016-03-14,9,21.260306243872098,18.0,0,2,42.520612487744195,18.0,True,False,Stockout Risk
FOODS_3_485_CA_1_validation,2016-03-21,19,16.29352304376733,28.0,0,2,32.58704608753466,28.0,True,False,Stockout Risk
FOODS_3_485_CA_1_validation,2016-03-28,16,18.315075110810135,29.0,0,2,36.63015022162027,29.0,True,False,Stockout Risk
FOODS_3_485_CA_1_validation,2016-04-04,12,17.778253178966732,28.0,0,2,35.556506357933465,28.0,True,False,Stockout Risk
FOODS_3_485_CA_1_validation,2016-04-11,12,13.7114711829643,30.0,0,2,27.4229423659286,30.0,False,False,Normal
FOODS_3_485_CA_1_validation,2016-04-18,26,14.707301021438171,33.0,0,2,29.414602042876343,33.0,False,False,Normal
FOODS_3_486_CA_1_validation,2016-03-14,1,5.1151614564900365,2.0,0,2,10.230322912980073,2.0,True,False,Stockout Risk
FOODS_3_486_CA_1_validation,2016-03-21,0,3.2153165648219777,1.0,0,2,6.430633129643955,1.0,True,False,Stockout Risk
FOODS_3_486_CA_1_validation,2016-03-28,6,1.3255239063385214,5.0,0,2,2.6510478126770427,5.0,False,False,Normal
FOODS_3_486_CA_1_validation,2016-04-04,9,5.198792367580801,8.0,0,2,10.397584735161603,8.0,True,False,Stockout Risk
FOODS_3_486_CA_1_validation,2016-04-11,6,5.919523783537913,10.0,0,2,11.839047567075825,10.0,True,False,Stockout Risk
FOODS_3_486_CA_1_validation,2016-04-18,3,5.86962305901123,12.0,0,2,11.73924611802246,12.0,False,False,Normal
FOODS_3_487_CA_1_validation,2016-03-14,9,8.14082070714385,18.0,0,2,16.2816414142877,18.0,False,False,Normal
FOODS_3_487_CA_1_validation,2016-03-21,9,9.360460666634644,18.0,0,2,18.72092133326929,18.0,True,False,Stockout Risk
FOODS_3_487_CA_1_validation,2016-03-28,22,9.701522073335031,27.0,0,2,19.403044146670062,27.0,False,False,Normal
FOODS_3_487_CA_1_validation,2016-04-04,7,14.631081313955065,24.0,0,2,29.26216262791013,24.0,True,False,Stockout Risk
FOODS_3_487_CA_1_validation,2016-04-11,11,10.00767354695609,24.0,0,2,20.01534709391218,24.0,False,False,Normal
FOODS_3_487_CA_1_validation,2016-04-18,13,10.090686157696076,26.0,0,2,20.181372315392153,26.0,False,False,Normal
FOODS_3_488_CA_1_validation,2016-03-14,3,5.560375708322574,6.0,0,2,11.120751416645149,6.0,True,False,Stockout Risk
FOODS_3_488_CA_1_validation,2016-03-21,11,4.418198013250316,14.0,0,2,8.836396026500632,14.0,False,False,Normal
FOODS_3_488_CA_1_validation,2016-03-28,6,6.49987609040447,13.0,0,2,12.99975218080894,13.0,False,False,Normal
FOODS_3_488_CA_1_validation,2016-04-04,12,6.693342328296936,16.0,0,2,13.386684656593872,16.0,False,False,Normal
FOODS_3_488_CA_1_validation,2016-04-11,6,8.169906033345995,18.0,0,2,16.33981206669199,18.0,False,False,Normal
FOODS_3_488_CA_1_validation,2016-04-18,9,7.588918479980411,16.0,0,2,15.177836959960821,16.0,False,False,Normal
FOODS_3_489_CA_1_validation,2016-03-14,27,24.64964760488911,54.0,0,2,49.29929520977822,54.0,False,False,Normal
FOODS_3_489_CA_1_validation,2016-03-21,21,27.19973576641848,48.0,0,2,54.39947153283696,48.0,True,False,Stockout Risk
FOODS_3_489_CA_1_validation,2016-03-28,17,24.87012271406329,43.0,0,2,49.74024542812658,43.0,True,False,Stockout Risk
FOODS_3_489_CA_1_validation,2016-04-04,24,22.93148148047172,44.0,0,2,45.86296296094344,44.0,True,False,Stockout Risk
FOODS_3_489_CA_1_validation,2016-04-11,25,21.893829085674778,44.0,0,2,43.787658171349555,44.0,False,False,Normal
FOODS_3_489_CA_1_validation,2016-04-18,11,23.214145084692404,38.0,0,2,46.42829016938481,38.0,True,False,Stockout Risk
FOODS_3_490_CA_1_validation,2016-03-14,5,10.58873049189453,10.0,0,2,21.17746098378906,10.0,True,False,Stockout Risk
FOODS_3_490_CA_1_validation,2016-03-21,13,8.787872712371188,18.0,0,2,17.575745424742376,18.0,False,False,Normal
FOODS_3_490_CA_1_validation,2016-03-28,14,10.441013833778308,21.0,0,2,20.882027667556617,21.0,False,False,Normal
FOODS_3_490_CA_1_validation,2016-04-04,15,10.977046037816056,24.0,0,2,21.95409207563211,24.0,False,False,Normal
FOODS_3_490_CA_1_validation,2016-04-11,6,11.455039077721349,24.0,0,2,22.910078155442697,24.0,False,False,Normal
FOODS_3_490_CA_1_validation,2016-04-18,9,10.016800400322548,22.0,0,2,20.033600800645097,22.0,False,False,Normal
FOODS_3_491_CA_1_validation,2016-03-14,94,95.56244995105652,188.0,0,2,191.12489990211304,188.0,True,False,Stockout Risk
FOODS_3_491_CA_1_validation,2016-03-21,97,85.98603792046411,191.0,0,2,171.97207584092823,191.0,False,False,Normal
FOODS_3_491_CA_1_validation,2016-03-28,96,94.60041121490276,191.0,0,2,189.20082242980553,191.0,False,False,Normal
FOODS_3_491_CA_1_validation,2016-04-04,85,94.2442699804765,186.0,0,2,188.488539960953,186.0,True,False,Stockout Risk
FOODS_3_491_CA_1_validation,2016-04-11,59,92.94409412229008,168.0,0,2,185.88818824458016,168.0,True,False,Stockout Risk
FOODS_3_491_CA_1_validation,2016-04-18,75,70.91137473967417,158.0,0,2,141.82274947934835,158.0,False,False,Normal
FOODS_3_492_CA_1_validation,2016-03-14,5,7.882904398367016,10.0,0,2,15.765808796734031,10.0,True,False,Stockout Risk
FOODS_3_492_CA_1_validation,2016-03-21,8,6.572284905603105,13.0,0,2,13.14456981120621,13.0,True,False,Stockout Risk
FOODS_3_492_CA_1_validation,2016-03-28,3,6.891844807561298,11.0,0,2,13.783689615122595,11.0,True,False,Stockout Risk
FOODS_3_492_CA_1_validation,2016-04-04,8,6.497785030076204,12.0,0,2,12.995570060152408,12.0,True,False,Stockout Risk
FOODS_3_492_CA_1_validation,2016-04-11,15,6.148402130730918,17.0,0,2,12.296804261461835,17.0,False,False,Normal
FOODS_3_492_CA_1_validation,2016-04-18,11,9.456784344864698,18.0,0,2,18.913568689729395,18.0,True,False,Stockout Risk
FOODS_3_493_CA_1_validation,2016-03-14,24,21.02535659674817,48.0,0,2,42.05071319349634,48.0,False,False,Normal
FOODS_3_493_CA_1_validation,2016-03-21,19,19.912339493117333,43.0,0,2,39.824678986234666,43.0,False,False,Normal
FOODS_3_493_CA_1_validation,2016-03-28,15,16.29908885365847,39.0,0,2,32.59817770731694,39.0,False,False,Normal
FOODS_3_493_CA_1_validation,2016-04-04,17,17.398570270460727,38.0,0,2,34.797140540921454,38.0,False,False,Normal
FOODS_3_493_CA_1_validation,2016-04-11,21,17.250363292445797,36.0,0,2,34.500726584891595,36.0,False,False,Normal
FOODS_3_493_CA_1_validation,2016-04-18,13,18.19696577135215,33.0,0,2,36.3939315427043,33.0,True,False,Stockout Risk
FOODS_3_494_CA_1_validation,2016-03-14,4,9.638147013797026,8.0,0,2,19.27629402759405,8.0,True,False,Stockout Risk
FOODS_3_494_CA_1_validation,2016-03-21,8,8.419296798305979,12.0,0,2,16.838593596611958,12.0,True,False,Stockout Risk
FOODS_3_494_CA_1_validation,2016-03-28,2,8.0963145507569,9.0,0,2,16.1926291015138,9.0,True,False,Stockout Risk
FOODS_3_494_CA_1_validation,2016-04-04,16,5.511722355039677,15.0,0,2,11.023444710079353,15.0,False,False,Normal
FOODS_3_494_CA_1_validation,2016-04-11,16,10.847901183654624,21.0,0,2,21.69580236730925,21.0,True,False,Stockout Risk
FOODS_3_494_CA_1_validation,2016-04-18,4,11.495899154429894,19.0,0,2,22.99179830885979,19.0,True,False,Stockout Risk
FOODS_3_495_CA_1_validation,2016-03-14,4,6.679263222572184,8.0,0,2,13.358526445144369,8.0,True,False,Stockout Risk
FOODS_3_495_CA_1_validation,2016-03-21,3,5.925218546051374,7.0,0,2,11.850437092102748,7.0,True,False,Stockout Risk
FOODS_3_495_CA_1_validation,2016-03-28,6,5.031687580790892,9.0,0,2,10.063375161581783,9.0,True,False,Stockout Risk
FOODS_3_495_CA_1_validation,2016-04-04,6,5.779660732444063,10.0,0,2,11.559321464888127,10.0,True,False,Stockout Risk
FOODS_3_495_CA_1_validation,2016-04-11,4,5.465371049094117,10.0,0,2,10.930742098188235,10.0,True,False,Stockout Risk
FOODS_3_495_CA_1_validation,2016-04-18,1,5.227561564780919,8.0,0,2,10.455123129561837,8.0,True,False,Stockout Risk
FOODS_3_496_CA_1_validation,2016-03-14,15,11.803109008058964,30.0,0,2,23.60621801611793,30.0,False,False,Normal
FOODS_3_496_CA_1_validation,2016-03-21,12,13.213600164103264,27.0,0,2,26.427200328206528,27.0,False,False,Normal
FOODS_3_496_CA_1_validation,2016-03-28,15,12.872276497794424,28.0,0,2,25.744552995588847,28.0,False,False,Normal
FOODS_3_496_CA_1_validation,2016-04-04,19,13.371850983830244,30.0,0,2,26.74370196766049,30.0,False,False,Normal
FOODS_3_496_CA_1_validation,2016-04-11,13,14.622427178312106,30.0,0,2,29.244854356624213,30.0,False,False,Normal
FOODS_3_496_CA_1_validation,2016-04-18,18,13.493737756582531,32.0,0,2,26.987475513165062,32.0,False,False,Normal
FOODS_3_497_CA_1_validation,2016-03-14,4,9.264279469956252,8.0,0,2,18.528558939912504,8.0,True,False,Stockout Risk
FOODS_3_497_CA_1_validation,2016-03-21,12,7.543167560231897,16.0,0,2,15.086335120463794,16.0,False,False,Normal
FOODS_3_497_CA_1_validation,2016-03-28,8,9.711678995135069,16.0,0,2,19.423357990270137,16.0,True,False,Stockout Risk
FOODS_3_497_CA_1_validation,2016-04-04,14,9.276817008676607,19.0,0,2,18.553634017353215,19.0,False,False,Normal
FOODS_3_497_CA_1_validation,2016-04-11,15,10.066745381035467,24.0,0,2,20.133490762070934,24.0,False,False,Normal
FOODS_3_497_CA_1_validation,2016-04-18,8,10.96806846324249,22.0,0,2,21.93613692648498,22.0,False,False,Normal
FOODS_3_498_CA_1_validation,2016-03-14,14,28.03336726804596,28.0,0,2,56.06673453609192,28.0,True,False,Stockout Risk
FOODS_3_498_CA_1_validation,2016-03-21,1,23.102414110042258,15.0,0,2,46.204828220084515,15.0,True,False,Stockout Risk
FOODS_3_498_CA_1_validation,2016-03-28,64,10.101548839757536,53.0,0,2,20.20309767951507,53.0,False,False,Normal
FOODS_3_498_CA_1_validation,2016-04-04,30,47.19164570803228,54.0,0,2,94.38329141606457,54.0,True,False,Stockout Risk
FOODS_3_498_CA_1_validation,2016-04-11,28,26.951084718109215,62.0,0,2,53.90216943621843,62.0,False,False,Normal
FOODS_3_498_CA_1_validation,2016-04-18,48,29.82909768602142,85.0,0,2,59.65819537204284,85.0,False,False,Normal
FOODS_3_499_CA_1_validation,2016-03-14,114,71.86801227898685,228.0,0,2,143.7360245579737,228.0,False,False,Normal
FOODS_3_499_CA_1_validation,2016-03-21,30,131.0400928683637,144.0,0,2,262.0801857367274,144.0,True,False,Stockout Risk
FOODS_3_499_CA_1_validation,2016-03-28,142,59.76926517267784,191.0,0,2,119.53853034535568,191.0,False,False,Normal
FOODS_3_499_CA_1_validation,2016-04-04,82,147.09286071010223,184.0,0,2,294.18572142020446,184.0,True,False,Stockout Risk
FOODS_3_499_CA_1_validation,2016-04-11,96,91.39607989327702,175.0,0,2,182.79215978655404,175.0,True,False,Stockout Risk
FOODS_3_499_CA_1_validation,2016-04-18,91,94.50305603459738,206.0,0,2,189.00611206919476,206.0,False,False,Normal
FOODS_3_500_CA_1_validation,2016-03-14,1,2.8561701984672734,2.0,0,2,5.712340396934547,2.0,True,False,Stockout Risk
FOODS_3_500_CA_1_validation,2016-03-21,1,2.4334044897432023,2.0,0,2,4.866808979486405,2.0,True,False,Stockout Risk
FOODS_3_500_CA_1_validation,2016-03-28,3,2.5448471062781244,3.0,0,2,5.089694212556249,3.0,True,False,Stockout Risk
FOODS_3_500_CA_1_validation,2016-04-04,0,3.540103702873025,2.0,0,2,7.08020740574605,2.0,True,False,Stockout Risk
FOODS_3_500_CA_1_validation,2016-04-11,2,0.9792966638200388,3.0,0,2,1.9585933276400775,3.0,False,False,Normal
FOODS_3_500_CA_1_validation,2016-04-18,0,3.009327206632362,2.0,0,2,6.018654413264724,2.0,True,False,Stockout Risk
FOODS_3_501_CA_1_validation,2016-03-14,212,193.13429143381276,424.0,0,2,386.2685828676255,424.0,False,False,Normal
FOODS_3_501_CA_1_validation,2016-03-21,143,185.2140576683404,355.0,0,2,370.4281153366808,355.0,True,False,Stockout Risk
FOODS_3_501_CA_1_validation,2016-03-28,213,162.73113681803906,379.0,0,2,325.4622736360781,379.0,False,False,Normal
FOODS_3_501_CA_1_validation,2016-04-04,276,183.2933092749335,422.0,0,2,366.586618549867,422.0,False,False,Normal
FOODS_3_501_CA_1_validation,2016-04-11,169,210.1949443347813,400.0,0,2,420.3898886695626,400.0,True,False,Stockout Risk
FOODS_3_501_CA_1_validation,2016-04-18,110,185.10683551343143,384.0,0,2,370.21367102686287,384.0,False,False,Normal
FOODS_3_502_CA_1_validation,2016-03-14,12,11.059048008211557,24.0,0,2,22.118096016423113,24.0,False,False,Normal
FOODS_3_502_CA_1_validation,2016-03-21,10,11.660432181336402,22.0,0,2,23.320864362672804,22.0,True,False,Stockout Risk
FOODS_3_502_CA_1_validation,2016-03-28,12,10.770002213994356,23.0,0,2,21.540004427988713,23.0,False,False,Normal
FOODS_3_502_CA_1_validation,2016-04-04,18,10.927948845494374,26.0,0,2,21.855897690988748,26.0,False,False,Normal
FOODS_3_502_CA_1_validation,2016-04-11,2,12.730733808132788,21.0,0,2,25.461467616265576,21.0,True,False,Stockout Risk
FOODS_3_502_CA_1_validation,2016-04-18,21,8.17872554538528,26.0,0,2,16.35745109077056,26.0,False,False,Normal
FOODS_3_503_CA_1_validation,2016-03-14,22,16.07139678024657,44.0,0,2,32.14279356049314,44.0,False,False,Normal
FOODS_3_503_CA_1_validation,2016-03-21,37,16.949527329620743,59.0,0,2,33.899054659241486,59.0,False,False,Normal
FOODS_3_503_CA_1_validation,2016-03-28,40,25.62111251434884,66.0,0,2,51.24222502869768,66.0,False,False,Normal
FOODS_3_503_CA_1_validation,2016-04-04,42,31.22577834730723,70.0,0,2,62.45155669461446,70.0,False,False,Normal
FOODS_3_503_CA_1_validation,2016-04-11,33,32.72509227539016,76.0,0,2,65.45018455078032,76.0,False,False,Normal
FOODS_3_503_CA_1_validation,2016-04-18,23,30.78201694968312,69.0,0,2,61.56403389936624,69.0,False,False,Normal
FOODS_3_504_CA_1_validation,2016-03-14,7,10.134440542915424,14.0,0,2,20.26888108583085,14.0,True,False,Stockout Risk
FOODS_3_504_CA_1_validation,2016-03-21,23,9.254506503142064,30.0,0,2,18.50901300628413,30.0,False,False,Normal
FOODS_3_504_CA_1_validation,2016-03-28,14,15.591041347118567,29.0,0,2,31.182082694237135,29.0,True,False,Stockout Risk
FOODS_3_504_CA_1_validation,2016-04-04,19,13.846037237074936,32.0,0,2,27.692074474149873,32.0,False,False,Normal
FOODS_3_504_CA_1_validation,2016-04-11,19,15.246240606547518,38.0,0,2,30.492481213095036,38.0,False,False,Normal
FOODS_3_504_CA_1_validation,2016-04-18,15,16.909908952004336,34.0,0,2,33.81981790400867,34.0,False,False,Normal
FOODS_3_505_CA_1_validation,2016-03-14,19,20.20327108347541,38.0,0,2,40.40654216695082,38.0,True,False,Stockout Risk
FOODS_3_505_CA_1_validation,2016-03-21,24,18.93310310171684,43.0,0,2,37.86620620343368,43.0,False,False,Normal
FOODS_3_505_CA_1_validation,2016-03-28,21,21.23002998578712,43.0,0,2,42.46005997157424,43.0,False,False,Normal
FOODS_3_505_CA_1_validation,2016-04-04,18,21.94678455621409,41.0,0,2,43.89356911242818,41.0,True,False,Stockout Risk
FOODS_3_505_CA_1_validation,2016-04-11,24,18.866996638800963,44.0,0,2,37.733993277601925,44.0,False,False,Normal
FOODS_3_505_CA_1_validation,2016-04-18,10,21.05805570290592,36.0,0,2,42.11611140581184,36.0,True,False,Stockout Risk
FOODS_3_506_CA_1_validation,2016-03-14,0,1.043850061217488,0.0,0,2,2.087700122434976,0.0,True,False,Stockout Risk
FOODS_3_506_CA_1_validation,2016-03-21,2,0.967157905556561,2.0,0,2,1.934315811113122,2.0,False,False,Normal
FOODS_3_506_CA_1_validation,2016-03-28,0,3.0738806040298106,1.0,0,2,6.147761208059621,1.0,True,False,Stockout Risk
FOODS_3_506_CA_1_validation,2016-04-04,0,1.3059777672483002,1.0,0,2,2.6119555344966003,1.0,True,False,Stockout Risk
FOODS_3_506_CA_1_validation,2016-04-11,1,0.8747508394466008,2.0,0,2,1.7495016788932016,2.0,False,False,Normal
FOODS_3_506_CA_1_validation,2016-04-18,1,2.2554961650392777,1.0,0,2,4.5109923300785555,1.0,True,False,Stockout Risk
FOODS_3_507_CA_1_validation,2016-03-14,4,4.90220575681774,8.0,0,2,9.80441151363548,8.0,True,False,Stockout Risk
FOODS_3_507_CA_1_validation,2016-03-21,8,4.649414469250348,12.0,0,2,9.298828938500696,12.0,False,False,Normal
FOODS_3_507_CA_1_validation,2016-03-28,5,5.80540489117998,11.0,0,2,11.61080978235996,11.0,True,False,Stockout Risk
FOODS_3_507_CA_1_validation,2016-04-04,1,5.745874486702148,9.0,0,2,11.491748973404295,9.0,True,False,Stockout Risk
FOODS_3_507_CA_1_validation,2016-04-11,4,3.797825471805109,9.0,0,2,7.595650943610218,9.0,False,False,Normal
FOODS_3_507_CA_1_validation,2016-04-18,6,4.80982224356806,8.0,0,2,9.61964448713612,8.0,True,False,Stockout Risk
FOODS_3_508_CA_1_validation,2016-03-14,8,7.988468887452264,16.0,0,2,15.976937774904528,16.0,False,False,Normal
FOODS_3_508_CA_1_validation,2016-03-21,13,7.7222333034797614,21.0,0,2,15.444466606959523,21.0,False,False,Normal
FOODS_3_508_CA_1_validation,2016-03-28,1,9.50418287801501,15.0,0,2,19.00836575603002,15.0,True,False,Stockout Risk
FOODS_3_508_CA_1_validation,2016-04-04,10,6.054623868491466,16.0,0,2,12.109247736982931,16.0,False,False,Normal
FOODS_3_508_CA_1_validation,2016-04-11,4,7.920168211880671,14.0,0,2,15.840336423761341,14.0,True,False,Stockout Risk
FOODS_3_508_CA_1_validation,2016-04-18,5,6.573032098600507,10.0,0,2,13.146064197201014,10.0,True,False,Stockout Risk
FOODS_3_509_CA_1_validation,2016-03-14,10,9.293360240808726,20.0,0,2,18.58672048161745,20.0,False,False,Normal
FOODS_3_509_CA_1_validation,2016-03-21,15,9.9179071446408,25.0,0,2,19.8358142892816,25.0,False,False,Normal
FOODS_3_509_CA_1_validation,2016-03-28,17,11.332318971046677,28.0,0,2,22.664637942093353,28.0,False,False,Normal
FOODS_3_509_CA_1_validation,2016-04-04,11,12.571219279169448,26.0,0,2,25.142438558338895,26.0,False,False,Normal
FOODS_3_509_CA_1_validation,2016-04-11,6,11.622768162600902,24.0,0,2,23.245536325201805,24.0,False,False,Normal
FOODS_3_509_CA_1_validation,2016-04-18,21,10.171491957071014,28.0,0,2,20.342983914142028,28.0,False,False,Normal
FOODS_3_510_CA_1_validation,2016-03-14,3,3.4352281488381866,6.0,0,2,6.870456297676373,6.0,True,False,Stockout Risk
FOODS_3_510_CA_1_validation,2016-03-21,4,3.656482123540154,7.0,0,2,7.312964247080308,7.0,True,False,Stockout Risk
FOODS_3_510_CA_1_validation,2016-03-28,0,3.8778515303674665,5.0,0,2,7.755703060734933,5.0,True,False,Stockout Risk
FOODS_3_510_CA_1_validation,2016-04-04,0,1.5945640552376836,4.0,0,2,3.1891281104753673,4.0,False,False,Normal
FOODS_3_510_CA_1_validation,2016-04-11,0,0.9191545795286676,2.0,0,2,1.8383091590573353,2.0,False,False,Normal
FOODS_3_510_CA_1_validation,2016-04-18,3,0.9062846826013576,2.0,0,2,1.8125693652027153,2.0,False,False,Normal
FOODS_3_511_CA_1_validation,2016-03-14,174,176.80454161610575,348.0,0,2,353.6090832322115,348.0,True,False,Stockout Risk
FOODS_3_511_CA_1_validation,2016-03-21,179,185.72470647602145,353.0,0,2,371.4494129520429,353.0,True,False,Stockout Risk
FOODS_3_511_CA_1_validation,2016-03-28,137,196.83541457645308,327.0,0,2,393.67082915290615,327.0,True,False,Stockout Risk
FOODS_3_511_CA_1_validation,2016-04-04,182,140.8324999160096,336.0,0,2,281.6649998320192,336.0,False,False,Normal
FOODS_3_511_CA_1_validation,2016-04-11,137,187.07546344428712,318.0,0,2,374.15092688857425,318.0,True,False,Stockout Risk
FOODS_3_511_CA_1_validation,2016-04-18,144,131.74521447610647,300.0,0,2,263.49042895221294,300.0,False,False,Normal
FOODS_3_512_CA_1_validation,2016-03-14,0,2.4334044897432023,0.0,0,2,4.866808979486405,0.0,True,False,Stockout Risk
FOODS_3_512_CA_1_validation,2016-03-21,2,1.043850061217488,2.0,0,2,2.087700122434976,2.0,True,False,Stockout Risk
FOODS_3_512_CA_1_validation,2016-03-28,2,3.0738806040298106,3.0,0,2,6.147761208059621,3.0,True,False,Stockout Risk
FOODS_3_512_CA_1_validation,2016-04-04,0,3.038015694290732,2.0,0,2,6.076031388581464,2.0,True,False,Stockout Risk
FOODS_3_512_CA_1_validation,2016-04-11,0,1.059578874027394,2.0,0,2,2.119157748054788,2.0,True,False,Stockout Risk
FOODS_3_512_CA_1_validation,2016-04-18,1,0.9191545795286676,2.0,0,2,1.8383091590573353,2.0,False,False,Normal
FOODS_3_513_CA_1_validation,2016-03-14,4,13.499873649467606,8.0,0,2,26.999747298935212,8.0,True,False,Stockout Risk
FOODS_3_513_CA_1_validation,2016-03-21,17,9.49605705404066,21.0,0,2,18.99211410808132,21.0,False,False,Normal
FOODS_3_513_CA_1_validation,2016-03-28,11,13.359479764320977,21.0,0,2,26.718959528641953,21.0,True,False,Stockout Risk
FOODS_3_513_CA_1_validation,2016-04-04,8,11.991955947325785,20.0,0,2,23.98391189465157,20.0,True,False,Stockout Risk
FOODS_3_513_CA_1_validation,2016-04-11,7,10.290950695679168,22.0,0,2,20.581901391358336,22.0,False,False,Normal
FOODS_3_513_CA_1_validation,2016-04-18,16,9.799274692270044,21.0,0,2,19.59854938454009,21.0,False,False,Normal
FOODS_3_514_CA_1_validation,2016-03-14,36,30.67922220170532,72.0,0,2,61.35844440341064,72.0,False,False,Normal
FOODS_3_514_CA_1_validation,2016-03-21,39,31.059597951935565,75.0,0,2,62.11919590387113,75.0,False,False,Normal
FOODS_3_514_CA_1_validation,2016-03-28,30,35.44910460320137,70.0,0,2,70.89820920640274,70.0,True,False,Stockout Risk
FOODS_3_514_CA_1_validation,2016-04-04,38,31.20530011031734,72.0,0,2,62.41060022063468,72.0,False,False,Normal
FOODS_3_514_CA_1_validation,2016-04-11,15,35.46582002931291,61.0,0,2,70.93164005862582,61.0,True,False,Stockout Risk
FOODS_3_514_CA_1_validation,2016-04-18,21,24.26024425390027,52.0,0,2,48.52048850780054,52.0,False,False,Normal
FOODS_3_515_CA_1_validation,2016-03-14,13,18.07920728885965,26.0,0,2,36.1584145777193,26.0,True,False,Stockout Risk
FOODS_3_515_CA_1_validation,2016-03-21,11,17.99382433970087,24.0,0,2,35.98764867940174,24.0,True,False,Stockout Risk
FOODS_3_515_CA_1_validation,2016-03-28,12,15.224904877536824,24.0,0,2,30.449809755073648,24.0,True,False,Stockout Risk
FOODS_3_515_CA_1_validation,2016-04-04,22,12.234421291491774,29.0,0,2,24.468842582983548,29.0,False,False,Normal
FOODS_3_515_CA_1_validation,2016-04-11,19,16.34907630719245,32.0,0,2,32.6981526143849,32.0,True,False,Stockout Risk
FOODS_3_515_CA_1_validation,2016-04-18,8,16.57641023738863,30.0,0,2,33.15282047477726,30.0,True,False,Stockout Risk
FOODS_3_516_CA_1_validation,2016-03-14,65,61.4243603909667,130.0,0,2,122.8487207819334,130.0,False,False,Normal
FOODS_3_516_CA_1_validation,2016-03-21,77,60.7243747522345,142.0,0,2,121.448749504469,142.0,False,False,Normal
FOODS_3_516_CA_1_validation,2016-03-28,64,70.5290713088062,137.0,0,2,141.0581426176124,137.0,True,False,Stockout Risk
FOODS_3_516_CA_1_validation,2016-04-04,64,67.12185361253071,135.0,0,2,134.24370722506143,135.0,False,False,Normal
FOODS_3_516_CA_1_validation,2016-04-11,70,63.28322016126568,138.0,0,2,126.56644032253136,138.0,False,False,Normal
FOODS_3_516_CA_1_validation,2016-04-18,61,65.1662519019905,130.0,0,2,130.332503803981,130.0,True,False,Stockout Risk
FOODS_3_517_CA_1_validation,2016-03-14,2,5.1544943602837145,4.0,0,2,10.308988720567429,4.0,True,False,Stockout Risk
FOODS_3_517_CA_1_validation,2016-03-21,2,4.199295522231624,4.0,0,2,8.398591044463249,4.0,True,False,Stockout Risk
FOODS_3_517_CA_1_validation,2016-03-28,3,3.730086134672625,5.0,0,2,7.46017226934525,5.0,True,False,Stockout Risk
FOODS_3_517_CA_1_validation,2016-04-04,4,4.060878485742905,6.0,0,2,8.12175697148581,6.0,True,False,Stockout Risk
FOODS_3_517_CA_1_validation,2016-04-11,2,4.050407301505801,6.0,0,2,8.100814603011601,6.0,True,False,Stockout Risk
FOODS_3_517_CA_1_validation,2016-04-18,7,3.248315754518181,8.0,0,2,6.496631509036362,8.0,False,False,Normal
FOODS_3_518_CA_1_validation,2016-03-14,6,8.618084067629287,12.0,0,2,17.236168135258573,12.0,True,False,Stockout Risk
FOODS_3_518_CA_1_validation,2016-03-21,9,6.95193793318255,15.0,0,2,13.9038758663651,15.0,False,False,Normal
FOODS_3_518_CA_1_validation,2016-03-28,5,8.01899564086483,13.0,0,2,16.03799128172966,13.0,True,False,Stockout Risk
FOODS_3_518_CA_1_validation,2016-04-04,8,6.972442483678166,14.0,0,2,13.944884967356332,14.0,False,False,Normal
FOODS_3_518_CA_1_validation,2016-04-11,11,7.111536044592645,16.0,0,2,14.22307208918529,16.0,False,False,Normal
FOODS_3_518_CA_1_validation,2016-04-18,11,8.530675795575716,18.0,0,2,17.061351591151432,18.0,False,False,Normal
FOODS_3_519_CA_1_validation,2016-03-14,45,35.13814185630585,90.0,0,2,70.2762837126117,90.0,False,False,Normal
FOODS_3_519_CA_1_validation,2016-03-21,57,37.48482327792277,102.0,0,2,74.96964655584554,102.0,False,False,Normal
FOODS_3_519_CA_1_validation,2016-03-28,38,44.90212589923706,93.0,0,2,89.80425179847413,93.0,False,False,Normal
FOODS_3_519_CA_1_validation,2016-04-04,52,43.552049624992655,96.0,0,2,87.10409924998531,96.0,False,False,Normal
FOODS_3_519_CA_1_validation,2016-04-11,34,49.33206232410982,90.0,0,2,98.66412464821964,90.0,True,False,Stockout Risk
FOODS_3_519_CA_1_validation,2016-04-18,40,38.153260954474085,82.0,0,2,76.30652190894817,82.0,False,False,Normal
FOODS_3_520_CA_1_validation,2016-03-14,10,8.510643548387126,20.0,0,2,17.021287096774252,20.0,False,False,Normal
FOODS_3_520_CA_1_validation,2016-03-21,13,8.865900952110032,23.0,0,2,17.731801904220063,23.0,False,False,Normal
FOODS_3_520_CA_1_validation,2016-03-28,7,9.723679881564452,20.0,0,2,19.447359763128905,20.0,False,False,Normal
FOODS_3_520_CA_1_validation,2016-04-04,6,9.17058737714455,18.0,0,2,18.3411747542891,18.0,True,False,Stockout Risk
FOODS_3_520_CA_1_validation,2016-04-11,10,8.566100875480544,18.0,0,2,17.132201750961087,18.0,False,False,Normal
FOODS_3_520_CA_1_validation,2016-04-18,9,8.622113665385402,16.0,0,2,17.244227330770805,16.0,True,False,Stockout Risk
FOODS_3_521_CA_1_validation,2016-03-14,12,7.299727438425981,24.0,0,2,14.599454876851961,24.0,False,False,Normal
FOODS_3_521_CA_1_validation,2016-03-21,12,8.832552293190597,24.0,0,2,17.665104586381194,24.0,False,False,Normal
FOODS_3_521_CA_1_validation,2016-03-28,10,10.27638756820956,23.0,0,2,20.55277513641912,23.0,False,False,Normal
FOODS_3_521_CA_1_validation,2016-04-04,16,9.559676669892983,25.0,0,2,19.119353339785967,25.0,False,False,Normal
FOODS_3_521_CA_1_validation,2016-04-11,0,11.749747806704878,19.0,0,2,23.499495613409756,19.0,True,False,Stockout Risk
FOODS_3_521_CA_1_validation,2016-04-18,15,6.342344348909699,20.0,0,2,12.684688697819398,20.0,False,False,Normal
FOODS_3_522_CA_1_validation,2016-03-14,0,0.3651618097588788,0.0,0,2,0.7303236195177576,0.0,True,False,Stockout Risk
FOODS_3_522_CA_1_validation,2016-03-21,0,0.3651618097588788,0.0,0,2,0.7303236195177576,0.0,True,False,Stockout Risk
FOODS_3_522_CA_1_validation,2016-03-28,0,0.3651618097588788,0.0,0,2,0.7303236195177576,0.0,True,False,Stockout Risk
FOODS_3_522_CA_1_validation,2016-04-04,0,0.5470073055823366,0.0,0,2,1.0940146111646731,0.0,True,False,Stockout Risk
FOODS_3_522_CA_1_validation,2016-04-11,1,0.3006084123614305,0.0,0,2,0.601216824722861,0.0,True,False,Stockout Risk
FOODS_3_522_CA_1_validation,2016-04-18,2,3.4247393097181598,2.0,0,2,6.8494786194363195,2.0,True,False,Stockout Risk
FOODS_3_523_CA_1_validation,2016-03-14,27,22.680594411154285,54.0,0,2,45.36118882230857,54.0,False,False,Normal
FOODS_3_523_CA_1_validation,2016-03-21,23,25.866013806303723,50.0,0,2,51.732027612607446,50.0,True,False,Stockout Risk
FOODS_3_523_CA_1_validation,2016-03-28,29,25.914934946432023,53.0,0,2,51.829869892864046,53.0,False,False,Normal
FOODS_3_523_CA_1_validation,2016-04-04,33,26.51810414781331,56.0,0,2,53.03620829562662,56.0,False,False,Normal
FOODS_3_523_CA_1_validation,2016-04-11,32,28.28986873080645,58.0,0,2,56.5797374616129,58.0,False,False,Normal
FOODS_3_523_CA_1_validation,2016-04-18,22,28.723165930974112,58.0,0,2,57.446331861948224,58.0,False,False,Normal
FOODS_3_524_CA_1_validation,2016-03-14,83,82.42929411597177,166.0,0,2,164.85858823194354,166.0,False,False,Normal
FOODS_3_524_CA_1_validation,2016-03-21,91,85.4410291796388,174.0,0,2,170.8820583592776,174.0,False,False,Normal
FOODS_3_524_CA_1_validation,2016-03-28,31,84.27427551122739,137.0,0,2,168.54855102245477,137.0,True,False,Stockout Risk
FOODS_3_524_CA_1_validation,2016-04-04,0,53.32660368005177,102.0,0,2,106.65320736010354,102.0,True,False,Stockout Risk
FOODS_3_524_CA_1_validation,2016-04-11,0,19.15484281830839,61.0,0,2,38.30968563661678,61.0,False,False,Normal
FOODS_3_524_CA_1_validation,2016-04-18,0,5.9687976339426925,16.0,0,2,11.937595267885385,16.0,False,False,Normal
FOODS_3_525_CA_1_validation,2016-03-14,5,8.485353985248853,10.0,0,2,16.970707970497706,10.0,True,False,Stockout Risk
FOODS_3_525_CA_1_validation,2016-03-21,10,6.978805897412041,15.0,0,2,13.957611794824082,15.0,False,False,Normal
FOODS_3_525_CA_1_validation,2016-03-28,42,8.374624792927534,38.0,0,2,16.74924958585507,38.0,False,False,Normal
FOODS_3_525_CA_1_validation,2016-04-04,31,28.72215593998065,44.0,0,2,57.4443118799613,44.0,True,False,Stockout Risk
FOODS_3_525_CA_1_validation,2016-04-11,41,23.4187277078562,62.0,0,2,46.8374554157124,62.0,False,False,Normal
FOODS_3_525_CA_1_validation,2016-04-18,17,31.233819289162327,66.0,0,2,62.46763857832465,66.0,False,False,Normal
FOODS_3_526_CA_1_validation,2016-03-14,10,37.31295452206781,20.0,0,2,74.62590904413562,20.0,True,False,Stockout Risk
FOODS_3_526_CA_1_validation,2016-03-21,38,23.19445829275305,48.0,0,2,46.3889165855061,48.0,False,False,Normal
FOODS_3_526_CA_1_validation,2016-03-28,50,35.35017466052261,65.0,0,2,70.70034932104522,65.0,True,False,Stockout Risk
FOODS_3_526_CA_1_validation,2016-04-04,48,42.10939930068815,73.0,0,2,84.2187986013763,73.0,True,False,Stockout Risk
FOODS_3_526_CA_1_validation,2016-04-11,48,38.51432939911689,92.0,0,2,77.02865879823378,92.0,False,False,Normal
FOODS_3_526_CA_1_validation,2016-04-18,51,40.47894818634636,98.0,0,2,80.95789637269272,98.0,False,False,Normal
FOODS_3_527_CA_1_validation,2016-03-14,7,5.630157151443585,14.0,0,2,11.26031430288717,14.0,False,False,Normal
FOODS_3_527_CA_1_validation,2016-03-21,5,6.016873420834955,12.0,0,2,12.03374684166991,12.0,True,False,Stockout Risk
FOODS_3_527_CA_1_validation,2016-03-28,9,5.423992919708617,14.0,0,2,10.847985839417234,14.0,False,False,Normal
FOODS_3_527_CA_1_validation,2016-04-04,5,7.057507480655296,13.0,0,2,14.115014961310592,13.0,True,False,Stockout Risk
FOODS_3_527_CA_1_validation,2016-04-11,6,6.03786964076627,12.0,0,2,12.07573928153254,12.0,True,False,Stockout Risk
FOODS_3_527_CA_1_validation,2016-04-18,1,5.745009091009675,10.0,0,2,11.49001818201935,10.0,True,False,Stockout Risk
FOODS_3_528_CA_1_validation,2016-03-14,2,1.0272999898479327,4.0,0,2,2.0545999796958654,4.0,False,False,Normal
FOODS_3_528_CA_1_validation,2016-03-21,1,3.4323455155814124,3.0,0,2,6.864691031162825,3.0,True,False,Stockout Risk
FOODS_3_528_CA_1_validation,2016-03-28,5,2.3235931315761564,5.0,0,2,4.647186263152313,5.0,False,False,Normal
FOODS_3_528_CA_1_validation,2016-04-04,1,4.0734429695993,4.0,0,2,8.1468859391986,4.0,True,False,Stockout Risk
FOODS_3_528_CA_1_validation,2016-04-11,2,2.3712139451300263,4.0,0,2,4.7424278902600525,4.0,True,False,Stockout Risk
FOODS_3_528_CA_1_validation,2016-04-18,1,3.0128707757717934,4.0,0,2,6.025741551543587,4.0,True,False,Stockout Risk
FOODS_3_529_CA_1_validation,2016-03-14,7,8.271212250479435,14.0,0,2,16.54242450095887,14.0,True,False,Stockout Risk
FOODS_3_529_CA_1_validation,2016-03-21,5,8.064422590749404,12.0,0,2,16.128845181498807,12.0,True,False,Stockout Risk
FOODS_3_529_CA_1_validation,2016-03-28,9,7.264411391761195,14.0,0,2,14.52882278352239,14.0,True,False,Stockout Risk
FOODS_3_529_CA_1_validation,2016-04-04,12,7.557434736587619,16.0,0,2,15.114869473175238,16.0,False,False,Normal
FOODS_3_529_CA_1_validation,2016-04-11,9,9.037173909646706,18.0,0,2,18.07434781929341,18.0,True,False,Stockout Risk
FOODS_3_529_CA_1_validation,2016-04-18,2,8.88468456779681,16.0,0,2,17.76936913559362,16.0,True,False,Stockout Risk
FOODS_3_530_CA_1_validation,2016-03-14,29,27.15020833109308,58.0,0,2,54.30041666218616,58.0,False,False,Normal
FOODS_3_530_CA_1_validation,2016-03-21,34,26.869249487154587,63.0,0,2,53.738498974309174,63.0,False,False,Normal
FOODS_3_530_CA_1_validation,2016-03-28,23,28.68701584188211,57.0,0,2,57.37403168376422,57.0,True,False,Stockout Risk
FOODS_3_530_CA_1_validation,2016-04-04,18,28.016464587402577,52.0,0,2,56.032929174805155,52.0,True,False,Stockout Risk
FOODS_3_530_CA_1_validation,2016-04-11,19,22.92192539855647,47.0,0,2,45.84385079711294,47.0,False,False,Normal
FOODS_3_530_CA_1_validation,2016-04-18,21,22.4767757976206,40.0,0,2,44.9535515952412,40.0,True,False,Stockout Risk
FOODS_3_531_CA_1_validation,2016-03-14,16,7.910560261442435,32.0,0,2,15.82112052288487,32.0,False,False,Normal
FOODS_3_531_CA_1_validation,2016-03-21,6,11.252605086281656,22.0,0,2,22.505210172563313,22.0,True,False,Stockout Risk
FOODS_3_531_CA_1_validation,2016-03-28,9,9.096094493123408,21.0,0,2,18.192188986246816,21.0,False,False,Normal
FOODS_3_531_CA_1_validation,2016-04-04,3,9.778660843897756,17.0,0,2,19.55732168779551,17.0,True,False,Stockout Risk
FOODS_3_531_CA_1_validation,2016-04-11,4,7.210858690063648,11.0,0,2,14.421717380127296,11.0,True,False,Stockout Risk
FOODS_3_531_CA_1_validation,2016-04-18,12,5.696004867937879,14.0,0,2,11.392009735875758,14.0,False,False,Normal
FOODS_3_532_CA_1_validation,2016-03-14,16,14.034980845405276,32.0,0,2,28.06996169081055,32.0,False,False,Normal
FOODS_3_532_CA_1_validation,2016-03-21,21,13.93111186632939,37.0,0,2,27.86222373265878,37.0,False,False,Normal
FOODS_3_532_CA_1_validation,2016-03-28,18,16.82388308878554,37.0,0,2,33.64776617757108,37.0,False,False,Normal
FOODS_3_532_CA_1_validation,2016-04-04,20,16.560992325435446,38.0,0,2,33.12198465087089,38.0,False,False,Normal
FOODS_3_532_CA_1_validation,2016-04-11,20,17.03962444983413,40.0,0,2,34.07924889966826,40.0,False,False,Normal
FOODS_3_532_CA_1_validation,2016-04-18,21,17.51874486368337,40.0,0,2,35.03748972736674,40.0,False,False,Normal
FOODS_3_533_CA_1_validation,2016-03-14,13,10.256958835736151,26.0,0,2,20.513917671472303,26.0,False,False,Normal
FOODS_3_533_CA_1_validation,2016-03-21,12,10.83324676326017,25.0,0,2,21.66649352652034,25.0,False,False,Normal
FOODS_3_533_CA_1_validation,2016-03-28,9,10.879823705340154,23.0,0,2,21.75964741068031,23.0,False,False,Normal
FOODS_3_533_CA_1_validation,2016-04-04,12,10.8054577812302,23.0,0,2,21.6109155624604,23.0,False,False,Normal
FOODS_3_533_CA_1_validation,2016-04-11,7,10.81865274403569,20.0,0,2,21.63730548807138,20.0,True,False,Stockout Risk
FOODS_3_533_CA_1_validation,2016-04-18,9,9.676466000067492,18.0,0,2,19.352932000134984,18.0,True,False,Stockout Risk
FOODS_3_534_CA_1_validation,2016-03-14,35,34.25887381006159,70.0,0,2,68.51774762012317,70.0,False,False,Normal
FOODS_3_534_CA_1_validation,2016-03-21,50,33.67620937361372,85.0,0,2,67.35241874722745,85.0,False,False,Normal
FOODS_3_534_CA_1_validation,2016-03-28,23,42.25583905214312,72.0,0,2,84.51167810428625,72.0,True,False,Stockout Risk
FOODS_3_534_CA_1_validation,2016-04-04,33,32.23359619002223,70.0,0,2,64.46719238004447,70.0,False,False,Normal
FOODS_3_534_CA_1_validation,2016-04-11,25,33.03323439499543,66.0,0,2,66.06646878999086,66.0,True,False,Stockout Risk
FOODS_3_534_CA_1_validation,2016-04-18,32,29.73491513337824,56.0,0,2,59.46983026675648,56.0,True,False,Stockout Risk
FOODS_3_535_CA_1_validation,2016-03-14,7,8.617000042267781,14.0,0,2,17.234000084535563,14.0,True,False,Stockout Risk
FOODS_3_535_CA_1_validation,2016-03-21,6,8.259903302458975,13.0,0,2,16.51980660491795,13.0,True,False,Stockout Risk
FOODS_3_535_CA_1_validation,2016-03-28,5,6.947415542120549,12.0,0,2,13.894831084241098,12.0,True,False,Stockout Risk
FOODS_3_535_CA_1_validation,2016-04-04,9,7.190859945486976,14.0,0,2,14.381719890973953,14.0,True,False,Stockout Risk
FOODS_3_535_CA_1_validation,2016-04-11,7,7.349830670505511,14.0,0,2,14.699661341011023,14.0,True,False,Stockout Risk
FOODS_3_535_CA_1_validation,2016-04-18,8,7.448150871523839,14.0,0,2,14.896301743047678,14.0,True,False,Stockout Risk
FOODS_3_536_CA_1_validation,2016-03-14,6,5.468640625305006,12.0,0,2,10.937281250610011,12.0,False,False,Normal
FOODS_3_536_CA_1_validation,2016-03-21,11,5.651200056964055,17.0,0,2,11.30240011392811,17.0,False,False,Normal
FOODS_3_536_CA_1_validation,2016-03-28,9,8.093083457725184,17.0,0,2,16.186166915450368,17.0,False,False,Normal
FOODS_3_536_CA_1_validation,2016-04-04,8,7.650351568003887,17.0,0,2,15.300703136007774,17.0,False,False,Normal
FOODS_3_536_CA_1_validation,2016-04-11,13,7.835535686609484,20.0,0,2,15.671071373218968,20.0,False,False,Normal
FOODS_3_536_CA_1_validation,2016-04-18,9,9.466220185991348,20.0,0,2,18.932440371982697,20.0,False,False,Normal
FOODS_3_537_CA_1_validation,2016-03-14,8,7.24924924325419,16.0,0,2,14.49849848650838,16.0,False,False,Normal
FOODS_3_537_CA_1_validation,2016-03-21,11,7.400851813969706,19.0,0,2,14.801703627939412,19.0,False,False,Normal
FOODS_3_537_CA_1_validation,2016-03-28,10,8.830477816505777,19.0,0,2,17.660955633011554,19.0,False,False,Normal
FOODS_3_537_CA_1_validation,2016-04-04,15,9.449555811922025,22.0,0,2,18.89911162384405,22.0,False,False,Normal
FOODS_3_537_CA_1_validation,2016-04-11,17,10.18678071275978,26.0,0,2,20.37356142551956,26.0,False,False,Normal
FOODS_3_537_CA_1_validation,2016-04-18,9,12.151787961924738,26.0,0,2,24.303575923849476,26.0,False,False,Normal
FOODS_3_538_CA_1_validation,2016-03-14,16,11.251696806859137,32.0,0,2,22.503393613718274,32.0,False,False,Normal
FOODS_3_538_CA_1_validation,2016-03-21,5,12.94089398254794,21.0,0,2,25.88178796509588,21.0,True,False,Stockout Risk
FOODS_3_538_CA_1_validation,2016-03-28,10,9.904692082633636,21.0,0,2,19.80938416526727,21.0,False,False,Normal
FOODS_3_538_CA_1_validation,2016-04-04,18,11.085307884678093,24.0,0,2,22.170615769356186,24.0,False,False,Normal
FOODS_3_538_CA_1_validation,2016-04-11,7,11.951274291230924,20.0,0,2,23.902548582461847,20.0,True,False,Stockout Risk
FOODS_3_538_CA_1_validation,2016-04-18,12,9.975250969285993,24.0,0,2,19.950501938571986,24.0,False,False,Normal
FOODS_3_539_CA_1_validation,2016-03-14,6,3.373385227026452,12.0,0,2,6.746770454052904,12.0,False,False,Normal
FOODS_3_539_CA_1_validation,2016-03-21,6,4.6455347776376845,12.0,0,2,9.291069555275369,12.0,False,False,Normal
FOODS_3_539_CA_1_validation,2016-03-28,4,5.158470059545515,11.0,0,2,10.31694011909103,11.0,False,False,Normal
FOODS_3_539_CA_1_validation,2016-04-04,9,4.8735399000724495,12.0,0,2,9.747079800144899,12.0,False,False,Normal
FOODS_3_539_CA_1_validation,2016-04-11,4,6.1711979883030255,12.0,0,2,12.342395976606051,12.0,True,False,Stockout Risk
FOODS_3_539_CA_1_validation,2016-04-18,6,5.302957352886309,12.0,0,2,10.605914705772618,12.0,False,False,Normal
FOODS_3_540_CA_1_validation,2016-03-14,37,31.159331830433484,74.0,0,2,62.31866366086697,74.0,False,False,Normal
FOODS_3_540_CA_1_validation,2016-03-21,56,32.78764395973711,93.0,0,2,65.57528791947422,93.0,False,False,Normal
FOODS_3_540_CA_1_validation,2016-03-28,43,42.63881041819945,91.0,0,2,85.2776208363989,91.0,False,False,Normal
FOODS_3_540_CA_1_validation,2016-04-04,46,48.41190763734117,91.0,0,2,96.82381527468235,91.0,True,False,Stockout Risk
FOODS_3_540_CA_1_validation,2016-04-11,40,42.58995362696049,92.0,0,2,85.17990725392097,92.0,False,False,Normal
FOODS_3_540_CA_1_validation,2016-04-18,42,39.92833479750282,86.0,0,2,79.85666959500564,86.0,False,False,Normal
FOODS_3_541_CA_1_validation,2016-03-14,17,5.028484502756699,34.0,0,2,10.056969005513398,34.0,False,False,Normal
FOODS_3_541_CA_1_validation,2016-03-21,6,14.40035755404025,23.0,0,2,28.8007151080805,23.0,True,False,Stockout Risk
FOODS_3_541_CA_1_validation,2016-03-28,1,9.160014606148838,16.0,0,2,18.320029212297676,16.0,True,False,Stockout Risk
FOODS_3_541_CA_1_validation,2016-04-04,0,5.956895266822909,12.0,0,2,11.913790533645818,12.0,False,False,Normal
FOODS_3_541_CA_1_validation,2016-04-11,0,2.5363260342810885,4.0,0,2,5.072652068562177,4.0,True,False,Stockout Risk
FOODS_3_541_CA_1_validation,2016-04-18,0,1.8892165628547772,0.0,0,2,3.7784331257095545,0.0,True,False,Stockout Risk
FOODS_3_542_CA_1_validation,2016-03-14,16,10.199289808563115,32.0,0,2,20.39857961712623,32.0,False,False,Normal
FOODS_3_542_CA_1_validation,2016-03-21,4,12.82019324713691,20.0,0,2,25.64038649427382,20.0,True,False,Stockout Risk
FOODS_3_542_CA_1_validation,2016-03-28,11,8.97663439736292,21.0,0,2,17.95326879472584,21.0,False,False,Normal
FOODS_3_542_CA_1_validation,2016-04-04,9,9.956746111454017,20.0,0,2,19.913492222908033,20.0,False,False,Normal
FOODS_3_542_CA_1_validation,2016-04-11,9,9.430539041814662,16.0,0,2,18.861078083629323,16.0,True,False,Stockout Risk
FOODS_3_542_CA_1_validation,2016-04-18,7,9.408828965123003,18.0,0,2,18.817657930246007,18.0,True,False,Stockout Risk
FOODS_3_543_CA_1_validation,2016-03-14,3,3.0774241731692413,6.0,0,2,6.154848346338483,6.0,True,False,Stockout Risk
FOODS_3_543_CA_1_validation,2016-03-21,3,3.3582582070495666,6.0,0,2,6.716516414099133,6.0,True,False,Stockout Risk
FOODS_3_543_CA_1_validation,2016-03-28,1,3.641923821383664,5.0,0,2,7.283847642767328,5.0,True,False,Stockout Risk
FOODS_3_543_CA_1_validation,2016-04-04,3,2.5054386273996148,5.0,0,2,5.0108772547992295,5.0,True,False,Stockout Risk
FOODS_3_543_CA_1_validation,2016-04-11,5,3.356116449284248,6.0,0,2,6.712232898568496,6.0,True,False,Stockout Risk
FOODS_3_543_CA_1_validation,2016-04-18,3,3.8351054291777182,6.0,0,2,7.6702108583554365,6.0,True,False,Stockout Risk
FOODS_3_544_CA_1_validation,2016-03-14,0,0.3651618097588788,0.0,0,2,0.7303236195177576,0.0,True,False,Stockout Risk
FOODS_3_544_CA_1_validation,2016-03-21,0,0.3651618097588788,0.0,0,2,0.7303236195177576,0.0,True,False,Stockout Risk
FOODS_3_544_CA_1_validation,2016-03-28,0,0.3651618097588788,0.0,0,2,0.7303236195177576,0.0,True,False,Stockout Risk
FOODS_3_544_CA_1_validation,2016-04-04,0,0.5470073055823366,0.0,0,2,1.0940146111646731,0.0,True,False,Stockout Risk
FOODS_3_544_CA_1_validation,2016-04-11,0,0.3006084123614305,0.0,0,2,0.601216824722861,0.0,True,False,Stockout Risk
FOODS_3_544_CA_1_validation,2016-04-18,2,0.3006084123614305,1.0,0,2,0.601216824722861,1.0,False,False,Normal
FOODS_3_545_CA_1_validation,2016-03-14,12,10.520038658253515,24.0,0,2,21.04007731650703,24.0,False,False,Normal
FOODS_3_545_CA_1_validation,2016-03-21,8,9.975946027690757,20.0,0,2,19.951892055381514,20.0,False,False,Normal
FOODS_3_545_CA_1_validation,2016-03-28,12,9.322895399436169,21.0,0,2,18.645790798872337,21.0,False,False,Normal
FOODS_3_545_CA_1_validation,2016-04-04,14,10.166937666520417,23.0,0,2,20.333875333040833,23.0,False,False,Normal
FOODS_3_545_CA_1_validation,2016-04-11,13,10.881676128530534,24.0,0,2,21.76335225706107,24.0,False,False,Normal
FOODS_3_545_CA_1_validation,2016-04-18,12,10.393070517586429,26.0,0,2,20.786141035172857,26.0,False,False,Normal
FOODS_3_546_CA_1_validation,2016-03-14,26,25.91625575676827,52.0,0,2,51.83251151353654,52.0,False,False,Normal
FOODS_3_546_CA_1_validation,2016-03-21,48,25.358770328571172,74.0,0,2,50.717540657142344,74.0,False,False,Normal
FOODS_3_546_CA_1_validation,2016-03-28,38,33.94031972092215,75.0,0,2,67.8806394418443,75.0,False,False,Normal
FOODS_3_546_CA_1_validation,2016-04-04,48,37.754190916015006,80.0,0,2,75.50838183203001,80.0,False,False,Normal
FOODS_3_546_CA_1_validation,2016-04-11,35,36.86339142766934,84.0,0,2,73.72678285533868,84.0,False,False,Normal
FOODS_3_546_CA_1_validation,2016-04-18,29,37.040194810112695,75.0,0,2,74.08038962022539,75.0,False,False,Normal
FOODS_3_547_CA_1_validation,2016-03-14,18,40.81963330207549,36.0,0,2,81.63926660415098,36.0,True,False,Stockout Risk
FOODS_3_547_CA_1_validation,2016-03-21,9,23.171088533067365,27.0,0,2,46.34217706613473,27.0,True,False,Stockout Risk
FOODS_3_547_CA_1_validation,2016-03-28,25,22.48534568960732,35.0,0,2,44.97069137921464,35.0,True,False,Stockout Risk
FOODS_3_547_CA_1_validation,2016-04-04,3,26.55428151411592,28.0,0,2,53.10856302823184,28.0,True,False,Stockout Risk
FOODS_3_547_CA_1_validation,2016-04-11,0,10.547971064926324,18.0,0,2,21.09594212985265,18.0,True,False,Stockout Risk
FOODS_3_547_CA_1_validation,2016-04-18,1,5.879774086917364,14.0,0,2,11.759548173834729,14.0,False,False,Normal
FOODS_3_548_CA_1_validation,2016-03-14,1,3.363462138795314,2.0,0,2,6.726924277590628,2.0,True,False,Stockout Risk
FOODS_3_548_CA_1_validation,2016-03-21,3,2.3658730665748005,4.0,0,2,4.731746133149601,4.0,True,False,Stockout Risk
FOODS_3_548_CA_1_validation,2016-03-28,1,3.3571952504246454,3.0,0,2,6.714390500849291,3.0,True,False,Stockout Risk
FOODS_3_548_CA_1_validation,2016-04-04,4,2.5054386273996148,4.0,0,2,5.0108772547992295,4.0,True,False,Stockout Risk
FOODS_3_548_CA_1_validation,2016-04-11,1,3.3083785439339555,4.0,0,2,6.616757087867911,4.0,True,False,Stockout Risk
FOODS_3_548_CA_1_validation,2016-04-18,1,2.310697870019203,4.0,0,2,4.621395740038406,4.0,True,False,Stockout Risk
FOODS_3_549_CA_1_validation,2016-03-14,0,0.3651618097588788,0.0,0,2,0.7303236195177576,0.0,True,False,Stockout Risk
FOODS_3_549_CA_1_validation,2016-03-21,0,0.3651618097588788,0.0,0,2,0.7303236195177576,0.0,True,False,Stockout Risk
FOODS_3_549_CA_1_validation,2016-03-28,9,0.3651618097588788,6.0,0,2,0.7303236195177576,6.0,False,False,Normal
FOODS_3_549_CA_1_validation,2016-04-04,3,8.973711752621949,6.0,0,2,17.947423505243897,6.0,True,False,Stockout Risk
FOODS_3_549_CA_1_validation,2016-04-11,4,4.820579856036636,8.0,0,2,9.641159712073271,8.0,True,False,Stockout Risk
FOODS_3_549_CA_1_validation,2016-04-18,5,4.599044380073462,10.0,0,2,9.198088760146923,10.0,False,False,Normal
FOODS_3_550_CA_1_validation,2016-03-14,2,3.892409832523957,4.0,0,2,7.784819665047914,4.0,True,False,Stockout Risk
FOODS_3_550_CA_1_validation,2016-03-21,0,3.252595281113096,2.0,0,2,6.505190562226192,2.0,True,False,Stockout Risk
FOODS_3_550_CA_1_validation,2016-03-28,0,1.043850061217488,1.0,0,2,2.087700122434976,1.0,True,False,Stockout Risk
FOODS_3_550_CA_1_validation,2016-04-04,0,1.165553472749575,1.0,0,2,2.33110694549915,1.0,True,False,Stockout Risk
FOODS_3_550_CA_1_validation,2016-04-11,0,0.9191545795286676,0.0,0,2,1.8383091590573353,0.0,True,False,Stockout Risk
FOODS_3_550_CA_1_validation,2016-04-18,2,0.3613841624801346,1.0,0,2,0.7227683249602692,1.0,False,False,Normal
FOODS_3_551_CA_1_validation,2016-03-14,8,5.03834164360006,16.0,0,2,10.07668328720012,16.0,False,False,Normal
FOODS_3_551_CA_1_validation,2016-03-21,8,5.945537128932443,16.0,0,2,11.891074257864886,16.0,False,False,Normal
FOODS_3_551_CA_1_validation,2016-03-28,10,6.56287998380808,17.0,0,2,13.12575996761616,17.0,False,False,Normal
FOODS_3_551_CA_1_validation,2016-04-04,11,8.09238762333585,18.0,0,2,16.1847752466717,18.0,False,False,Normal
FOODS_3_551_CA_1_validation,2016-04-11,10,8.83870394184755,20.0,0,2,17.6774078836951,20.0,False,False,Normal
FOODS_3_551_CA_1_validation,2016-04-18,6,8.639030431337739,18.0,0,2,17.278060862675478,18.0,False,False,Normal
FOODS_3_552_CA_1_validation,2016-03-14,2,5.017780319690952,4.0,0,2,10.035560639381904,4.0,True,False,Stockout Risk
FOODS_3_552_CA_1_validation,2016-03-21,10,3.8885833715676568,12.0,0,2,7.7771667431353135,12.0,False,False,Normal
FOODS_3_552_CA_1_validation,2016-03-28,4,6.156505167530284,11.0,0,2,12.313010335060568,11.0,True,False,Stockout Risk
FOODS_3_552_CA_1_validation,2016-04-04,8,5.751862271723764,12.0,0,2,11.503724543447529,12.0,False,False,Normal
FOODS_3_552_CA_1_validation,2016-04-11,4,5.815683666741555,13.0,0,2,11.63136733348311,13.0,False,False,Normal
FOODS_3_552_CA_1_validation,2016-04-18,2,5.719455302531053,9.0,0,2,11.438910605062105,9.0,True,False,Stockout Risk
FOODS_3_553_CA_1_validation,2016-03-14,11,10.541516865322857,22.0,0,2,21.083033730645713,22.0,False,False,Normal
FOODS_3_553_CA_1_validation,2016-03-21,12,10.470619905415557,23.0,0,2,20.941239810831114,23.0,False,False,Normal
FOODS_3_553_CA_1_validation,2016-03-28,12,11.756457423681326,23.0,0,2,23.51291484736265,23.0,True,False,Stockout Risk
FOODS_3_553_CA_1_validation,2016-04-04,8,10.920229672300248,22.0,0,2,21.840459344600497,22.0,False,False,Normal
FOODS_3_553_CA_1_validation,2016-04-11,4,10.021455083700133,18.0,0,2,20.042910167400265,18.0,True,False,Stockout Risk
FOODS_3_553_CA_1_validation,2016-04-18,16,7.879785253075801,20.0,0,2,15.759570506151602,20.0,False,False,Normal
FOODS_3_554_CA_1_validation,2016-03-14,7,3.8778515303674665,14.0,0,2,7.755703060734933,14.0,False,False,Normal
FOODS_3_554_CA_1_validation,2016-03-21,3,5.322091887571993,10.0,0,2,10.644183775143986,10.0,True,False,Stockout Risk
FOODS_3_554_CA_1_validation,2016-03-28,8,4.004947237344798,12.0,0,2,8.009894474689595,12.0,False,False,Normal
FOODS_3_554_CA_1_validation,2016-04-04,4,5.76783741871686,11.0,0,2,11.53567483743372,11.0,True,False,Stockout Risk
FOODS_3_554_CA_1_validation,2016-04-11,3,4.78523273869872,9.0,0,2,9.57046547739744,9.0,True,False,Stockout Risk
FOODS_3_554_CA_1_validation,2016-04-18,7,4.208243623014532,11.0,0,2,8.416487246029064,11.0,False,False,Normal
FOODS_3_555_CA_1_validation,2016-03-14,112,123.56717133400154,224.0,0,2,247.1343426680031,224.0,True,False,Stockout Risk
FOODS_3_555_CA_1_validation,2016-03-21,137,119.44520624800516,249.0,0,2,238.89041249601033,249.0,False,False,Normal
FOODS_3_555_CA_1_validation,2016-03-28,145,123.61543844396024,263.0,0,2,247.2308768879205,263.0,False,False,Normal
FOODS_3_555_CA_1_validation,2016-04-04,140,137.01609353092363,267.0,0,2,274.03218706184725,267.0,True,False,Stockout Risk
FOODS_3_555_CA_1_validation,2016-04-11,127,129.14050489107078,274.0,0,2,258.28100978214155,274.0,False,False,Normal
FOODS_3_555_CA_1_validation,2016-04-18,124,124.94187743377462,268.0,0,2,249.88375486754924,268.0,False,False,Normal
FOODS_3_556_CA_1_validation,2016-03-14,3,4.695864769148867,6.0,0,2,9.391729538297733,6.0,True,False,Stockout Risk
FOODS_3_556_CA_1_validation,2016-03-21,3,4.282693280644574,6.0,0,2,8.565386561289149,6.0,True,False,Stockout Risk
FOODS_3_556_CA_1_validation,2016-03-28,3,3.851311357077292,6.0,0,2,7.702622714154584,6.0,True,False,Stockout Risk
FOODS_3_556_CA_1_validation,2016-04-04,3,4.081871978695644,6.0,0,2,8.163743957391288,6.0,True,False,Stockout Risk
FOODS_3_556_CA_1_validation,2016-04-11,3,3.86319471831689,6.0,0,2,7.72638943663378,6.0,True,False,Stockout Risk
FOODS_3_556_CA_1_validation,2016-04-18,4,3.847031830482377,6.0,0,2,7.694063660964754,6.0,True,False,Stockout Risk
FOODS_3_557_CA_1_validation,2016-03-14,0,1.8765577405181817,0.0,0,2,3.7531154810363634,0.0,True,False,Stockout Risk
FOODS_3_557_CA_1_validation,2016-03-21,0,1.2982438107582432,0.0,0,2,2.5964876215164865,0.0,True,False,Stockout Risk
FOODS_3_557_CA_1_validation,2016-03-28,0,0.5785280209945922,0.0,0,2,1.1570560419891844,0.0,True,False,Stockout Risk
FOODS_3_557_CA_1_validation,2016-04-04,21,0.5470073055823366,10.0,0,2,1.0940146111646731,10.0,False,False,Normal
FOODS_3_557_CA_1_validation,2016-04-11,50,30.052730159553704,36.0,0,2,60.10546031910741,36.0,True,False,Stockout Risk
FOODS_3_557_CA_1_validation,2016-04-18,39,46.290374511574605,55.0,0,2,92.58074902314921,55.0,True,False,Stockout Risk
FOODS_3_558_CA_1_validation,2016-03-14,0,0.3651618097588788,0.0,0,2,0.7303236195177576,0.0,True,False,Stockout Risk
FOODS_3_558_CA_1_validation,2016-03-21,0,0.3651618097588788,0.0,0,2,0.7303236195177576,0.0,True,False,Stockout Risk
FOODS_3_558_CA_1_validation,2016-03-28,0,0.3651618097588788,0.0,0,2,0.7303236195177576,0.0,True,False,Stockout Risk
FOODS_3_558_CA_1_validation,2016-04-04,0,0.5470073055823366,0.0,0,2,1.0940146111646731,0.0,True,False,Stockout Risk
FOODS_3_558_CA_1_validation,2016-04-11,1,0.3006084123614305,0.0,0,2,0.601216824722861,0.0,True,False,Stockout Risk
FOODS_3_558_CA_1_validation,2016-04-18,2,3.4247393097181598,2.0,0,2,6.8494786194363195,2.0,True,False,Stockout Risk
FOODS_3_559_CA_1_validation,2016-03-14,5,6.768449247976907,10.0,0,2,13.536898495953814,10.0,True,False,Stockout Risk
FOODS_3_559_CA_1_validation,2016-03-21,6,6.309407500559626,11.0,0,2,12.618815001119252,11.0,True,False,Stockout Risk
FOODS_3_559_CA_1_validation,2016-03-28,9,5.854411633850893,13.0,0,2,11.708823267701787,13.0,False,False,Normal
FOODS_3_559_CA_1_validation,2016-04-04,6,7.24628757292887,13.0,0,2,14.49257514585774,13.0,True,False,Stockout Risk
FOODS_3_559_CA_1_validation,2016-04-11,5,6.6452657383946265,13.0,0,2,13.290531476789253,13.0,True,False,Stockout Risk
FOODS_3_559_CA_1_validation,2016-04-18,7,6.298928622602682,14.0,0,2,12.597857245205365,14.0,False,False,Normal
FOODS_3_560_CA_1_validation,2016-03-14,13,8.51010798421886,26.0,0,2,17.02021596843772,26.0,False,False,Normal
FOODS_3_560_CA_1_validation,2016-03-21,21,9.89666727452796,34.0,0,2,19.79333454905592,34.0,False,False,Normal
FOODS_3_560_CA_1_validation,2016-03-28,16,14.788480230086757,33.0,0,2,29.576960460173513,33.0,False,False,Normal
FOODS_3_560_CA_1_validation,2016-04-04,25,13.821669247601822,38.0,0,2,27.643338495203643,38.0,False,False,Normal
FOODS_3_560_CA_1_validation,2016-04-11,18,17.495821371191358,40.0,0,2,34.991642742382716,40.0,False,False,Normal
FOODS_3_560_CA_1_validation,2016-04-18,15,16.959299472287423,37.0,0,2,33.918598944574846,37.0,False,False,Normal
FOODS_3_561_CA_1_validation,2016-03-14,30,30.09299325649469,60.0,0,2,60.18598651298938,60.0,True,False,Stockout Risk
FOODS_3_561_CA_1_validation,2016-03-21,84,28.31560587860082,114.0,0,2,56.63121175720164,114.0,False,False,Normal
FOODS_3_561_CA_1_validation,2016-03-28,54,54.7830686208466,112.0,0,2,109.5661372416932,112.0,False,False,Normal
FOODS_3_561_CA_1_validation,2016-04-04,43,48.30398127236887,106.0,0,2,96.60796254473775,106.0,False,False,Normal
FOODS_3_561_CA_1_validation,2016-04-11,35,43.3392727856193,108.0,0,2,86.6785455712386,108.0,False,False,Normal
FOODS_3_561_CA_1_validation,2016-04-18,25,41.60345799025004,78.0,0,2,83.20691598050009,78.0,True,False,Stockout Risk
FOODS_3_562_CA_1_validation,2016-03-14,19,17.959274845268222,38.0,0,2,35.918549690536445,38.0,False,False,Normal
FOODS_3_562_CA_1_validation,2016-03-21,15,18.52076935748692,34.0,0,2,37.04153871497384,34.0,True,False,Stockout Risk
FOODS_3_562_CA_1_validation,2016-03-28,26,17.582031532780096,40.0,0,2,35.16406306556019,40.0,False,False,Normal
FOODS_3_562_CA_1_validation,2016-04-04,16,20.154031139204186,38.0,0,2,40.30806227840837,38.0,True,False,Stockout Risk
FOODS_3_562_CA_1_validation,2016-04-11,22,18.121057777005564,40.0,0,2,36.24211555401113,40.0,False,False,Normal
FOODS_3_562_CA_1_validation,2016-04-18,12,19.00750996874085,38.0,0,2,38.0150199374817,38.0,True,False,Stockout Risk
FOODS_3_563_CA_1_validation,2016-03-14,0,1.7115096651207389,0.0,0,2,3.4230193302414778,0.0,True,False,Stockout Risk
FOODS_3_563_CA_1_validation,2016-03-21,0,1.6318935024790977,0.0,0,2,3.2637870049581954,0.0,True,False,Stockout Risk
FOODS_3_563_CA_1_validation,2016-03-28,0,1.0362082825603431,0.0,0,2,2.0724165651206863,0.0,True,False,Stockout Risk
FOODS_3_563_CA_1_validation,2016-04-04,0,0.6077830557010407,0.0,0,2,1.2155661114020815,0.0,True,False,Stockout Risk
FOODS_3_563_CA_1_validation,2016-04-11,0,0.3645886720839602,0.0,0,2,0.7291773441679203,0.0,True,False,Stockout Risk
FOODS_3_563_CA_1_validation,2016-04-18,0,0.3742540594074448,0.0,0,2,0.7485081188148895,0.0,True,False,Stockout Risk
FOODS_3_564_CA_1_validation,2016-03-14,0,2.4328301998429653,0.0,0,2,4.865660399685931,0.0,True,False,Stockout Risk
FOODS_3_564_CA_1_validation,2016-03-21,0,1.909094761234836,0.0,0,2,3.818189522469672,0.0,True,False,Stockout Risk
FOODS_3_564_CA_1_validation,2016-03-28,4,0.967157905556561,3.0,0,2,1.934315811113122,3.0,False,False,Normal
FOODS_3_564_CA_1_validation,2016-04-04,13,5.322628725646177,8.0,0,2,10.645257451292354,8.0,True,False,Stockout Risk
FOODS_3_564_CA_1_validation,2016-04-11,8,8.856233115098059,12.0,0,2,17.712466230196117,12.0,True,False,Stockout Risk
FOODS_3_564_CA_1_validation,2016-04-18,7,7.5063909810590115,16.0,0,2,15.012781962118023,16.0,False,False,Normal
FOODS_3_565_CA_1_validation,2016-03-14,5,10.27444555462575,10.0,0,2,20.5488911092515,10.0,True,False,Stockout Risk
FOODS_3_565_CA_1_validation,2016-03-21,8,8.63201082159046,13.0,0,2,17.26402164318092,13.0,True,False,Stockout Risk
FOODS_3_565_CA_1_validation,2016-03-28,12,8.6058401386015,17.0,0,2,17.211680277203,17.0,True,False,Stockout Risk
FOODS_3_565_CA_1_validation,2016-04-04,15,10.72179239695769,20.0,0,2,21.44358479391538,20.0,True,False,Stockout Risk
FOODS_3_565_CA_1_validation,2016-04-11,8,10.69746339831824,22.0,0,2,21.39492679663648,22.0,False,False,Normal
FOODS_3_565_CA_1_validation,2016-04-18,6,9.560639039508436,20.0,0,2,19.12127807901687,20.0,False,False,Normal
FOODS_3_566_CA_1_validation,2016-03-14,41,47.337464164665015,82.0,0,2,94.67492832933003,82.0,True,False,Stockout Risk
FOODS_3_566_CA_1_validation,2016-03-21,55,40.47988445833878,96.0,0,2,80.95976891667756,96.0,False,False,Normal
FOODS_3_566_CA_1_validation,2016-03-28,28,47.23072504555709,83.0,0,2,94.46145009111417,83.0,True,False,Stockout Risk
FOODS_3_566_CA_1_validation,2016-04-04,38,43.54534118028608,81.0,0,2,87.09068236057216,81.0,True,False,Stockout Risk
FOODS_3_566_CA_1_validation,2016-04-11,53,38.83965540385288,87.0,0,2,77.67931080770576,87.0,False,False,Normal
FOODS_3_566_CA_1_validation,2016-04-18,41,44.57920212553616,80.0,0,2,89.15840425107233,80.0,True,False,Stockout Risk
FOODS_3_567_CA_1_validation,2016-03-14,10,8.599353393175964,20.0,0,2,17.198706786351927,20.0,False,False,Normal
FOODS_3_567_CA_1_validation,2016-03-21,5,8.829962313591281,15.0,0,2,17.659924627182562,15.0,True,False,Stockout Risk
FOODS_3_567_CA_1_validation,2016-03-28,6,7.975875753632944,14.0,0,2,15.951751507265888,14.0,True,False,Stockout Risk
FOODS_3_567_CA_1_validation,2016-04-04,5,7.811267014405587,13.0,0,2,15.622534028811174,13.0,True,False,Stockout Risk
FOODS_3_567_CA_1_validation,2016-04-11,3,6.25782754495438,10.0,0,2,12.51565508990876,10.0,True,False,Stockout Risk
FOODS_3_567_CA_1_validation,2016-04-18,12,5.11125073722754,13.0,0,2,10.22250147445508,13.0,False,False,Normal
FOODS_3_568_CA_1_validation,2016-03-14,29,19.34032504400644,58.0,0,2,38.68065008801288,58.0,False,False,Normal
FOODS_3_568_CA_1_validation,2016-03-21,21,23.302959190134708,50.0,0,2,46.605918380269415,50.0,False,False,Normal
FOODS_3_568_CA_1_validation,2016-03-28,33,21.79171100759192,55.0,0,2,43.58342201518384,55.0,False,False,Normal
FOODS_3_568_CA_1_validation,2016-04-04,25,26.508544669801044,54.0,0,2,53.01708933960209,54.0,False,False,Normal
FOODS_3_568_CA_1_validation,2016-04-11,19,24.157563304255635,49.0,0,2,48.31512660851127,49.0,False,False,Normal
FOODS_3_568_CA_1_validation,2016-04-18,26,22.577341013877792,52.0,0,2,45.154682027755584,52.0,False,False,Normal
FOODS_3_569_CA_1_validation,2016-03-14,17,16.88374624549644,34.0,0,2,33.76749249099288,34.0,False,False,Normal
FOODS_3_569_CA_1_validation,2016-03-21,11,15.90239712884925,28.0,0,2,31.8047942576985,28.0,True,False,Stockout Risk
FOODS_3_569_CA_1_validation,2016-03-28,10,14.571660124917267,25.0,0,2,29.143320249834535,25.0,True,False,Stockout Risk
FOODS_3_569_CA_1_validation,2016-04-04,8,14.116707528484616,23.0,0,2,28.233415056969232,23.0,True,False,Stockout Risk
FOODS_3_569_CA_1_validation,2016-04-11,8,10.800510781234648,18.0,0,2,21.601021562469295,18.0,True,False,Stockout Risk
FOODS_3_569_CA_1_validation,2016-04-18,2,10.287376453208047,14.0,0,2,20.574752906416094,14.0,True,False,Stockout Risk
FOODS_3_570_CA_1_validation,2016-03-14,30,54.00591815466167,60.0,0,2,108.01183630932334,60.0,True,False,Stockout Risk
FOODS_3_570_CA_1_validation,2016-03-21,45,43.79105565047011,75.0,0,2,87.58211130094023,75.0,True,False,Stockout Risk
FOODS_3_570_CA_1_validation,2016-03-28,54,48.654066071821134,86.0,0,2,97.30813214364227,86.0,True,False,Stockout Risk
FOODS_3_570_CA_1_validation,2016-04-04,63,52.83292616540286,96.0,0,2,105.66585233080572,96.0,True,False,Stockout Risk
FOODS_3_570_CA_1_validation,2016-04-11,57,53.94489848589785,110.0,0,2,107.8897969717957,110.0,False,False,Normal
FOODS_3_570_CA_1_validation,2016-04-18,46,53.44887431102281,110.0,0,2,106.89774862204563,110.0,False,False,Normal
FOODS_3_571_CA_1_validation,2016-03-14,4,5.231952343849959,8.0,0,2,10.463904687699918,8.0,True,False,Stockout Risk
FOODS_3_571_CA_1_validation,2016-03-21,3,4.678712370352741,7.0,0,2,9.357424740705483,7.0,True,False,Stockout Risk
FOODS_3_571_CA_1_validation,2016-03-28,3,3.803921901814488,7.0,0,2,7.607843803628976,7.0,True,False,Stockout Risk
FOODS_3_571_CA_1_validation,2016-04-04,1,3.838327619363613,6.0,0,2,7.676655238727226,6.0,True,False,Stockout Risk
FOODS_3_571_CA_1_validation,2016-04-11,0,2.96364012259504,4.0,0,2,5.92728024519008,4.0,True,False,Stockout Risk
FOODS_3_571_CA_1_validation,2016-04-18,0,1.1789774632003078,2.0,0,2,2.3579549264006157,2.0,True,False,Stockout Risk
FOODS_3_572_CA_1_validation,2016-03-14,42,31.40775165882125,84.0,0,2,62.8155033176425,84.0,False,False,Normal
FOODS_3_572_CA_1_validation,2016-03-21,47,33.923398129155395,89.0,0,2,67.84679625831079,89.0,False,False,Normal
FOODS_3_572_CA_1_validation,2016-03-28,26,36.17018643954852,77.0,0,2,72.34037287909705,77.0,False,False,Normal
FOODS_3_572_CA_1_validation,2016-04-04,38,33.72441245760277,76.0,0,2,67.44882491520553,76.0,False,False,Normal
FOODS_3_572_CA_1_validation,2016-04-11,51,34.85137880097174,81.0,0,2,69.70275760194347,81.0,False,False,Normal
FOODS_3_572_CA_1_validation,2016-04-18,42,40.60577556339382,78.0,0,2,81.21155112678764,78.0,True,False,Stockout Risk
FOODS_3_573_CA_1_validation,2016-03-14,24,36.8633562921498,48.0,0,2,73.7267125842996,48.0,True,False,Stockout Risk
FOODS_3_573_CA_1_validation,2016-03-21,34,29.58274121594748,58.0,0,2,59.16548243189496,58.0,True,False,Stockout Risk
FOODS_3_573_CA_1_validation,2016-03-28,30,33.79515335315414,59.0,0,2,67.59030670630828,59.0,True,False,Stockout Risk
FOODS_3_573_CA_1_validation,2016-04-04,33,33.06578545761102,60.0,0,2,66.13157091522204,60.0,True,False,Stockout Risk
FOODS_3_573_CA_1_validation,2016-04-11,33,33.19088403583566,65.0,0,2,66.38176807167132,65.0,True,False,Stockout Risk
FOODS_3_573_CA_1_validation,2016-04-18,33,33.19088403583566,64.0,0,2,66.38176807167132,64.0,True,False,Stockout Risk
FOODS_3_574_CA_1_validation,2016-03-14,31,30.544855742775106,62.0,0,2,61.08971148555021,62.0,False,False,Normal
FOODS_3_574_CA_1_validation,2016-03-21,35,31.74789399203833,66.0,0,2,63.49578798407666,66.0,False,False,Normal
FOODS_3_574_CA_1_validation,2016-03-28,42,34.404920708792815,72.0,0,2,68.80984141758563,72.0,False,False,Normal
FOODS_3_574_CA_1_validation,2016-04-04,38,37.11510244959705,73.0,0,2,74.2302048991941,73.0,True,False,Stockout Risk
FOODS_3_574_CA_1_validation,2016-04-11,30,36.15025399564096,72.0,0,2,72.30050799128192,72.0,True,False,Stockout Risk
FOODS_3_574_CA_1_validation,2016-04-18,16,32.560663181717466,63.0,0,2,65.12132636343493,63.0,True,False,Stockout Risk
FOODS_3_575_CA_1_validation,2016-03-14,4,4.880932635502733,8.0,0,2,9.761865271005465,8.0,True,False,Stockout Risk
FOODS_3_575_CA_1_validation,2016-03-21,4,4.801316472861091,8.0,0,2,9.602632945722181,8.0,True,False,Stockout Risk
FOODS_3_575_CA_1_validation,2016-03-28,4,4.5087247293957855,8.0,0,2,9.017449458791571,8.0,True,False,Stockout Risk
FOODS_3_575_CA_1_validation,2016-04-04,4,4.849002876901541,8.0,0,2,9.698005753803082,8.0,True,False,Stockout Risk
FOODS_3_575_CA_1_validation,2016-04-11,8,4.344836391325214,10.0,0,2,8.689672782650428,10.0,False,False,Normal
FOODS_3_575_CA_1_validation,2016-04-18,6,5.384354820144115,11.0,0,2,10.76870964028823,11.0,False,False,Normal
FOODS_3_576_CA_1_validation,2016-03-14,6,4.335403107200251,12.0,0,2,8.670806214400502,12.0,False,False,Normal
FOODS_3_576_CA_1_validation,2016-03-21,9,5.424873468549669,15.0,0,2,10.849746937099338,15.0,False,False,Normal
FOODS_3_576_CA_1_validation,2016-03-28,4,6.100229897619014,13.0,0,2,12.200459795238029,13.0,False,False,Normal
FOODS_3_576_CA_1_validation,2016-04-04,3,5.37410850637082,11.0,0,2,10.74821701274164,11.0,False,False,Normal
FOODS_3_576_CA_1_validation,2016-04-11,8,4.59300043246437,12.0,0,2,9.18600086492874,12.0,False,False,Normal
FOODS_3_576_CA_1_validation,2016-04-18,3,5.806820617762224,9.0,0,2,11.613641235524447,9.0,True,False,Stockout Risk
FOODS_3_577_CA_1_validation,2016-03-14,11,0.3651618097588788,22.0,0,2,0.7303236195177576,22.0,False,False,Normal
FOODS_3_577_CA_1_validation,2016-03-21,15,10.782293766815828,26.0,0,2,21.564587533631656,26.0,False,False,Normal
FOODS_3_577_CA_1_validation,2016-03-28,15,12.944607949621282,27.0,0,2,25.889215899242565,27.0,False,False,Normal
FOODS_3_577_CA_1_validation,2016-04-04,19,13.9350172081824,30.0,0,2,27.8700344163648,30.0,False,False,Normal
FOODS_3_577_CA_1_validation,2016-04-11,18,14.839422026501293,34.0,0,2,29.678844053002585,34.0,False,False,Normal
FOODS_3_577_CA_1_validation,2016-04-18,17,15.41379345726126,34.0,0,2,30.82758691452252,34.0,False,False,Normal
FOODS_3_578_CA_1_validation,2016-03-14,0,0.8003377106631826,0.0,0,2,1.6006754213263652,0.0,True,False,Stockout Risk
FOODS_3_578_CA_1_validation,2016-03-21,0,0.3651618097588788,0.0,0,2,0.7303236195177576,0.0,True,False,Stockout Risk
FOODS_3_578_CA_1_validation,2016-03-28,0,0.3651618097588788,0.0,0,2,0.7303236195177576,0.0,True,False,Stockout Risk
FOODS_3_578_CA_1_validation,2016-04-04,0,0.5470073055823366,0.0,0,2,1.0940146111646731,0.0,True,False,Stockout Risk
FOODS_3_578_CA_1_validation,2016-04-11,0,0.3006084123614305,0.0,0,2,0.601216824722861,0.0,True,False,Stockout Risk
FOODS_3_578_CA_1_validation,2016-04-18,43,0.3006084123614305,22.0,0,2,0.601216824722861,22.0,False,False,Normal
FOODS_3_579_CA_1_validation,2016-03-14,6,8.68683702052925,12.0,0,2,17.3736740410585,12.0,True,False,Stockout Risk
FOODS_3_579_CA_1_validation,2016-03-21,8,6.591112995115119,14.0,0,2,13.182225990230238,14.0,False,False,Normal
FOODS_3_579_CA_1_validation,2016-03-28,8,7.534665753033635,15.0,0,2,15.06933150606727,15.0,True,False,Stockout Risk
FOODS_3_579_CA_1_validation,2016-04-04,9,8.10445046614904,16.0,0,2,16.20890093229808,16.0,True,False,Stockout Risk
FOODS_3_579_CA_1_validation,2016-04-11,2,8.280046644870767,14.0,0,2,16.560093289741534,14.0,True,False,Stockout Risk
FOODS_3_579_CA_1_validation,2016-04-18,7,5.744919228341138,13.0,0,2,11.489838456682277,13.0,False,False,Normal
FOODS_3_580_CA_1_validation,2016-03-14,21,29.28158712281257,42.0,0,2,58.56317424562514,42.0,True,False,Stockout Risk
FOODS_3_580_CA_1_validation,2016-03-21,12,25.20570947993737,33.0,0,2,50.41141895987474,33.0,True,False,Stockout Risk
FOODS_3_580_CA_1_validation,2016-03-28,34,21.04157067241543,45.0,0,2,42.08314134483086,45.0,False,False,Normal
FOODS_3_580_CA_1_validation,2016-04-04,41,26.33786917666812,54.0,0,2,52.67573835333624,54.0,False,False,Normal
FOODS_3_580_CA_1_validation,2016-04-11,29,31.348682473563635,58.0,0,2,62.69736494712727,58.0,True,False,Stockout Risk
FOODS_3_580_CA_1_validation,2016-04-18,7,28.488129573822093,56.0,0,2,56.976259147644186,56.0,True,False,Stockout Risk
FOODS_3_581_CA_1_validation,2016-03-14,9,5.325757783938477,18.0,0,2,10.651515567876954,18.0,False,False,Normal
FOODS_3_581_CA_1_validation,2016-03-21,9,7.052300171932663,18.0,0,2,14.104600343865325,18.0,False,False,Normal
FOODS_3_581_CA_1_validation,2016-03-28,5,7.2339287668146675,15.0,0,2,14.467857533629335,15.0,False,False,Normal
FOODS_3_581_CA_1_validation,2016-04-04,4,6.686471164746416,14.0,0,2,13.372942329492831,14.0,False,False,Normal
FOODS_3_581_CA_1_validation,2016-04-11,9,5.822771418908829,14.0,0,2,11.645542837817658,14.0,False,False,Normal
FOODS_3_581_CA_1_validation,2016-04-18,11,6.911626544388362,14.0,0,2,13.823253088776724,14.0,False,False,Normal
FOODS_3_582_CA_1_validation,2016-03-14,2,3.570477323196968,4.0,0,2,7.140954646393936,4.0,True,False,Stockout Risk
FOODS_3_582_CA_1_validation,2016-03-21,9,3.555919021040477,11.0,0,2,7.111838042080954,11.0,False,False,Normal
FOODS_3_582_CA_1_validation,2016-03-28,8,5.867076630061847,13.0,0,2,11.734153260123694,13.0,False,False,Normal
FOODS_3_582_CA_1_validation,2016-04-04,11,6.2278962269264495,15.0,0,2,12.455792453852899,15.0,False,False,Normal
FOODS_3_582_CA_1_validation,2016-04-11,6,7.469589476988537,17.0,0,2,14.939178953977073,17.0,False,False,Normal
FOODS_3_582_CA_1_validation,2016-04-18,12,7.276774428892401,18.0,0,2,14.553548857784802,18.0,False,False,Normal
FOODS_3_583_CA_1_validation,2016-03-14,0,0.3651618097588788,0.0,0,2,0.7303236195177576,0.0,True,False,Stockout Risk
FOODS_3_583_CA_1_validation,2016-03-21,0,0.3651618097588788,0.0,0,2,0.7303236195177576,0.0,True,False,Stockout Risk
FOODS_3_583_CA_1_validation,2016-03-28,0,0.3651618097588788,0.0,0,2,0.7303236195177576,0.0,True,False,Stockout Risk
FOODS_3_583_CA_1_validation,2016-04-04,0,0.5470073055823366,0.0,0,2,1.0940146111646731,0.0,True,False,Stockout Risk
FOODS_3_583_CA_1_validation,2016-04-11,0,0.3006084123614305,0.0,0,2,0.601216824722861,0.0,True,False,Stockout Risk
FOODS_3_583_CA_1_validation,2016-04-18,12,0.3006084123614305,6.0,0,2,0.601216824722861,6.0,False,False,Normal
FOODS_3_584_CA_1_validation,2016-03-14,16,8.790025433386758,32.0,0,2,17.580050866773515,32.0,False,False,Normal
FOODS_3_584_CA_1_validation,2016-03-21,11,11.647312737926134,27.0,0,2,23.294625475852268,27.0,False,False,Normal
FOODS_3_584_CA_1_validation,2016-03-28,2,10.281814239115464,19.0,0,2,20.563628478230928,19.0,True,False,Stockout Risk
FOODS_3_584_CA_1_validation,2016-04-04,12,7.530063260283668,20.0,0,2,15.060126520567335,20.0,False,False,Normal
FOODS_3_584_CA_1_validation,2016-04-11,5,9.716499236159454,15.0,0,2,19.432998472318907,15.0,True,False,Stockout Risk
FOODS_3_584_CA_1_validation,2016-04-18,17,8.127912678836754,18.0,0,2,16.25582535767351,18.0,False,False,Normal
FOODS_3_585_CA_1_validation,2016-03-14,14,10.349520303413092,28.0,0,2,20.699040606826184,28.0,False,False,Normal
FOODS_3_585_CA_1_validation,2016-03-21,7,11.44344281909723,21.0,0,2,22.88688563819446,21.0,True,False,Stockout Risk
FOODS_3_585_CA_1_validation,2016-03-28,12,10.041375370400829,22.0,0,2,20.082750740801657,22.0,False,False,Normal
FOODS_3_585_CA_1_validation,2016-04-04,10,11.004638106247958,22.0,0,2,22.009276212495916,22.0,True,False,Stockout Risk
FOODS_3_585_CA_1_validation,2016-04-11,10,10.62648176649074,20.0,0,2,21.25296353298148,20.0,True,False,Stockout Risk
FOODS_3_585_CA_1_validation,2016-04-18,15,10.145323696004905,24.0,0,2,20.29064739200981,24.0,False,False,Normal
FOODS_3_586_CA_1_validation,2016-03-14,253,283.8103512309838,506.0,0,2,567.6207024619677,506.0,True,False,Stockout Risk
FOODS_3_586_CA_1_validation,2016-03-21,291,286.09331663396546,544.0,0,2,572.1866332679309,544.0,True,False,Stockout Risk
FOODS_3_586_CA_1_validation,2016-03-28,268,310.70973338359533,541.0,0,2,621.4194667671907,541.0,True,False,Stockout Risk
FOODS_3_586_CA_1_validation,2016-04-04,278,389.08881643727466,545.0,0,2,778.1776328745493,545.0,True,False,Stockout Risk
FOODS_3_586_CA_1_validation,2016-04-11,261,381.3539477932206,549.0,0,2,762.7078955864412,549.0,True,False,Stockout Risk
FOODS_3_586_CA_1_validation,2016-04-18,268,378.932348267077,538.0,0,2,757.864696534154,538.0,True,False,Stockout Risk
FOODS_3_587_CA_1_validation,2016-03-14,267,156.28254743870113,534.0,0,2,312.56509487740226,534.0,False,False,Normal
FOODS_3_587_CA_1_validation,2016-03-21,268,206.7194721800001,535.0,0,2,413.4389443600002,535.0,False,False,Normal
FOODS_3_587_CA_1_validation,2016-03-28,175,219.11830743875623,473.0,0,2,438.23661487751247,473.0,False,False,Normal
FOODS_3_587_CA_1_validation,2016-04-04,170,201.75089075081277,440.0,0,2,403.50178150162554,440.0,False,False,Normal
FOODS_3_587_CA_1_validation,2016-04-11,176,204.0127040663712,394.0,0,2,408.0254081327424,394.0,True,False,Stockout Risk
FOODS_3_587_CA_1_validation,2016-04-18,122,188.08811681092945,322.0,0,2,376.1762336218589,322.0,True,False,Stockout Risk
FOODS_3_588_CA_1_validation,2016-03-14,22,17.66659614016118,44.0,0,2,35.33319228032236,44.0,False,False,Normal
FOODS_3_588_CA_1_validation,2016-03-21,14,20.16549941704148,36.0,0,2,40.33099883408296,36.0,True,False,Stockout Risk
FOODS_3_588_CA_1_validation,2016-03-28,18,18.193908170858755,36.0,0,2,36.38781634171751,36.0,True,False,Stockout Risk
FOODS_3_588_CA_1_validation,2016-04-04,11,16.901245357252687,32.0,0,2,33.802490714505375,32.0,True,False,Stockout Risk
FOODS_3_588_CA_1_validation,2016-04-11,7,14.48323787488987,25.0,0,2,28.96647574977974,25.0,True,False,Stockout Risk
FOODS_3_588_CA_1_validation,2016-04-18,22,12.1873887156732,29.0,0,2,24.3747774313464,29.0,False,False,Normal
FOODS_3_589_CA_1_validation,2016-03-14,0,0.438807456804893,0.0,0,2,0.877614913609786,0.0,True,False,Stockout Risk
FOODS_3_589_CA_1_validation,2016-03-21,0,0.438807456804893,0.0,0,2,0.877614913609786,0.0,True,False,Stockout Risk
FOODS_3_589_CA_1_validation,2016-03-28,0,0.438807456804893,0.0,0,2,0.877614913609786,0.0,True,False,Stockout Risk
FOODS_3_589_CA_1_validation,2016-04-04,0,0.5470073055823366,0.0,0,2,1.0940146111646731,0.0,True,False,Stockout Risk
FOODS_3_589_CA_1_validation,2016-04-11,0,0.3006084123614305,0.0,0,2,0.601216824722861,0.0,True,False,Stockout Risk
FOODS_3_589_CA_1_validation,2016-04-18,0,0.3006084123614305,0.0,0,2,0.601216824722861,0.0,True,False,Stockout Risk
FOODS_3_590_CA_1_validation,2016-03-14,14,0.3651618097588788,28.0,0,2,0.7303236195177576,28.0,False,False,Normal
FOODS_3_590_CA_1_validation,2016-03-21,11,17.625793013206287,25.0,0,2,35.251586026412575,25.0,True,False,Stockout Risk
FOODS_3_590_CA_1_validation,2016-03-28,21,9.806783297125785,31.0,0,2,19.61356659425157,31.0,False,False,Normal
FOODS_3_590_CA_1_validation,2016-04-04,34,18.518238402203718,40.0,0,2,37.036476804407435,40.0,False,False,Normal
FOODS_3_590_CA_1_validation,2016-04-11,23,24.468421474167297,44.0,0,2,48.93684294833459,44.0,True,False,Stockout Risk
FOODS_3_590_CA_1_validation,2016-04-18,21,21.48387663581705,50.0,0,2,42.9677532716341,50.0,False,False,Normal
FOODS_3_591_CA_1_validation,2016-03-14,8,12.00265536062852,16.0,0,2,24.00531072125704,16.0,True,False,Stockout Risk
FOODS_3_591_CA_1_validation,2016-03-21,15,10.910102108169989,23.0,0,2,21.820204216339977,23.0,False,False,Normal
FOODS_3_591_CA_1_validation,2016-03-28,12,11.710943924270946,23.0,0,2,23.421887848541893,23.0,True,False,Stockout Risk
FOODS_3_591_CA_1_validation,2016-04-04,14,11.818224577741807,24.0,0,2,23.636449155483614,24.0,False,False,Normal
FOODS_3_591_CA_1_validation,2016-04-11,19,11.973633386517092,30.0,0,2,23.947266773034183,30.0,False,False,Normal
FOODS_3_591_CA_1_validation,2016-04-18,8,14.760039888832486,26.0,0,2,29.52007977766497,26.0,True,False,Stockout Risk
FOODS_3_592_CA_1_validation,2016-03-14,53,43.11501348282036,106.0,0,2,86.23002696564072,106.0,False,False,Normal
FOODS_3_592_CA_1_validation,2016-03-21,45,43.00211047004207,98.0,0,2,86.00422094008414,98.0,False,False,Normal
FOODS_3_592_CA_1_validation,2016-03-28,45,38.5366281153274,95.0,0,2,77.0732562306548,95.0,False,False,Normal
FOODS_3_592_CA_1_validation,2016-04-04,52,54.21737310590867,98.0,0,2,108.43474621181734,98.0,True,False,Stockout Risk
FOODS_3_592_CA_1_validation,2016-04-11,52,49.09581755573715,97.0,0,2,98.1916351114743,97.0,True,False,Stockout Risk
FOODS_3_592_CA_1_validation,2016-04-18,50,51.08790760153762,100.0,0,2,102.17581520307525,100.0,True,False,Stockout Risk
FOODS_3_593_CA_1_validation,2016-03-14,8,7.062978412176095,16.0,0,2,14.12595682435219,16.0,False,False,Normal
FOODS_3_593_CA_1_validation,2016-03-21,7,7.172390139150861,15.0,0,2,14.344780278301721,15.0,False,False,Normal
FOODS_3_593_CA_1_validation,2016-03-28,9,7.54783366202952,16.0,0,2,15.09566732405904,16.0,False,False,Normal
FOODS_3_593_CA_1_validation,2016-04-04,13,8.01143437776502,18.0,0,2,16.02286875553004,18.0,False,False,Normal
FOODS_3_593_CA_1_validation,2016-04-11,7,9.190583100955491,18.0,0,2,18.381166201910982,18.0,True,False,Stockout Risk
FOODS_3_593_CA_1_validation,2016-04-18,5,8.157552261389544,17.0,0,2,16.315104522779087,17.0,False,False,Normal
FOODS_3_594_CA_1_validation,2016-03-14,33,41.51833081349485,66.0,0,2,83.0366616269897,66.0,True,False,Stockout Risk
FOODS_3_594_CA_1_validation,2016-03-21,33,36.167811112314105,66.0,0,2,72.33562222462821,66.0,True,False,Stockout Risk
FOODS_3_594_CA_1_validation,2016-03-28,23,37.461207913154986,59.0,0,2,74.92241582630997,59.0,True,False,Stockout Risk
FOODS_3_594_CA_1_validation,2016-04-04,0,31.898992789590206,44.0,0,2,63.79798557918041,44.0,True,False,Stockout Risk
FOODS_3_594_CA_1_validation,2016-04-11,0,10.31312418828572,28.0,0,2,20.62624837657144,28.0,False,False,Normal
FOODS_3_594_CA_1_validation,2016-04-18,0,4.956323701308715,12.0,0,2,9.91264740261743,12.0,False,False,Normal
FOODS_3_595_CA_1_validation,2016-03-14,9,7.668332420483643,18.0,0,2,15.336664840967286,18.0,False,False,Normal
FOODS_3_595_CA_1_validation,2016-03-21,6,8.375235757036213,15.0,0,2,16.750471514072427,15.0,True,False,Stockout Risk
FOODS_3_595_CA_1_validation,2016-03-28,12,7.619489797813617,18.0,0,2,15.238979595627233,18.0,False,False,Normal
FOODS_3_595_CA_1_validation,2016-04-04,11,9.418045777341966,19.0,0,2,18.836091554683932,19.0,False,False,Normal
FOODS_3_595_CA_1_validation,2016-04-11,7,9.192282429508726,18.0,0,2,18.384564859017452,18.0,True,False,Stockout Risk
FOODS_3_595_CA_1_validation,2016-04-18,8,8.221940610435313,19.0,0,2,16.443881220870626,19.0,False,False,Normal
FOODS_3_596_CA_1_validation,2016-03-14,11,13.976705294092246,22.0,0,2,27.953410588184493,22.0,True,False,Stockout Risk
FOODS_3_596_CA_1_validation,2016-03-21,22,12.981632721280006,33.0,0,2,25.96326544256001,33.0,False,False,Normal
FOODS_3_596_CA_1_validation,2016-03-28,10,16.76183106078076,29.0,0,2,33.52366212156152,29.0,True,False,Stockout Risk
FOODS_3_596_CA_1_validation,2016-04-04,17,13.511503152874702,30.0,0,2,27.023006305749405,30.0,False,False,Normal
FOODS_3_596_CA_1_validation,2016-04-11,13,14.503757919806864,31.0,0,2,29.007515839613728,31.0,False,False,Normal
FOODS_3_596_CA_1_validation,2016-04-18,12,14.012282217204085,26.0,0,2,28.02456443440817,26.0,True,False,Stockout Risk
FOODS_3_597_CA_1_validation,2016-03-14,0,2.9659815566343197,0.0,0,2,5.9319631132686395,0.0,True,False,Stockout Risk
FOODS_3_597_CA_1_validation,2016-03-21,1,0.9994463211354212,1.0,0,2,1.9988926422708424,1.0,True,False,Stockout Risk
FOODS_3_597_CA_1_validation,2016-03-28,0,2.3200495624367257,1.0,0,2,4.640099124873451,1.0,True,False,Stockout Risk
FOODS_3_597_CA_1_validation,2016-04-04,0,1.2091454856713904,0.0,0,2,2.4182909713427807,0.0,True,False,Stockout Risk
FOODS_3_597_CA_1_validation,2016-04-11,0,1.064996876750888,0.0,0,2,2.129993753501776,0.0,True,False,Stockout Risk
FOODS_3_597_CA_1_validation,2016-04-18,2,0.9026045081591122,1.0,0,2,1.8052090163182244,1.0,True,False,Stockout Risk
FOODS_3_598_CA_1_validation,2016-03-14,31,23.35033768875364,62.0,0,2,46.70067537750728,62.0,False,False,Normal
FOODS_3_598_CA_1_validation,2016-03-21,16,25.98723455279429,47.0,0,2,51.97446910558858,47.0,True,False,Stockout Risk
FOODS_3_598_CA_1_validation,2016-03-28,28,22.64852968083261,50.0,0,2,45.29705936166522,50.0,False,False,Normal
FOODS_3_598_CA_1_validation,2016-04-04,22,25.415282723080363,48.0,0,2,50.830565446160726,48.0,True,False,Stockout Risk
FOODS_3_598_CA_1_validation,2016-04-11,30,23.20874566572302,48.0,0,2,46.41749133144604,48.0,False,False,Normal
FOODS_3_598_CA_1_validation,2016-04-18,27,25.0005803828952,54.0,0,2,50.0011607657904,54.0,False,False,Normal
FOODS_3_599_CA_1_validation,2016-03-14,10,10.105911115039998,20.0,0,2,20.211822230079996,20.0,True,False,Stockout Risk
FOODS_3_599_CA_1_validation,2016-03-21,17,10.0171662465359,27.0,0,2,20.0343324930718,27.0,False,False,Normal
FOODS_3_599_CA_1_validation,2016-03-28,15,12.121309540945973,28.0,0,2,24.242619081891945,28.0,False,False,Normal
FOODS_3_599_CA_1_validation,2016-04-04,9,12.069850532734945,26.0,0,2,24.13970106546989,26.0,False,False,Normal
FOODS_3_599_CA_1_validation,2016-04-11,22,11.52313097849335,32.0,0,2,23.0462619569867,32.0,False,False,Normal
FOODS_3_599_CA_1_validation,2016-04-18,18,16.085070987113628,32.0,0,2,32.170141974227256,32.0,True,False,Stockout Risk
FOODS_3_600_CA_1_validation,2016-03-14,0,0.3651618097588788,0.0,0,2,0.7303236195177576,0.0,True,False,Stockout Risk
FOODS_3_600_CA_1_validation,2016-03-21,1,0.3651618097588788,1.0,0,2,0.7303236195177576,1.0,False,False,Normal
FOODS_3_600_CA_1_validation,2016-03-28,7,3.4892927071156072,5.0,0,2,6.9785854142312145,5.0,True,False,Stockout Risk
FOODS_3_600_CA_1_validation,2016-04-04,5,5.492393828164387,6.0,0,2,10.984787656328773,6.0,True,False,Stockout Risk
FOODS_3_600_CA_1_validation,2016-04-11,4,5.221457068189009,8.0,0,2,10.442914136378018,8.0,True,False,Stockout Risk
FOODS_3_600_CA_1_validation,2016-04-18,1,4.260618052290597,8.0,0,2,8.521236104581194,8.0,True,False,Stockout Risk
FOODS_3_601_CA_1_validation,2016-03-14,1,4.320897691438466,2.0,0,2,8.641795382876932,2.0,True,False,Stockout Risk
FOODS_3_601_CA_1_validation,2016-03-21,1,2.659598560997184,2.0,0,2,5.319197121994368,2.0,True,False,Stockout Risk
FOODS_3_601_CA_1_validation,2016-03-28,3,2.82851272061222,3.0,0,2,5.65702544122444,3.0,True,False,Stockout Risk
FOODS_3_601_CA_1_validation,2016-04-04,4,3.823769317207122,4.0,0,2,7.647538634414244,4.0,True,False,Stockout Risk
FOODS_3_601_CA_1_validation,2016-04-11,0,3.529632518635924,4.0,0,2,7.059265037271848,4.0,True,False,Stockout Risk
FOODS_3_601_CA_1_validation,2016-04-18,2,1.0644995476826795,4.0,0,2,2.128999095365359,4.0,False,False,Normal
FOODS_3_602_CA_1_validation,2016-03-14,5,0.3651618097588788,10.0,0,2,0.7303236195177576,10.0,False,False,Normal
FOODS_3_602_CA_1_validation,2016-03-21,10,5.589818182067633,15.0,0,2,11.179636364135266,15.0,False,False,Normal
FOODS_3_602_CA_1_validation,2016-03-28,11,7.752954159118516,17.0,0,2,15.505908318237031,17.0,False,False,Normal
FOODS_3_602_CA_1_validation,2016-04-04,16,9.8304744229416,21.0,0,2,19.6609488458832,21.0,False,False,Normal
FOODS_3_602_CA_1_validation,2016-04-11,25,11.699205341726312,31.0,0,2,23.398410683452624,31.0,False,False,Normal
FOODS_3_602_CA_1_validation,2016-04-18,10,17.95480564078683,31.0,0,2,35.90961128157366,31.0,True,False,Stockout Risk
FOODS_3_603_CA_1_validation,2016-03-14,28,22.753265661449426,56.0,0,2,45.50653132289885,56.0,False,False,Normal
FOODS_3_603_CA_1_validation,2016-03-21,19,25.62843999805549,47.0,0,2,51.25687999611098,47.0,True,False,Stockout Risk
FOODS_3_603_CA_1_validation,2016-03-28,40,22.05196530977489,58.0,0,2,44.10393061954978,58.0,False,False,Normal
FOODS_3_603_CA_1_validation,2016-04-04,29,31.48920360534352,58.0,0,2,62.97840721068704,58.0,True,False,Stockout Risk
FOODS_3_603_CA_1_validation,2016-04-11,30,28.295693792080563,59.0,0,2,56.591387584161126,59.0,False,False,Normal
FOODS_3_603_CA_1_validation,2016-04-18,40,28.275156731738047,70.0,0,2,56.550313463476094,70.0,False,False,Normal
FOODS_3_604_CA_1_validation,2016-03-14,9,10.412940416259527,18.0,0,2,20.825880832519054,18.0,True,False,Stockout Risk
FOODS_3_604_CA_1_validation,2016-03-21,7,9.945326134682638,16.0,0,2,19.890652269365276,16.0,True,False,Stockout Risk
FOODS_3_604_CA_1_validation,2016-03-28,12,9.509009236572862,19.0,0,2,19.018018473145723,19.0,True,False,Stockout Risk
FOODS_3_604_CA_1_validation,2016-04-04,17,9.857338348601104,22.0,0,2,19.714676697202208,22.0,False,False,Normal
FOODS_3_604_CA_1_validation,2016-04-11,3,11.622355597981873,20.0,0,2,23.244711195963745,20.0,True,False,Stockout Risk
FOODS_3_604_CA_1_validation,2016-04-18,14,8.266719862975743,23.0,0,2,16.533439725951485,23.0,False,False,Normal
FOODS_3_605_CA_1_validation,2016-03-14,2,0.3651618097588788,4.0,0,2,0.7303236195177576,4.0,False,False,Normal
FOODS_3_605_CA_1_validation,2016-03-21,8,4.021869774006724,10.0,0,2,8.043739548013448,10.0,False,False,Normal
FOODS_3_605_CA_1_validation,2016-03-28,7,6.212764539771523,11.0,0,2,12.425529079543047,11.0,True,False,Stockout Risk
FOODS_3_605_CA_1_validation,2016-04-04,8,6.948540599576947,12.0,0,2,13.897081199153893,12.0,True,False,Stockout Risk
FOODS_3_605_CA_1_validation,2016-04-11,13,6.436493305380832,18.0,0,2,12.872986610761664,18.0,False,False,Normal
FOODS_3_605_CA_1_validation,2016-04-18,8,9.450728000538634,18.0,0,2,18.901456001077268,18.0,True,False,Stockout Risk
FOODS_3_606_CA_1_validation,2016-03-14,20,18.44350772307854,40.0,0,2,36.88701544615708,40.0,False,False,Normal
FOODS_3_606_CA_1_validation,2016-03-21,12,18.749856366352628,32.0,0,2,37.499712732705255,32.0,True,False,Stockout Risk
FOODS_3_606_CA_1_validation,2016-03-28,17,16.83316257739554,33.0,0,2,33.66632515479108,33.0,True,False,Stockout Risk
FOODS_3_606_CA_1_validation,2016-04-04,23,16.851016479478517,36.0,0,2,33.702032958957034,36.0,False,False,Normal
FOODS_3_606_CA_1_validation,2016-04-11,19,17.92913933892392,36.0,0,2,35.85827867784784,36.0,False,False,Normal
FOODS_3_606_CA_1_validation,2016-04-18,13,17.741523875706957,36.0,0,2,35.48304775141391,36.0,False,False,Normal
FOODS_3_607_CA_1_validation,2016-03-14,117,104.47229308787242,234.0,0,2,208.94458617574483,234.0,False,False,Normal
FOODS_3_607_CA_1_validation,2016-03-21,107,101.58465677800196,224.0,0,2,203.1693135560039,224.0,False,False,Normal
FOODS_3_607_CA_1_validation,2016-03-28,66,118.42375589471932,193.0,0,2,236.84751178943864,193.0,True,False,Stockout Risk
FOODS_3_607_CA_1_validation,2016-04-04,91,87.94574455992618,190.0,0,2,175.89148911985237,190.0,False,False,Normal
FOODS_3_607_CA_1_validation,2016-04-11,75,93.9495089338638,170.0,0,2,187.8990178677276,170.0,True,False,Stockout Risk
FOODS_3_607_CA_1_validation,2016-04-18,80,80.1785371708123,156.0,0,2,160.3570743416246,156.0,True,False,Stockout Risk
FOODS_3_608_CA_1_validation,2016-03-14,3,10.869060724549083,6.0,0,2,21.738121449098166,6.0,True,False,Stockout Risk
FOODS_3_608_CA_1_validation,2016-03-21,15,7.338606443754278,18.0,0,2,14.677212887508556,18.0,False,False,Normal
FOODS_3_608_CA_1_validation,2016-03-28,4,9.924225142582996,15.0,0,2,19.848450285165992,15.0,True,False,Stockout Risk
FOODS_3_608_CA_1_validation,2016-04-04,18,7.61088514539354,20.0,0,2,15.22177029078708,20.0,False,False,Normal
FOODS_3_608_CA_1_validation,2016-04-11,6,11.605109193430907,22.0,0,2,23.210218386861815,22.0,True,False,Stockout Risk
FOODS_3_608_CA_1_validation,2016-04-18,8,9.430226044671238,18.0,0,2,18.860452089342477,18.0,True,False,Stockout Risk
FOODS_3_609_CA_1_validation,2016-03-14,13,19.21154449908153,26.0,0,2,38.42308899816306,26.0,True,False,Stockout Risk
FOODS_3_609_CA_1_validation,2016-03-21,18,16.750461964013937,31.0,0,2,33.50092392802787,31.0,True,False,Stockout Risk
FOODS_3_609_CA_1_validation,2016-03-28,10,16.588408037811906,27.0,0,2,33.17681607562381,27.0,True,False,Stockout Risk
FOODS_3_609_CA_1_validation,2016-04-04,7,15.049865242749018,24.0,0,2,30.099730485498036,24.0,True,False,Stockout Risk
FOODS_3_609_CA_1_validation,2016-04-11,11,11.387707080690337,23.0,0,2,22.775414161380674,23.0,False,False,Normal
FOODS_3_609_CA_1_validation,2016-04-18,14,11.986662534122358,21.0,0,2,23.973325068244716,21.0,True,False,Stockout Risk
FOODS_3_610_CA_1_validation,2016-03-14,7,7.134000378462235,14.0,0,2,14.26800075692447,14.0,True,False,Stockout Risk
FOODS_3_610_CA_1_validation,2016-03-21,11,6.700393199349069,18.0,0,2,13.400786398698138,18.0,False,False,Normal
FOODS_3_610_CA_1_validation,2016-03-28,12,7.803191474013245,20.0,0,2,15.60638294802649,20.0,False,False,Normal
FOODS_3_610_CA_1_validation,2016-04-04,6,9.359631789566174,18.0,0,2,18.71926357913235,18.0,True,False,Stockout Risk
FOODS_3_610_CA_1_validation,2016-04-11,8,8.282524526915196,18.0,0,2,16.565049053830393,18.0,False,False,Normal
FOODS_3_610_CA_1_validation,2016-04-18,6,8.264646411408584,16.0,0,2,16.52929282281717,16.0,True,False,Stockout Risk
FOODS_3_611_CA_1_validation,2016-03-14,8,9.330968211976206,16.0,0,2,18.66193642395241,16.0,True,False,Stockout Risk
FOODS_3_611_CA_1_validation,2016-03-21,9,8.620238525338118,17.0,0,2,17.240477050676237,17.0,True,False,Stockout Risk
FOODS_3_611_CA_1_validation,2016-03-28,1,8.595058626239219,12.0,0,2,17.190117252478437,12.0,True,False,Stockout Risk
FOODS_3_611_CA_1_validation,2016-04-04,11,5.882017785223519,14.0,0,2,11.764035570447039,14.0,False,False,Normal
FOODS_3_611_CA_1_validation,2016-04-11,14,8.069893257401269,18.0,0,2,16.139786514802537,18.0,False,False,Normal
FOODS_3_611_CA_1_validation,2016-04-18,6,10.28046585941246,16.0,0,2,20.56093171882492,16.0,True,False,Stockout Risk
FOODS_3_612_CA_1_validation,2016-03-14,13,8.65589305326104,26.0,0,2,17.31178610652208,26.0,False,False,Normal
FOODS_3_612_CA_1_validation,2016-03-21,11,9.67710471997619,24.0,0,2,19.35420943995238,24.0,False,False,Normal
FOODS_3_612_CA_1_validation,2016-03-28,10,10.220755528394626,23.0,0,2,20.441511056789253,23.0,False,False,Normal
FOODS_3_612_CA_1_validation,2016-04-04,3,9.857975504275036,18.0,0,2,19.71595100855007,18.0,True,False,Stockout Risk
FOODS_3_612_CA_1_validation,2016-04-11,11,7.767831127385286,18.0,0,2,15.535662254770571,18.0,False,False,Normal
FOODS_3_612_CA_1_validation,2016-04-18,11,8.873177431696533,18.0,0,2,17.746354863393066,18.0,False,False,Normal
FOODS_3_613_CA_1_validation,2016-03-14,8,5.688872146279223,16.0,0,2,11.377744292558447,16.0,False,False,Normal
FOODS_3_613_CA_1_validation,2016-03-21,5,6.301519003466362,13.0,0,2,12.603038006932724,13.0,False,False,Normal
FOODS_3_613_CA_1_validation,2016-03-28,4,5.977873466361281,11.0,0,2,11.955746932722562,11.0,True,False,Stockout Risk
FOODS_3_613_CA_1_validation,2016-04-04,4,5.1731793374229005,10.0,0,2,10.346358674845801,10.0,True,False,Stockout Risk
FOODS_3_613_CA_1_validation,2016-04-11,0,4.941096542050196,6.0,0,2,9.882193084100392,6.0,True,False,Stockout Risk
FOODS_3_613_CA_1_validation,2016-04-18,6,1.9773642417041024,7.0,0,2,3.954728483408205,7.0,False,False,Normal
FOODS_3_614_CA_1_validation,2016-03-14,0,8.84464953528595,0.0,0,2,17.6892990705719,0.0,True,False,Stockout Risk
FOODS_3_614_CA_1_validation,2016-03-21,12,5.506546245809303,12.0,0,2,11.013092491618606,12.0,False,False,Normal
FOODS_3_614_CA_1_validation,2016-03-28,7,9.117975098013249,13.0,0,2,18.235950196026497,13.0,True,False,Stockout Risk
FOODS_3_614_CA_1_validation,2016-04-04,0,8.029644834717763,10.0,0,2,16.059289669435525,10.0,True,False,Stockout Risk
FOODS_3_614_CA_1_validation,2016-04-11,0,2.8379923746499656,10.0,0,2,5.675984749299931,10.0,False,False,Normal
FOODS_3_614_CA_1_validation,2016-04-18,0,2.52994558454102,4.0,0,2,5.05989116908204,4.0,True,False,Stockout Risk
FOODS_3_615_CA_1_validation,2016-03-14,25,13.607426370930764,50.0,0,2,27.214852741861527,50.0,False,False,Normal
FOODS_3_615_CA_1_validation,2016-03-21,23,17.417315215559395,48.0,0,2,34.83463043111879,48.0,False,False,Normal
FOODS_3_615_CA_1_validation,2016-03-28,27,20.130516303967664,50.0,0,2,40.26103260793533,50.0,False,False,Normal
FOODS_3_615_CA_1_validation,2016-04-04,13,21.516027566276957,44.0,0,2,43.032055132553914,44.0,False,False,Normal
FOODS_3_615_CA_1_validation,2016-04-11,15,18.34009857603492,39.0,0,2,36.68019715206984,39.0,False,False,Normal
FOODS_3_615_CA_1_validation,2016-04-18,12,17.701621548008617,34.0,0,2,35.403243096017235,34.0,True,False,Stockout Risk
FOODS_3_616_CA_1_validation,2016-03-14,6,1.3178502882281014,12.0,0,2,2.6357005764562027,12.0,False,False,Normal
FOODS_3_616_CA_1_validation,2016-03-21,3,4.8567942295266056,9.0,0,2,9.713588459053211,9.0,True,False,Stockout Risk
FOODS_3_616_CA_1_validation,2016-03-28,4,3.659560752691492,9.0,0,2,7.319121505382984,9.0,False,False,Normal
FOODS_3_616_CA_1_validation,2016-04-04,6,4.192193499125413,10.0,0,2,8.384386998250825,10.0,False,False,Normal
FOODS_3_616_CA_1_validation,2016-04-11,5,4.728421158514574,9.0,0,2,9.456842317029148,9.0,True,False,Stockout Risk
FOODS_3_616_CA_1_validation,2016-04-18,3,4.682044371774709,9.0,0,2,9.364088743549418,9.0,True,False,Stockout Risk
FOODS_3_617_CA_1_validation,2016-03-14,25,16.077215119327548,50.0,0,2,32.154430238655095,50.0,False,False,Normal
FOODS_3_617_CA_1_validation,2016-03-21,13,19.155864653189237,38.0,0,2,38.311729306378474,38.0,True,False,Stockout Risk
FOODS_3_617_CA_1_validation,2016-03-28,23,16.750461964013937,41.0,0,2,33.50092392802787,41.0,False,False,Normal
FOODS_3_617_CA_1_validation,2016-04-04,21,19.476701961654577,41.0,0,2,38.95340392330915,41.0,False,False,Normal
FOODS_3_617_CA_1_validation,2016-04-11,10,19.272884166701832,34.0,0,2,38.545768333403664,34.0,True,False,Stockout Risk
FOODS_3_617_CA_1_validation,2016-04-18,12,15.583959263670303,33.0,0,2,31.167918527340607,33.0,False,False,Normal
FOODS_3_618_CA_1_validation,2016-03-14,24,33.28181145227422,48.0,0,2,66.56362290454844,48.0,True,False,Stockout Risk
FOODS_3_618_CA_1_validation,2016-03-21,32,25.62647830397269,56.0,0,2,51.25295660794538,56.0,False,False,Normal
FOODS_3_618_CA_1_validation,2016-03-28,48,27.604136069763307,69.0,0,2,55.20827213952661,69.0,False,False,Normal
FOODS_3_618_CA_1_validation,2016-04-04,61,45.46044534207998,82.0,0,2,90.92089068415996,82.0,True,False,Stockout Risk
FOODS_3_618_CA_1_validation,2016-04-11,53,47.251001190667765,97.0,0,2,94.50200238133553,97.0,False,False,Normal
FOODS_3_618_CA_1_validation,2016-04-18,45,47.586941420428055,104.0,0,2,95.17388284085611,104.0,False,False,Normal
FOODS_3_619_CA_1_validation,2016-03-14,0,2.4334044897432023,0.0,0,2,4.866808979486405,0.0,True,False,Stockout Risk
FOODS_3_619_CA_1_validation,2016-03-21,2,1.043850061217488,2.0,0,2,2.087700122434976,2.0,True,False,Stockout Risk
FOODS_3_619_CA_1_validation,2016-03-28,4,2.8526266293278426,4.0,0,2,5.705253258655685,4.0,True,False,Stockout Risk
FOODS_3_619_CA_1_validation,2016-04-04,3,3.5970573721535057,4.0,0,2,7.1941147443070115,4.0,True,False,Stockout Risk
FOODS_3_619_CA_1_validation,2016-04-11,2,3.937714886224681,6.0,0,2,7.875429772449362,6.0,True,False,Stockout Risk
FOODS_3_619_CA_1_validation,2016-04-18,1,3.0752824154039238,5.0,0,2,6.1505648308078475,5.0,True,False,Stockout Risk
FOODS_3_620_CA_1_validation,2016-03-14,8,8.299077604712203,16.0,0,2,16.598155209424405,16.0,True,False,Stockout Risk
FOODS_3_620_CA_1_validation,2016-03-21,7,8.663005443295171,15.0,0,2,17.326010886590343,15.0,True,False,Stockout Risk
FOODS_3_620_CA_1_validation,2016-03-28,11,8.21141020191066,17.0,0,2,16.42282040382132,17.0,False,False,Normal
FOODS_3_620_CA_1_validation,2016-04-04,5,8.76293628653042,16.0,0,2,17.52587257306084,16.0,True,False,Stockout Risk
FOODS_3_620_CA_1_validation,2016-04-11,12,7.713899911277453,18.0,0,2,15.427799822554906,18.0,False,False,Normal
FOODS_3_620_CA_1_validation,2016-04-18,2,9.043945983894089,15.0,0,2,18.087891967788178,15.0,True,False,Stockout Risk
FOODS_3_621_CA_1_validation,2016-03-14,25,17.573278411551183,50.0,0,2,35.146556823102365,50.0,False,False,Normal
FOODS_3_621_CA_1_validation,2016-03-21,24,19.107100527489635,49.0,0,2,38.21420105497927,49.0,False,False,Normal
FOODS_3_621_CA_1_validation,2016-03-28,25,20.13673592854545,49.0,0,2,40.2734718570909,49.0,False,False,Normal
FOODS_3_621_CA_1_validation,2016-04-04,14,23.494543571957703,44.0,0,2,46.989087143915405,44.0,True,False,Stockout Risk
FOODS_3_621_CA_1_validation,2016-04-11,28,19.739975963968245,46.0,0,2,39.47995192793649,46.0,False,False,Normal
FOODS_3_621_CA_1_validation,2016-04-18,14,23.411494680381608,40.0,0,2,46.822989360763216,40.0,True,False,Stockout Risk
FOODS_3_622_CA_1_validation,2016-03-14,4,4.996061708601417,8.0,0,2,9.992123417202833,8.0,True,False,Stockout Risk
FOODS_3_622_CA_1_validation,2016-03-21,5,4.986549851916825,9.0,0,2,9.97309970383365,9.0,True,False,Stockout Risk
FOODS_3_622_CA_1_validation,2016-03-28,3,4.941303083498914,8.0,0,2,9.882606166997828,8.0,True,False,Stockout Risk
FOODS_3_622_CA_1_validation,2016-04-04,7,4.464538776468032,10.0,0,2,8.929077552936064,10.0,False,False,Normal
FOODS_3_622_CA_1_validation,2016-04-11,1,5.00983878061118,8.0,0,2,10.01967756122236,8.0,True,False,Stockout Risk
FOODS_3_622_CA_1_validation,2016-04-18,3,3.545238042895179,7.0,0,2,7.090476085790358,7.0,True,False,Stockout Risk
FOODS_3_623_CA_1_validation,2016-03-14,6,7.720097454533633,12.0,0,2,15.440194909067266,12.0,True,False,Stockout Risk
FOODS_3_623_CA_1_validation,2016-03-21,4,7.200448173627212,10.0,0,2,14.400896347254424,10.0,True,False,Stockout Risk
FOODS_3_623_CA_1_validation,2016-03-28,2,6.292775762151697,8.0,0,2,12.585551524303394,8.0,True,False,Stockout Risk
FOODS_3_623_CA_1_validation,2016-04-04,6,5.016299521457298,9.0,0,2,10.032599042914596,9.0,True,False,Stockout Risk
FOODS_3_623_CA_1_validation,2016-04-11,12,5.27302317339906,12.0,0,2,10.54604634679812,12.0,False,False,Normal
FOODS_3_623_CA_1_validation,2016-04-18,0,7.297782816134783,10.0,0,2,14.595565632269565,10.0,True,False,Stockout Risk
FOODS_3_624_CA_1_validation,2016-03-14,6,6.613030910713403,12.0,0,2,13.226061821426805,12.0,True,False,Stockout Risk
FOODS_3_624_CA_1_validation,2016-03-21,2,7.218617970551786,8.0,0,2,14.437235941103571,8.0,True,False,Stockout Risk
FOODS_3_624_CA_1_validation,2016-03-28,6,5.184268329906429,9.0,0,2,10.368536659812857,9.0,True,False,Stockout Risk
FOODS_3_624_CA_1_validation,2016-04-04,18,6.105889415068121,16.0,0,2,12.211778830136241,16.0,False,False,Normal
FOODS_3_624_CA_1_validation,2016-04-11,6,10.105022714568424,16.0,0,2,20.210045429136848,16.0,True,False,Stockout Risk
FOODS_3_624_CA_1_validation,2016-04-18,7,7.745612501408865,18.0,0,2,15.49122500281773,18.0,False,False,Normal
FOODS_3_625_CA_1_validation,2016-03-14,11,14.358681466873705,22.0,0,2,28.71736293374741,22.0,True,False,Stockout Risk
FOODS_3_625_CA_1_validation,2016-03-21,14,13.134076712773972,25.0,0,2,26.268153425547943,25.0,True,False,Stockout Risk
FOODS_3_625_CA_1_validation,2016-03-28,6,14.25454108891356,21.0,0,2,28.50908217782712,21.0,True,False,Stockout Risk
FOODS_3_625_CA_1_validation,2016-04-04,13,10.489479720881109,22.0,0,2,20.978959441762218,22.0,False,False,Normal
FOODS_3_625_CA_1_validation,2016-04-11,20,11.714486993441996,26.0,0,2,23.428973986883992,26.0,False,False,Normal
FOODS_3_625_CA_1_validation,2016-04-18,11,14.39442465117973,25.0,0,2,28.78884930235946,25.0,True,False,Stockout Risk
FOODS_3_626_CA_1_validation,2016-03-14,4,6.049011663995128,8.0,0,2,12.098023327990257,8.0,True,False,Stockout Risk
FOODS_3_626_CA_1_validation,2016-03-21,4,5.537543826355289,8.0,0,2,11.075087652710579,8.0,True,False,Stockout Risk
FOODS_3_626_CA_1_validation,2016-03-28,5,5.560340332915995,9.0,0,2,11.12068066583199,9.0,True,False,Stockout Risk
FOODS_3_626_CA_1_validation,2016-04-04,9,6.050103564475624,11.0,0,2,12.100207128951247,11.0,True,False,Stockout Risk
FOODS_3_626_CA_1_validation,2016-04-11,10,6.118431579790995,14.0,0,2,12.23686315958199,14.0,False,False,Normal
FOODS_3_626_CA_1_validation,2016-04-18,8,7.312214379220621,16.0,0,2,14.624428758441242,16.0,False,False,Normal
FOODS_3_627_CA_1_validation,2016-03-14,2,6.3928531954632914,4.0,0,2,12.785706390926583,4.0,True,False,Stockout Risk
FOODS_3_627_CA_1_validation,2016-03-21,5,5.110145147301553,7.0,0,2,10.220290294603107,7.0,True,False,Stockout Risk
FOODS_3_627_CA_1_validation,2016-03-28,5,5.0708938815604405,8.0,0,2,10.141787763120881,8.0,True,False,Stockout Risk
FOODS_3_627_CA_1_validation,2016-04-04,8,5.290081415376192,10.0,0,2,10.580162830752384,10.0,True,False,Stockout Risk
FOODS_3_627_CA_1_validation,2016-04-11,9,5.7057359917986,14.0,0,2,11.4114719835972,14.0,False,False,Normal
FOODS_3_627_CA_1_validation,2016-04-18,8,7.252687951088747,15.0,0,2,14.505375902177494,15.0,False,False,Normal
FOODS_3_628_CA_1_validation,2016-03-14,25,28.804742529188804,50.0,0,2,57.60948505837761,50.0,True,False,Stockout Risk
FOODS_3_628_CA_1_validation,2016-03-21,38,26.544398122865,63.0,0,2,53.08879624573,63.0,False,False,Normal
FOODS_3_628_CA_1_validation,2016-03-28,38,33.47976688781805,67.0,0,2,66.9595337756361,67.0,False,False,Normal
FOODS_3_628_CA_1_validation,2016-04-04,25,33.01193902444187,63.0,0,2,66.02387804888374,63.0,True,False,Stockout Risk
FOODS_3_628_CA_1_validation,2016-04-11,32,27.41306707848804,66.0,0,2,54.82613415697608,66.0,False,False,Normal
FOODS_3_628_CA_1_validation,2016-04-18,29,30.38283448405963,62.0,0,2,60.76566896811926,62.0,False,False,Normal
FOODS_3_629_CA_1_validation,2016-03-14,5,4.470823833250456,10.0,0,2,8.941647666500913,10.0,False,False,Normal
FOODS_3_629_CA_1_validation,2016-03-21,5,4.57544012302421,10.0,0,2,9.15088024604842,10.0,False,False,Normal
FOODS_3_629_CA_1_validation,2016-03-28,4,4.76575904510154,9.0,0,2,9.53151809020308,9.0,True,False,Stockout Risk
FOODS_3_629_CA_1_validation,2016-04-04,3,4.825918473289089,8.0,0,2,9.651836946578179,8.0,True,False,Stockout Risk
FOODS_3_629_CA_1_validation,2016-04-11,3,4.108908682341409,8.0,0,2,8.217817364682817,8.0,True,False,Stockout Risk
FOODS_3_629_CA_1_validation,2016-04-18,1,3.786757959679844,6.0,0,2,7.573515919359688,6.0,True,False,Stockout Risk
FOODS_3_630_CA_1_validation,2016-03-14,0,0.3651618097588788,0.0,0,2,0.7303236195177576,0.0,True,False,Stockout Risk
FOODS_3_630_CA_1_validation,2016-03-21,0,0.3651618097588788,0.0,0,2,0.7303236195177576,0.0,True,False,Stockout Risk
FOODS_3_630_CA_1_validation,2016-03-28,0,0.3651618097588788,0.0,0,2,0.7303236195177576,0.0,True,False,Stockout Risk
FOODS_3_630_CA_1_validation,2016-04-04,0,0.5470073055823366,0.0,0,2,1.0940146111646731,0.0,True,False,Stockout Risk
FOODS_3_630_CA_1_validation,2016-04-11,0,0.3006084123614305,0.0,0,2,0.601216824722861,0.0,True,False,Stockout Risk
FOODS_3_630_CA_1_validation,2016-04-18,0,0.3006084123614305,0.0,0,2,0.601216824722861,0.0,True,False,Stockout Risk
FOODS_3_631_CA_1_validation,2016-03-14,9,14.707497614771034,18.0,0,2,29.41499522954207,18.0,True,False,Stockout Risk
FOODS_3_631_CA_1_validation,2016-03-21,7,12.936100919086863,16.0,0,2,25.872201838173726,16.0,True,False,Stockout Risk
FOODS_3_631_CA_1_validation,2016-03-28,3,11.456011845965987,13.0,0,2,22.912023691931974,13.0,True,False,Stockout Risk
FOODS_3_631_CA_1_validation,2016-04-04,5,8.246329840803872,12.0,0,2,16.492659681607744,12.0,True,False,Stockout Risk
FOODS_3_631_CA_1_validation,2016-04-11,2,6.988429111914906,8.0,0,2,13.976858223829812,8.0,True,False,Stockout Risk
FOODS_3_631_CA_1_validation,2016-04-18,13,5.328739937214121,12.0,0,2,10.657479874428242,12.0,False,False,Normal
FOODS_3_632_CA_1_validation,2016-03-14,14,13.842295424305073,28.0,0,2,27.684590848610146,28.0,False,False,Normal
FOODS_3_632_CA_1_validation,2016-03-21,21,14.411203095734647,35.0,0,2,28.822406191469295,35.0,False,False,Normal
FOODS_3_632_CA_1_validation,2016-03-28,14,16.470742956223475,33.0,0,2,32.94148591244695,33.0,False,False,Normal
FOODS_3_632_CA_1_validation,2016-04-04,14,14.922368666506568,32.0,0,2,29.844737333013136,32.0,False,False,Normal
FOODS_3_632_CA_1_validation,2016-04-11,20,14.282652770969332,34.0,0,2,28.565305541938663,34.0,False,False,Normal
FOODS_3_632_CA_1_validation,2016-04-18,21,16.420117754711256,34.0,0,2,32.84023550942251,34.0,False,False,Normal
FOODS_3_633_CA_1_validation,2016-03-14,10,7.2580133305632035,20.0,0,2,14.516026661126407,20.0,False,False,Normal
FOODS_3_633_CA_1_validation,2016-03-21,7,8.784929513446341,17.0,0,2,17.569859026892683,17.0,True,False,Stockout Risk
FOODS_3_633_CA_1_validation,2016-03-28,6,7.920050889766212,15.0,0,2,15.840101779532423,15.0,True,False,Stockout Risk
FOODS_3_633_CA_1_validation,2016-04-04,5,7.398697356280092,14.0,0,2,14.797394712560184,14.0,True,False,Stockout Risk
FOODS_3_633_CA_1_validation,2016-04-11,8,6.692584984006242,13.0,0,2,13.385169968012484,13.0,True,False,Stockout Risk
FOODS_3_633_CA_1_validation,2016-04-18,4,6.897618632763947,12.0,0,2,13.795237265527893,12.0,True,False,Stockout Risk
FOODS_3_634_CA_1_validation,2016-03-14,28,27.219646249665217,56.0,0,2,54.439292499330435,56.0,False,False,Normal
FOODS_3_634_CA_1_validation,2016-03-21,45,28.35653215254517,73.0,0,2,56.71306430509034,73.0,False,False,Normal
FOODS_3_634_CA_1_validation,2016-03-28,20,37.61662829826606,62.0,0,2,75.23325659653212,62.0,True,False,Stockout Risk
FOODS_3_634_CA_1_validation,2016-04-04,21,24.533999013270417,57.0,0,2,49.067998026540835,57.0,False,False,Normal
FOODS_3_634_CA_1_validation,2016-04-11,28,23.601956610680563,57.0,0,2,47.20391322136113,57.0,False,False,Normal
FOODS_3_634_CA_1_validation,2016-04-18,21,27.611763272199205,45.0,0,2,55.22352654439841,45.0,True,False,Stockout Risk
FOODS_3_635_CA_1_validation,2016-03-14,0,3.225618119550528,0.0,0,2,6.451236239101056,0.0,True,False,Stockout Risk
FOODS_3_635_CA_1_validation,2016-03-21,0,2.664947174864266,0.0,0,2,5.329894349728532,0.0,True,False,Stockout Risk
FOODS_3_635_CA_1_validation,2016-03-28,11,2.129649162106424,7.0,0,2,4.259298324212848,7.0,False,False,Normal
FOODS_3_635_CA_1_validation,2016-04-04,0,11.424792568780704,6.0,0,2,22.84958513756141,6.0,True,False,Stockout Risk
FOODS_3_635_CA_1_validation,2016-04-11,0,3.369939415601037,6.0,0,2,6.739878831202074,6.0,True,False,Stockout Risk
FOODS_3_635_CA_1_validation,2016-04-18,0,1.1584164537807,6.0,0,2,2.3168329075614,6.0,False,False,Normal
FOODS_3_636_CA_1_validation,2016-03-14,41,6.0114994956401935,82.0,0,2,12.022998991280387,82.0,False,False,Normal
FOODS_3_636_CA_1_validation,2016-03-21,36,33.20352811019888,77.0,0,2,66.40705622039776,77.0,False,False,Normal
FOODS_3_636_CA_1_validation,2016-03-28,49,28.232770317797648,84.0,0,2,56.465540635595296,84.0,False,False,Normal
FOODS_3_636_CA_1_validation,2016-04-04,40,42.04943361444934,83.0,0,2,84.09886722889868,83.0,True,False,Stockout Risk
FOODS_3_636_CA_1_validation,2016-04-11,30,36.11680240224436,78.0,0,2,72.23360480448872,78.0,False,False,Normal
FOODS_3_636_CA_1_validation,2016-04-18,47,29.49990545231008,83.0,0,2,58.99981090462016,83.0,False,False,Normal
FOODS_3_637_CA_1_validation,2016-03-14,3,6.995990202690854,6.0,0,2,13.991980405381709,6.0,True,False,Stockout Risk
FOODS_3_637_CA_1_validation,2016-03-21,6,5.362090363599178,9.0,0,2,10.724180727198355,9.0,True,False,Stockout Risk
FOODS_3_637_CA_1_validation,2016-03-28,6,5.480272072572524,10.0,0,2,10.960544145145048,10.0,True,False,Stockout Risk
FOODS_3_637_CA_1_validation,2016-04-04,8,6.228683458737138,12.0,0,2,12.457366917474276,12.0,True,False,Stockout Risk
FOODS_3_637_CA_1_validation,2016-04-11,8,6.297954919564812,14.0,0,2,12.595909839129623,14.0,False,False,Normal
FOODS_3_637_CA_1_validation,2016-04-18,0,7.182668914712436,11.0,0,2,14.365337829424872,11.0,True,False,Stockout Risk
FOODS_3_638_CA_1_validation,2016-03-14,13,9.985043202738751,26.0,0,2,19.970086405477502,26.0,False,False,Normal
FOODS_3_638_CA_1_validation,2016-03-21,9,10.767457207139474,22.0,0,2,21.534914414278948,22.0,False,False,Normal
FOODS_3_638_CA_1_validation,2016-03-28,15,10.35788189172233,25.0,0,2,20.71576378344466,25.0,False,False,Normal
FOODS_3_638_CA_1_validation,2016-04-04,12,11.710085111753733,24.0,0,2,23.420170223507466,24.0,False,False,Normal
FOODS_3_638_CA_1_validation,2016-04-11,10,11.206937680083172,23.0,0,2,22.413875360166344,23.0,False,False,Normal
FOODS_3_638_CA_1_validation,2016-04-18,22,10.222237900253546,30.0,0,2,20.444475800507092,30.0,False,False,Normal
FOODS_3_639_CA_1_validation,2016-03-14,8,7.332849721977464,16.0,0,2,14.665699443954928,16.0,False,False,Normal
FOODS_3_639_CA_1_validation,2016-03-21,5,7.532693760278216,13.0,0,2,15.065387520556431,13.0,True,False,Stockout Risk
FOODS_3_639_CA_1_validation,2016-03-28,9,6.6993607547289535,15.0,0,2,13.398721509457907,15.0,False,False,Normal
FOODS_3_639_CA_1_validation,2016-04-04,5,7.698697248159918,14.0,0,2,15.397394496319835,14.0,True,False,Stockout Risk
FOODS_3_639_CA_1_validation,2016-04-11,1,6.332387229053701,10.0,0,2,12.664774458107402,10.0,True,False,Stockout Risk
FOODS_3_639_CA_1_validation,2016-04-18,3,4.054079821547572,9.0,0,2,8.108159643095144,9.0,False,False,Normal
FOODS_3_640_CA_1_validation,2016-03-14,26,28.12616459745137,52.0,0,2,56.25232919490274,52.0,True,False,Stockout Risk
FOODS_3_640_CA_1_validation,2016-03-21,26,26.4932174676487,52.0,0,2,52.9864349352974,52.0,True,False,Stockout Risk
FOODS_3_640_CA_1_validation,2016-03-28,21,25.4548665597334,49.0,0,2,50.9097331194668,49.0,True,False,Stockout Risk
FOODS_3_640_CA_1_validation,2016-04-04,18,25.620768370320626,46.0,0,2,51.24153674064125,46.0,True,False,Stockout Risk
FOODS_3_640_CA_1_validation,2016-04-11,21,22.88080967198937,43.0,0,2,45.76161934397874,43.0,True,False,Stockout Risk
FOODS_3_640_CA_1_validation,2016-04-18,16,22.494841562325306,38.0,0,2,44.98968312465061,38.0,True,False,Stockout Risk
FOODS_3_641_CA_1_validation,2016-03-14,22,17.620293111399008,44.0,0,2,35.240586222798015,44.0,False,False,Normal
FOODS_3_641_CA_1_validation,2016-03-21,9,18.582611815287795,31.0,0,2,37.16522363057559,31.0,True,False,Stockout Risk
FOODS_3_641_CA_1_validation,2016-03-28,19,14.53860900827783,33.0,0,2,29.07721801655566,33.0,False,False,Normal
FOODS_3_641_CA_1_validation,2016-04-04,25,16.25841926579111,38.0,0,2,32.51683853158222,38.0,False,False,Normal
FOODS_3_641_CA_1_validation,2016-04-11,25,19.36517512569196,39.0,0,2,38.73035025138392,39.0,False,False,Normal
FOODS_3_641_CA_1_validation,2016-04-18,22,19.809220912534776,46.0,0,2,39.61844182506955,46.0,False,False,Normal
FOODS_3_642_CA_1_validation,2016-03-14,8,7.748290492233583,16.0,0,2,15.496580984467165,16.0,False,False,Normal
FOODS_3_642_CA_1_validation,2016-03-21,10,8.094832839511197,18.0,0,2,16.189665679022394,18.0,False,False,Normal
FOODS_3_642_CA_1_validation,2016-03-28,10,8.444662274155796,19.0,0,2,16.889324548311592,19.0,False,False,Normal
FOODS_3_642_CA_1_validation,2016-04-04,10,9.0251554699597,19.0,0,2,18.0503109399194,19.0,False,False,Normal
FOODS_3_642_CA_1_validation,2016-04-11,6,8.902571827007533,18.0,0,2,17.805143654015065,18.0,False,False,Normal
FOODS_3_642_CA_1_validation,2016-04-18,5,8.397117743016969,16.0,0,2,16.794235486033937,16.0,True,False,Stockout Risk
FOODS_3_643_CA_1_validation,2016-03-14,0,6.828966647755115,0.0,0,2,13.65793329551023,0.0,True,False,Stockout Risk
FOODS_3_643_CA_1_validation,2016-03-21,0,5.120950533735645,0.0,0,2,10.24190106747129,0.0,True,False,Stockout Risk
FOODS_3_643_CA_1_validation,2016-03-28,18,2.357011376557114,12.0,0,2,4.714022753114228,12.0,False,False,Normal
FOODS_3_643_CA_1_validation,2016-04-04,6,19.18576278764248,12.0,0,2,38.37152557528496,12.0,True,False,Stockout Risk
FOODS_3_643_CA_1_validation,2016-04-11,4,7.10494797415322,14.0,0,2,14.20989594830644,14.0,True,False,Stockout Risk
FOODS_3_643_CA_1_validation,2016-04-18,6,7.362025948323744,17.0,0,2,14.724051896647488,17.0,False,False,Normal
FOODS_3_644_CA_1_validation,2016-03-14,0,8.359138601506698,0.0,0,2,16.718277203013397,0.0,True,False,Stockout Risk
FOODS_3_644_CA_1_validation,2016-03-21,0,5.968466782075932,0.0,0,2,11.936933564151865,0.0,True,False,Stockout Risk
FOODS_3_644_CA_1_validation,2016-03-28,0,3.619103428171947,0.0,0,2,7.238206856343894,0.0,True,False,Stockout Risk
FOODS_3_644_CA_1_validation,2016-04-04,0,3.3577884642946767,0.0,0,2,6.715576928589353,0.0,True,False,Stockout Risk
FOODS_3_644_CA_1_validation,2016-04-11,0,2.960241589297676,0.0,0,2,5.920483178595352,0.0,True,False,Stockout Risk
FOODS_3_644_CA_1_validation,2016-04-18,0,2.617997508721805,0.0,0,2,5.23599501744361,0.0,True,False,Stockout Risk
FOODS_3_645_CA_1_validation,2016-03-14,0,1.4195080946107934,0.0,0,2,2.839016189221587,0.0,True,False,Stockout Risk
FOODS_3_645_CA_1_validation,2016-03-21,19,0.783771118258858,19.0,0,2,1.567542236517716,19.0,False,False,Normal
FOODS_3_645_CA_1_validation,2016-03-28,32,18.60953203921972,34.0,0,2,37.21906407843944,34.0,True,False,Stockout Risk
FOODS_3_645_CA_1_validation,2016-04-04,28,28.43180517634494,40.0,0,2,56.86361035268988,40.0,True,False,Stockout Risk
FOODS_3_645_CA_1_validation,2016-04-11,24,26.078927969247104,52.0,0,2,52.15785593849421,52.0,True,False,Stockout Risk
FOODS_3_645_CA_1_validation,2016-04-18,22,21.507541706629382,53.0,0,2,43.015083413258765,53.0,False,False,Normal
FOODS_3_646_CA_1_validation,2016-03-14,12,0.3651618097588788,24.0,0,2,0.7303236195177576,24.0,False,False,Normal
FOODS_3_646_CA_1_validation,2016-03-21,13,11.549355647722724,25.0,0,2,23.098711295445447,25.0,False,False,Normal
FOODS_3_646_CA_1_validation,2016-03-28,4,10.946038453977147,19.0,0,2,21.892076907954294,19.0,True,False,Stockout Risk
FOODS_3_646_CA_1_validation,2016-04-04,22,7.231201871251499,26.0,0,2,14.462403742502998,26.0,False,False,Normal
FOODS_3_646_CA_1_validation,2016-04-11,12,15.654261579970996,26.0,0,2,31.30852315994199,26.0,True,False,Stockout Risk
FOODS_3_646_CA_1_validation,2016-04-18,24,11.597809696892687,31.0,0,2,23.195619393785375,31.0,False,False,Normal
FOODS_3_647_CA_1_validation,2016-03-14,0,0.5856604396669023,0.0,0,2,1.1713208793338046,0.0,True,False,Stockout Risk
FOODS_3_647_CA_1_validation,2016-03-21,0,0.4259375598775828,0.0,0,2,0.8518751197551656,0.0,True,False,Stockout Risk
FOODS_3_647_CA_1_validation,2016-03-28,0,0.4291420694814084,0.0,0,2,0.8582841389628167,0.0,True,False,Stockout Risk
FOODS_3_647_CA_1_validation,2016-04-04,0,0.5470073055823366,0.0,0,2,1.0940146111646731,0.0,True,False,Stockout Risk
FOODS_3_647_CA_1_validation,2016-04-11,0,0.3006084123614305,0.0,0,2,0.601216824722861,0.0,True,False,Stockout Risk
FOODS_3_647_CA_1_validation,2016-04-18,0,0.3006084123614305,0.0,0,2,0.601216824722861,0.0,True,False,Stockout Risk
FOODS_3_648_CA_1_validation,2016-03-14,0,5.206415214258977,0.0,0,2,10.412830428517953,0.0,True,False,Stockout Risk
FOODS_3_648_CA_1_validation,2016-03-21,5,1.982106742453517,5.0,0,2,3.964213484907034,5.0,False,False,Normal
FOODS_3_648_CA_1_validation,2016-03-28,17,5.039555230426373,15.0,0,2,10.079110460852746,15.0,False,False,Normal
FOODS_3_648_CA_1_validation,2016-04-04,10,10.851257741142682,16.0,0,2,21.702515482285364,16.0,True,False,Stockout Risk
FOODS_3_648_CA_1_validation,2016-04-11,5,9.295959940748917,18.0,0,2,18.591919881497834,18.0,True,False,Stockout Risk
FOODS_3_648_CA_1_validation,2016-04-18,1,7.748436662803583,16.0,0,2,15.496873325607165,16.0,False,False,Normal
FOODS_3_649_CA_1_validation,2016-03-14,0,0.3651618097588788,0.0,0,2,0.7303236195177576,0.0,True,False,Stockout Risk
FOODS_3_649_CA_1_validation,2016-03-21,0,0.3651618097588788,0.0,0,2,0.7303236195177576,0.0,True,False,Stockout Risk
FOODS_3_649_CA_1_validation,2016-03-28,0,0.3651618097588788,0.0,0,2,0.7303236195177576,0.0,True,False,Stockout Risk
FOODS_3_649_CA_1_validation,2016-04-04,3,0.5470073055823366,2.0,0,2,1.0940146111646731,2.0,False,False,Normal
FOODS_3_649_CA_1_validation,2016-04-11,1,4.531988515672008,2.0,0,2,9.063977031344017,2.0,True,False,Stockout Risk
FOODS_3_649_CA_1_validation,2016-04-18,6,2.798151310008378,5.0,0,2,5.596302620016756,5.0,True,False,Stockout Risk
FOODS_3_650_CA_1_validation,2016-03-14,5,5.513624406542828,10.0,0,2,11.027248813085656,10.0,True,False,Stockout Risk
FOODS_3_650_CA_1_validation,2016-03-21,17,5.047719844441912,22.0,0,2,10.095439688883824,22.0,False,False,Normal
FOODS_3_650_CA_1_validation,2016-03-28,19,10.20087271414092,27.0,0,2,20.40174542828184,27.0,False,False,Normal
FOODS_3_650_CA_1_validation,2016-04-04,19,12.679359546911428,30.0,0,2,25.358719093822856,30.0,False,False,Normal
FOODS_3_650_CA_1_validation,2016-04-11,7,13.82478124308926,31.0,0,2,27.64956248617852,31.0,False,False,Normal
FOODS_3_650_CA_1_validation,2016-04-18,7,11.556462996805283,26.0,0,2,23.112925993610567,26.0,False,False,Normal
FOODS_3_651_CA_1_validation,2016-03-14,7,8.591746279804742,14.0,0,2,17.183492559609483,14.0,True,False,Stockout Risk
FOODS_3_651_CA_1_validation,2016-03-21,6,7.956141825926423,13.0,0,2,15.912283651852846,13.0,True,False,Stockout Risk
FOODS_3_651_CA_1_validation,2016-03-28,8,6.901535898552599,14.0,0,2,13.803071797105199,14.0,False,False,Normal
FOODS_3_651_CA_1_validation,2016-04-04,3,7.606384192093843,12.0,0,2,15.212768384187687,12.0,True,False,Stockout Risk
FOODS_3_651_CA_1_validation,2016-04-11,5,5.8883182958302935,11.0,0,2,11.776636591660587,11.0,True,False,Stockout Risk
FOODS_3_651_CA_1_validation,2016-04-18,17,5.640647040272985,16.0,0,2,11.28129408054597,16.0,False,False,Normal
FOODS_3_652_CA_1_validation,2016-03-14,48,42.65073558034887,96.0,0,2,85.30147116069774,96.0,False,False,Normal
FOODS_3_652_CA_1_validation,2016-03-21,57,40.290215973657325,105.0,0,2,80.58043194731465,105.0,False,False,Normal
FOODS_3_652_CA_1_validation,2016-03-28,54,46.63215492177276,106.0,0,2,93.26430984354552,106.0,False,False,Normal
FOODS_3_652_CA_1_validation,2016-04-04,53,51.33089752726458,106.0,0,2,102.66179505452916,106.0,False,False,Normal
FOODS_3_652_CA_1_validation,2016-04-11,51,49.61698340793925,108.0,0,2,99.2339668158785,108.0,False,False,Normal
FOODS_3_652_CA_1_validation,2016-04-18,36,47.345581856212405,97.0,0,2,94.69116371242481,97.0,False,False,Normal
FOODS_3_653_CA_1_validation,2016-03-14,18,15.58572246202391,36.0,0,2,31.17144492404782,36.0,False,False,Normal
FOODS_3_653_CA_1_validation,2016-03-21,18,17.0914179023793,36.0,0,2,34.1828358047586,36.0,False,False,Normal
FOODS_3_653_CA_1_validation,2016-03-28,14,16.402820027785857,33.0,0,2,32.805640055571715,33.0,False,False,Normal
FOODS_3_653_CA_1_validation,2016-04-04,15,16.45158439879848,32.0,0,2,32.90316879759696,32.0,True,False,Stockout Risk
FOODS_3_653_CA_1_validation,2016-04-11,20,15.334487385447725,34.0,0,2,30.66897477089545,34.0,False,False,Normal
FOODS_3_653_CA_1_validation,2016-04-18,14,16.785751319871927,32.0,0,2,33.571502639743855,32.0,True,False,Stockout Risk
FOODS_3_654_CA_1_validation,2016-03-14,52,28.611057434616324,104.0,0,2,57.22211486923265,104.0,False,False,Normal
FOODS_3_654_CA_1_validation,2016-03-21,67,40.22570498808368,119.0,0,2,80.45140997616735,119.0,False,False,Normal
FOODS_3_654_CA_1_validation,2016-03-28,45,48.392541375783615,109.0,0,2,96.78508275156723,109.0,False,False,Normal
FOODS_3_654_CA_1_validation,2016-04-04,51,48.51152283325302,108.0,0,2,97.02304566650604,108.0,False,False,Normal
FOODS_3_654_CA_1_validation,2016-04-11,55,49.27771986480939,109.0,0,2,98.55543972961878,109.0,False,False,Normal
FOODS_3_654_CA_1_validation,2016-04-18,48,53.56069914971378,100.0,0,2,107.12139829942755,100.0,True,False,Stockout Risk
FOODS_3_655_CA_1_validation,2016-03-14,6,12.649081377411443,12.0,0,2,25.298162754822886,12.0,True,False,Stockout Risk
FOODS_3_655_CA_1_validation,2016-03-21,4,9.890000152977006,10.0,0,2,19.78000030595401,10.0,True,False,Stockout Risk
FOODS_3_655_CA_1_validation,2016-03-28,8,7.485737723752216,12.0,0,2,14.971475447504432,12.0,True,False,Stockout Risk
FOODS_3_655_CA_1_validation,2016-04-04,12,8.830733755823234,15.0,0,2,17.661467511646467,15.0,True,False,Stockout Risk
FOODS_3_655_CA_1_validation,2016-04-11,0,9.30096420940393,12.0,0,2,18.60192841880786,12.0,True,False,Stockout Risk
FOODS_3_655_CA_1_validation,2016-04-18,25,3.6498967184461817,22.0,0,2,7.299793436892363,22.0,False,False,Normal
FOODS_3_656_CA_1_validation,2016-03-14,10,10.93344023246756,20.0,0,2,21.86688046493512,20.0,True,False,Stockout Risk
FOODS_3_656_CA_1_validation,2016-03-21,10,10.428407524595428,20.0,0,2,20.856815049190857,20.0,True,False,Stockout Risk
FOODS_3_656_CA_1_validation,2016-03-28,7,10.13453016496757,18.0,0,2,20.26906032993514,18.0,True,False,Stockout Risk
FOODS_3_656_CA_1_validation,2016-04-04,12,9.508564463688502,20.0,0,2,19.017128927377005,20.0,False,False,Normal
FOODS_3_656_CA_1_validation,2016-04-11,10,9.951390960987329,20.0,0,2,19.902781921974658,20.0,False,False,Normal
FOODS_3_656_CA_1_validation,2016-04-18,4,9.78779650699748,16.0,0,2,19.57559301399496,16.0,True,False,Stockout Risk
FOODS_3_657_CA_1_validation,2016-03-14,17,16.347674407022488,34.0,0,2,32.695348814044976,34.0,False,False,Normal
FOODS_3_657_CA_1_validation,2016-03-21,22,15.445723625635964,39.0,0,2,30.891447251271927,39.0,False,False,Normal
FOODS_3_657_CA_1_validation,2016-03-28,15,17.37248475437126,36.0,0,2,34.74496950874252,36.0,False,False,Normal
FOODS_3_657_CA_1_validation,2016-04-04,25,16.34642096683604,40.0,0,2,32.69284193367208,40.0,False,False,Normal
FOODS_3_657_CA_1_validation,2016-04-11,21,19.52184138230038,42.0,0,2,39.04368276460076,42.0,False,False,Normal
FOODS_3_657_CA_1_validation,2016-04-18,14,18.41267470470412,38.0,0,2,36.82534940940824,38.0,False,False,Normal
FOODS_3_658_CA_1_validation,2016-03-14,1,3.1398358128013717,2.0,0,2,6.279671625602743,2.0,True,False,Stockout Risk
FOODS_3_658_CA_1_validation,2016-03-21,4,2.3235931315761564,5.0,0,2,4.647186263152313,5.0,False,False,Normal
FOODS_3_658_CA_1_validation,2016-03-28,8,3.656597555665499,9.0,0,2,7.313195111330998,9.0,False,False,Normal
FOODS_3_658_CA_1_validation,2016-04-04,5,5.260926185870827,9.0,0,2,10.521852371741653,9.0,True,False,Stockout Risk
FOODS_3_658_CA_1_validation,2016-04-11,7,4.882416038620529,12.0,0,2,9.764832077241058,12.0,False,False,Normal
FOODS_3_658_CA_1_validation,2016-04-18,4,5.203845829559501,12.0,0,2,10.407691659119003,12.0,False,False,Normal
FOODS_3_659_CA_1_validation,2016-03-14,17,0.967157905556561,34.0,0,2,1.934315811113122,34.0,False,False,Normal
FOODS_3_659_CA_1_validation,2016-03-21,0,20.03014226404036,17.0,0,2,40.06028452808072,17.0,True,False,Stockout Risk
FOODS_3_659_CA_1_validation,2016-03-28,0,3.2645248783567107,11.0,0,2,6.529049756713421,11.0,False,False,Normal
FOODS_3_659_CA_1_validation,2016-04-04,9,1.952570370371635,13.0,0,2,3.90514074074327,13.0,False,False,Normal
FOODS_3_659_CA_1_validation,2016-04-11,3,6.548370569541436,6.0,0,2,13.096741139082871,6.0,True,False,Stockout Risk
FOODS_3_659_CA_1_validation,2016-04-18,19,5.190120033961003,16.0,0,2,10.380240067922006,16.0,False,False,Normal
FOODS_3_660_CA_1_validation,2016-03-14,4,0.3651618097588788,8.0,0,2,0.7303236195177576,8.0,False,False,Normal
FOODS_3_660_CA_1_validation,2016-03-21,7,5.140783229822719,11.0,0,2,10.281566459645438,11.0,False,False,Normal
FOODS_3_660_CA_1_validation,2016-03-28,4,5.809986762209887,10.0,0,2,11.619973524419773,10.0,True,False,Stockout Risk
FOODS_3_660_CA_1_validation,2016-04-04,5,5.169381447042522,10.0,0,2,10.338762894085043,10.0,True,False,Stockout Risk
FOODS_3_660_CA_1_validation,2016-04-11,4,4.396620217774707,10.0,0,2,8.793240435549414,10.0,False,False,Normal
FOODS_3_660_CA_1_validation,2016-04-18,0,4.260618052290597,6.0,0,2,8.521236104581194,6.0,True,False,Stockout Risk
FOODS_3_661_CA_1_validation,2016-03-14,27,28.465087200525407,54.0,0,2,56.93017440105081,54.0,True,False,Stockout Risk
FOODS_3_661_CA_1_validation,2016-03-21,28,26.272406880178064,55.0,0,2,52.54481376035613,55.0,False,False,Normal
FOODS_3_661_CA_1_validation,2016-03-28,38,27.451043388296988,62.0,0,2,54.902086776593976,62.0,False,False,Normal
FOODS_3_661_CA_1_validation,2016-04-04,29,32.20463183323935,61.0,0,2,64.4092636664787,61.0,True,False,Stockout Risk
FOODS_3_661_CA_1_validation,2016-04-11,36,29.19022935253488,66.0,0,2,58.38045870506976,66.0,False,False,Normal
FOODS_3_661_CA_1_validation,2016-04-18,22,29.94143553968944,62.0,0,2,59.88287107937888,62.0,False,False,Normal
FOODS_3_662_CA_1_validation,2016-03-14,1,4.741316420071527,2.0,0,2,9.482632840143054,2.0,True,False,Stockout Risk
FOODS_3_662_CA_1_validation,2016-03-21,5,3.230248132000913,6.0,0,2,6.460496264001826,6.0,True,False,Stockout Risk
FOODS_3_662_CA_1_validation,2016-03-28,1,4.383092247329152,5.0,0,2,8.766184494658305,5.0,True,False,Stockout Risk
FOODS_3_662_CA_1_validation,2016-04-04,5,3.406752136039654,6.0,0,2,6.813504272079308,6.0,True,False,Stockout Risk
FOODS_3_662_CA_1_validation,2016-04-11,4,4.20464560710209,8.0,0,2,8.40929121420418,8.0,True,False,Stockout Risk
FOODS_3_662_CA_1_validation,2016-04-18,3,4.134859879614965,6.0,0,2,8.26971975922993,6.0,True,False,Stockout Risk
FOODS_3_663_CA_1_validation,2016-03-14,0,0.3651618097588788,0.0,0,2,0.7303236195177576,0.0,True,False,Stockout Risk
FOODS_3_663_CA_1_validation,2016-03-21,0,0.3651618097588788,0.0,0,2,0.7303236195177576,0.0,True,False,Stockout Risk
FOODS_3_663_CA_1_validation,2016-03-28,0,0.3651618097588788,0.0,0,2,0.7303236195177576,0.0,True,False,Stockout Risk
FOODS_3_663_CA_1_validation,2016-04-04,0,0.5470073055823366,0.0,0,2,1.0940146111646731,0.0,True,False,Stockout Risk
FOODS_3_663_CA_1_validation,2016-04-11,0,0.3006084123614305,0.0,0,2,0.601216824722861,0.0,True,False,Stockout Risk
FOODS_3_663_CA_1_validation,2016-04-18,5,0.3006084123614305,2.0,0,2,0.601216824722861,2.0,False,False,Normal
FOODS_3_664_CA_1_validation,2016-03-14,10,9.907757259682,20.0,0,2,19.815514519364,20.0,False,False,Normal
FOODS_3_664_CA_1_validation,2016-03-21,10,9.36456348821289,20.0,0,2,18.72912697642578,20.0,False,False,Normal
FOODS_3_664_CA_1_validation,2016-03-28,6,10.063979391879291,17.0,0,2,20.127958783758583,17.0,True,False,Stockout Risk
FOODS_3_664_CA_1_validation,2016-04-04,7,8.826401537861264,16.0,0,2,17.652803075722527,16.0,True,False,Stockout Risk
FOODS_3_664_CA_1_validation,2016-04-11,3,7.918919251517142,13.0,0,2,15.837838503034284,13.0,True,False,Stockout Risk
FOODS_3_664_CA_1_validation,2016-04-18,7,5.9978671139101625,12.0,0,2,11.995734227820325,12.0,False,False,Normal
FOODS_3_665_CA_1_validation,2016-03-14,12,14.372457359859393,24.0,0,2,28.744914719718786,24.0,True,False,Stockout Risk
FOODS_3_665_CA_1_validation,2016-03-21,12,12.64628855902431,24.0,0,2,25.29257711804862,24.0,True,False,Stockout Risk
FOODS_3_665_CA_1_validation,2016-03-28,13,13.397361236660435,25.0,0,2,26.79472247332087,25.0,True,False,Stockout Risk
FOODS_3_665_CA_1_validation,2016-04-04,20,13.48643703961432,28.0,0,2,26.97287407922864,28.0,False,False,Normal
FOODS_3_665_CA_1_validation,2016-04-11,9,14.830362104087785,27.0,0,2,29.66072420817557,27.0,True,False,Stockout Risk
FOODS_3_665_CA_1_validation,2016-04-18,15,12.012975864713397,28.0,0,2,24.025951729426794,28.0,False,False,Normal
FOODS_3_666_CA_1_validation,2016-03-14,0,0.3651618097588788,0.0,0,2,0.7303236195177576,0.0,True,False,Stockout Risk
FOODS_3_666_CA_1_validation,2016-03-21,0,0.3651618097588788,0.0,0,2,0.7303236195177576,0.0,True,False,Stockout Risk
FOODS_3_666_CA_1_validation,2016-03-28,9,0.3651618097588788,6.0,0,2,0.7303236195177576,6.0,False,False,Normal
FOODS_3_666_CA_1_validation,2016-04-04,22,8.973711752621949,16.0,0,2,17.947423505243897,16.0,True,False,Stockout Risk
FOODS_3_666_CA_1_validation,2016-04-11,7,18.501399797713407,19.0,0,2,37.002799595426815,19.0,True,False,Stockout Risk
FOODS_3_666_CA_1_validation,2016-04-18,11,9.754860881407,24.0,0,2,19.509721762814,24.0,False,False,Normal
FOODS_3_667_CA_1_validation,2016-03-14,7,5.862508346731096,14.0,0,2,11.725016693462193,14.0,False,False,Normal
FOODS_3_667_CA_1_validation,2016-03-21,3,5.500375620386902,10.0,0,2,11.000751240773804,10.0,True,False,Stockout Risk
FOODS_3_667_CA_1_validation,2016-03-28,1,4.723902268637709,7.0,0,2,9.447804537275418,7.0,True,False,Stockout Risk
FOODS_3_667_CA_1_validation,2016-04-04,3,3.4902383389503853,7.0,0,2,6.9804766779007705,7.0,False,False,Normal
FOODS_3_667_CA_1_validation,2016-04-11,2,3.786757959679844,4.0,0,2,7.573515919359688,4.0,True,False,Stockout Risk
FOODS_3_667_CA_1_validation,2016-04-18,7,3.207700009308935,6.0,0,2,6.41540001861787,6.0,True,False,Stockout Risk
FOODS_3_668_CA_1_validation,2016-03-14,52,41.02681132609525,104.0,0,2,82.0536226521905,104.0,False,False,Normal
FOODS_3_668_CA_1_validation,2016-03-21,51,44.91500511925101,103.0,0,2,89.83001023850203,103.0,False,False,Normal
FOODS_3_668_CA_1_validation,2016-03-28,59,46.49646494303762,108.0,0,2,92.99292988607525,108.0,False,False,Normal
FOODS_3_668_CA_1_validation,2016-04-04,45,53.45040130900538,104.0,0,2,106.90080261801076,104.0,True,False,Stockout Risk
FOODS_3_668_CA_1_validation,2016-04-11,60,45.38175628757386,108.0,0,2,90.76351257514771,108.0,False,False,Normal
FOODS_3_668_CA_1_validation,2016-04-18,55,51.887303504178576,110.0,0,2,103.77460700835715,110.0,False,False,Normal
FOODS_3_669_CA_1_validation,2016-03-14,13,21.325754608814982,26.0,0,2,42.651509217629965,26.0,True,False,Stockout Risk
FOODS_3_669_CA_1_validation,2016-03-21,24,17.989410637217045,37.0,0,2,35.97882127443409,37.0,False,False,Normal
FOODS_3_669_CA_1_validation,2016-03-28,16,21.795812049505773,35.0,0,2,43.59162409901155,35.0,True,False,Stockout Risk
FOODS_3_669_CA_1_validation,2016-04-04,21,20.977574468470472,37.0,0,2,41.955148936940944,37.0,True,False,Stockout Risk
FOODS_3_669_CA_1_validation,2016-04-11,15,18.991123480967072,38.0,0,2,37.982246961934145,38.0,False,False,Normal
FOODS_3_669_CA_1_validation,2016-04-18,14,17.95820951561369,33.0,0,2,35.91641903122738,33.0,True,False,Stockout Risk
FOODS_3_670_CA_1_validation,2016-03-14,2,4.4562655310939645,4.0,0,2,8.912531062187929,4.0,True,False,Stockout Risk
FOODS_3_670_CA_1_validation,2016-03-21,5,3.3787267188111683,7.0,0,2,6.7574534376223365,7.0,False,False,Normal
FOODS_3_670_CA_1_validation,2016-03-28,1,4.113897928111924,5.0,0,2,8.227795856223848,5.0,True,False,Stockout Risk
FOODS_3_670_CA_1_validation,2016-04-04,6,3.004659720154902,7.0,0,2,6.009319440309804,7.0,False,False,Normal
FOODS_3_670_CA_1_validation,2016-04-11,3,4.406270435853007,8.0,0,2,8.812540871706014,8.0,True,False,Stockout Risk
FOODS_3_670_CA_1_validation,2016-04-18,3,3.6095656574505344,6.0,0,2,7.219131314901069,6.0,True,False,Stockout Risk
FOODS_3_671_CA_1_validation,2016-03-14,7,7.355826707973245,14.0,0,2,14.71165341594649,14.0,True,False,Stockout Risk
FOODS_3_671_CA_1_validation,2016-03-21,4,7.558381996868912,11.0,0,2,15.116763993737823,11.0,True,False,Stockout Risk
FOODS_3_671_CA_1_validation,2016-03-28,1,5.723588791400069,8.0,0,2,11.447177582800139,8.0,True,False,Stockout Risk
FOODS_3_671_CA_1_validation,2016-04-04,8,4.138156625515861,10.0,0,2,8.276313251031722,10.0,False,False,Normal
FOODS_3_671_CA_1_validation,2016-04-11,7,5.636356867708447,10.0,0,2,11.272713735416893,10.0,True,False,Stockout Risk
FOODS_3_671_CA_1_validation,2016-04-18,3,6.202254275393077,10.0,0,2,12.404508550786154,10.0,True,False,Stockout Risk
FOODS_3_672_CA_1_validation,2016-03-14,24,0.3651618097588788,48.0,0,2,0.7303236195177576,48.0,False,False,Normal
FOODS_3_672_CA_1_validation,2016-03-21,11,30.26755574332802,35.0,0,2,60.53511148665604,35.0,True,False,Stockout Risk
FOODS_3_672_CA_1_validation,2016-03-28,13,11.590047242961576,32.0,0,2,23.180094485923153,32.0,False,False,Normal
FOODS_3_672_CA_1_validation,2016-04-04,12,12.95011575327466,30.0,0,2,25.90023150654932,30.0,False,False,Normal
FOODS_3_672_CA_1_validation,2016-04-11,12,11.778902409992044,24.0,0,2,23.55780481998409,24.0,False,False,Normal
FOODS_3_672_CA_1_validation,2016-04-18,0,10.729655021088078,18.0,0,2,21.459310042176156,18.0,True,False,Stockout Risk
FOODS_3_673_CA_1_validation,2016-03-14,11,13.23169242272358,22.0,0,2,26.46338484544716,22.0,True,False,Stockout Risk
FOODS_3_673_CA_1_validation,2016-03-21,11,12.057665051179036,22.0,0,2,24.115330102358072,22.0,True,False,Stockout Risk
FOODS_3_673_CA_1_validation,2016-03-28,12,11.868659301451428,23.0,0,2,23.737318602902857,23.0,True,False,Stockout Risk
FOODS_3_673_CA_1_validation,2016-04-04,15,11.864147292128624,24.0,0,2,23.72829458425725,24.0,False,False,Normal
FOODS_3_673_CA_1_validation,2016-04-11,14,12.328475147057135,26.0,0,2,24.65695029411427,26.0,False,False,Normal
FOODS_3_673_CA_1_validation,2016-04-18,9,12.770460749272171,25.0,0,2,25.540921498544343,25.0,True,False,Stockout Risk
FOODS_3_674_CA_1_validation,2016-03-14,14,10.579210596007558,28.0,0,2,21.158421192015116,28.0,False,False,Normal
FOODS_3_674_CA_1_validation,2016-03-21,16,11.569980901648051,30.0,0,2,23.139961803296103,30.0,False,False,Normal
FOODS_3_674_CA_1_validation,2016-03-28,9,12.551844264407409,26.0,0,2,25.103688528814818,26.0,False,False,Normal
FOODS_3_674_CA_1_validation,2016-04-04,6,11.595699020359223,22.0,0,2,23.191398040718447,22.0,True,False,Stockout Risk
FOODS_3_674_CA_1_validation,2016-04-11,15,9.75824393238571,23.0,0,2,19.51648786477142,23.0,False,False,Normal
FOODS_3_674_CA_1_validation,2016-04-18,7,11.571232384788615,18.0,0,2,23.14246476957723,18.0,True,False,Stockout Risk
FOODS_3_675_CA_1_validation,2016-03-14,13,8.847736123427397,26.0,0,2,17.695472246854795,26.0,False,False,Normal
FOODS_3_675_CA_1_validation,2016-03-21,15,9.594486795095705,28.0,0,2,19.18897359019141,28.0,False,False,Normal
FOODS_3_675_CA_1_validation,2016-03-28,15,10.739645707510936,29.0,0,2,21.479291415021873,29.0,False,False,Normal
FOODS_3_675_CA_1_validation,2016-04-04,15,12.184786837552972,29.0,0,2,24.369573675105944,29.0,False,False,Normal
FOODS_3_675_CA_1_validation,2016-04-11,11,12.816033394067254,28.0,0,2,25.63206678813451,28.0,False,False,Normal
FOODS_3_675_CA_1_validation,2016-04-18,21,11.41783394904257,31.0,0,2,22.83566789808514,31.0,False,False,Normal
FOODS_3_676_CA_1_validation,2016-03-14,21,21.320531356627534,42.0,0,2,42.64106271325507,42.0,True,False,Stockout Risk
FOODS_3_676_CA_1_validation,2016-03-21,28,22.844902592831545,49.0,0,2,45.68980518566309,49.0,False,False,Normal
FOODS_3_676_CA_1_validation,2016-03-28,19,22.06891734368905,45.0,0,2,44.1378346873781,45.0,False,False,Normal
FOODS_3_676_CA_1_validation,2016-04-04,34,20.821185099021054,51.0,0,2,41.64237019804211,51.0,False,False,Normal
FOODS_3_676_CA_1_validation,2016-04-11,25,26.4771105208997,53.0,0,2,52.9542210417994,53.0,False,False,Normal
FOODS_3_676_CA_1_validation,2016-04-18,30,25.58249665137973,54.0,0,2,51.16499330275946,54.0,False,False,Normal
FOODS_3_677_CA_1_validation,2016-03-14,6,2.6538017762249915,12.0,0,2,5.307603552449983,12.0,False,False,Normal
FOODS_3_677_CA_1_validation,2016-03-21,6,4.470823833250456,12.0,0,2,8.941647666500913,12.0,False,False,Normal
FOODS_3_677_CA_1_validation,2016-03-28,2,4.711886834740408,9.0,0,2,9.423773669480816,9.0,True,False,Stockout Risk
FOODS_3_677_CA_1_validation,2016-04-04,5,3.986950629714127,10.0,0,2,7.973901259428254,10.0,False,False,Normal
FOODS_3_677_CA_1_validation,2016-04-11,7,4.489696496079652,10.0,0,2,8.979392992159305,10.0,False,False,Normal
FOODS_3_677_CA_1_validation,2016-04-18,7,5.121497839699977,10.0,0,2,10.242995679399954,10.0,True,False,Stockout Risk
FOODS_3_678_CA_1_validation,2016-03-14,20,24.492595384517237,40.0,0,2,48.985190769034475,40.0,True,False,Stockout Risk
FOODS_3_678_CA_1_validation,2016-03-21,17,22.22134840152085,37.0,0,2,44.4426968030417,37.0,True,False,Stockout Risk
FOODS_3_678_CA_1_validation,2016-03-28,14,21.660340750909945,34.0,0,2,43.32068150181989,34.0,True,False,Stockout Risk
FOODS_3_678_CA_1_validation,2016-04-04,15,18.30977184079704,33.0,0,2,36.61954368159408,33.0,True,False,Stockout Risk
FOODS_3_678_CA_1_validation,2016-04-11,12,17.771482937096604,29.0,0,2,35.54296587419321,29.0,True,False,Stockout Risk
FOODS_3_678_CA_1_validation,2016-04-18,12,15.307160984020728,26.0,0,2,30.614321968041455,26.0,True,False,Stockout Risk
FOODS_3_679_CA_1_validation,2016-03-14,5,6.043453705503918,10.0,0,2,12.086907411007836,10.0,True,False,Stockout Risk
FOODS_3_679_CA_1_validation,2016-03-21,8,5.626830065466233,13.0,0,2,11.253660130932467,13.0,False,False,Normal
FOODS_3_679_CA_1_validation,2016-03-28,7,6.204933268814368,13.0,0,2,12.409866537628735,13.0,False,False,Normal
FOODS_3_679_CA_1_validation,2016-04-04,7,6.9301251696414745,14.0,0,2,13.860250339282949,14.0,False,False,Normal
FOODS_3_679_CA_1_validation,2016-04-11,5,6.57036341488087,14.0,0,2,13.14072682976174,14.0,False,False,Normal
FOODS_3_679_CA_1_validation,2016-04-18,4,5.855553634597554,12.0,0,2,11.711107269195107,12.0,False,False,Normal
FOODS_3_680_CA_1_validation,2016-03-14,2,10.18520775119783,4.0,0,2,20.37041550239566,4.0,True,False,Stockout Risk
FOODS_3_680_CA_1_validation,2016-03-21,7,4.6620793422772095,9.0,0,2,9.324158684554419,9.0,True,False,Stockout Risk
FOODS_3_680_CA_1_validation,2016-03-28,5,5.951722932740769,9.0,0,2,11.903445865481538,9.0,True,False,Stockout Risk
FOODS_3_680_CA_1_validation,2016-04-04,0,5.196924795766371,7.0,0,2,10.393849591532742,7.0,True,False,Stockout Risk
FOODS_3_680_CA_1_validation,2016-04-11,4,1.4232395392840913,8.0,0,2,2.8464790785681826,8.0,False,False,Normal
FOODS_3_680_CA_1_validation,2016-04-18,10,4.703299158270577,10.0,0,2,9.406598316541155,10.0,False,False,Normal
FOODS_3_681_CA_1_validation,2016-03-14,85,85.80420869162548,170.0,0,2,171.60841738325095,170.0,True,False,Stockout Risk
FOODS_3_681_CA_1_validation,2016-03-21,128,87.89580769209914,213.0,0,2,175.79161538419828,213.0,False,False,Normal
FOODS_3_681_CA_1_validation,2016-03-28,130,104.25020300655356,229.0,0,2,208.50040601310712,229.0,False,False,Normal
FOODS_3_681_CA_1_validation,2016-04-04,149,103.87696653207216,246.0,0,2,207.75393306414432,246.0,False,False,Normal
FOODS_3_681_CA_1_validation,2016-04-11,117,117.29330207747192,262.0,0,2,234.58660415494384,262.0,False,False,Normal
FOODS_3_681_CA_1_validation,2016-04-18,138,103.9456780918218,267.0,0,2,207.8913561836436,267.0,False,False,Normal
FOODS_3_682_CA_1_validation,2016-03-14,57,52.35191079908729,114.0,0,2,104.70382159817459,114.0,False,False,Normal
FOODS_3_682_CA_1_validation,2016-03-21,36,57.90637203270285,93.0,0,2,115.8127440654057,93.0,True,False,Stockout Risk
FOODS_3_682_CA_1_validation,2016-03-28,64,45.94098861294837,105.0,0,2,91.88197722589673,105.0,False,False,Normal
FOODS_3_682_CA_1_validation,2016-04-04,68,57.01609607652093,112.0,0,2,114.03219215304186,112.0,True,False,Stockout Risk
FOODS_3_682_CA_1_validation,2016-04-11,54,56.629919777719,111.0,0,2,113.259839555438,111.0,True,False,Stockout Risk
FOODS_3_682_CA_1_validation,2016-04-18,63,55.10500575330448,124.0,0,2,110.21001150660896,124.0,False,False,Normal
FOODS_3_683_CA_1_validation,2016-03-14,24,26.142175708721588,48.0,0,2,52.284351417443176,48.0,True,False,Stockout Risk
FOODS_3_683_CA_1_validation,2016-03-21,40,24.99008530850031,64.0,0,2,49.98017061700062,64.0,False,False,Normal
FOODS_3_683_CA_1_validation,2016-03-28,29,34.30173520664417,62.0,0,2,68.60347041328833,62.0,True,False,Stockout Risk
FOODS_3_683_CA_1_validation,2016-04-04,38,30.261926849918908,66.0,0,2,60.523853699837815,66.0,False,False,Normal
FOODS_3_683_CA_1_validation,2016-04-11,37,32.301695959305164,72.0,0,2,64.60339191861033,72.0,False,False,Normal
FOODS_3_683_CA_1_validation,2016-04-18,35,31.810812893115838,70.0,0,2,63.621625786231675,70.0,False,False,Normal
FOODS_3_684_CA_1_validation,2016-03-14,5,12.960450854151167,10.0,0,2,25.920901708302335,10.0,True,False,Stockout Risk
FOODS_3_684_CA_1_validation,2016-03-21,13,10.000857279604553,18.0,0,2,20.001714559209105,18.0,True,False,Stockout Risk
FOODS_3_684_CA_1_validation,2016-03-28,13,10.79046403414065,21.0,0,2,21.5809280682813,21.0,True,False,Stockout Risk
FOODS_3_684_CA_1_validation,2016-04-04,11,12.458294352009167,21.0,0,2,24.916588704018334,21.0,True,False,Stockout Risk
FOODS_3_684_CA_1_validation,2016-04-11,12,11.941472071977554,24.0,0,2,23.882944143955108,24.0,False,False,Normal
FOODS_3_684_CA_1_validation,2016-04-18,16,12.040781638057169,26.0,0,2,24.081563276114338,26.0,False,False,Normal
FOODS_3_685_CA_1_validation,2016-03-14,10,11.655438547801282,20.0,0,2,23.310877095602564,20.0,True,False,Stockout Risk
FOODS_3_685_CA_1_validation,2016-03-21,16,12.14928764501592,26.0,0,2,24.29857529003184,26.0,False,False,Normal
FOODS_3_685_CA_1_validation,2016-03-28,10,13.006543429830405,24.0,0,2,26.01308685966081,24.0,True,False,Stockout Risk
FOODS_3_685_CA_1_validation,2016-04-04,18,11.861980359036403,27.0,0,2,23.723960718072806,27.0,False,False,Normal
FOODS_3_685_CA_1_validation,2016-04-11,22,13.332434451514205,33.0,0,2,26.66486890302841,33.0,False,False,Normal
FOODS_3_685_CA_1_validation,2016-04-18,6,16.439376358726808,28.0,0,2,32.878752717453615,28.0,True,False,Stockout Risk
FOODS_3_686_CA_1_validation,2016-03-14,2,5.942145969004533,4.0,0,2,11.884291938009065,4.0,True,False,Stockout Risk
FOODS_3_686_CA_1_validation,2016-03-21,6,4.554745763479054,8.0,0,2,9.109491526958108,8.0,True,False,Stockout Risk
FOODS_3_686_CA_1_validation,2016-03-28,4,5.483351853672668,8.0,0,2,10.966703707345337,8.0,True,False,Stockout Risk
FOODS_3_686_CA_1_validation,2016-04-04,5,5.248569012484023,8.0,0,2,10.497138024968047,8.0,True,False,Stockout Risk
FOODS_3_686_CA_1_validation,2016-04-11,10,5.025446382043107,12.0,0,2,10.050892764086214,12.0,False,False,Normal
FOODS_3_686_CA_1_validation,2016-04-18,7,6.606722859211182,13.0,0,2,13.213445718422363,13.0,True,False,Stockout Risk
FOODS_3_687_CA_1_validation,2016-03-14,4,5.580180437039818,8.0,0,2,11.160360874079636,8.0,True,False,Stockout Risk
FOODS_3_687_CA_1_validation,2016-03-21,3,5.0945068743759325,7.0,0,2,10.189013748751865,7.0,True,False,Stockout Risk
FOODS_3_687_CA_1_validation,2016-03-28,4,4.690106067822199,7.0,0,2,9.380212135644397,7.0,True,False,Stockout Risk
FOODS_3_687_CA_1_validation,2016-04-04,8,5.056221136788966,10.0,0,2,10.112442273577932,10.0,True,False,Stockout Risk
FOODS_3_687_CA_1_validation,2016-04-11,5,5.6078836890447805,10.0,0,2,11.215767378089561,10.0,True,False,Stockout Risk
FOODS_3_687_CA_1_validation,2016-04-18,7,5.39906002670387,12.0,0,2,10.79812005340774,12.0,False,False,Normal
FOODS_3_688_CA_1_validation,2016-03-14,34,24.730531440075453,68.0,0,2,49.461062880150905,68.0,False,False,Normal
FOODS_3_688_CA_1_validation,2016-03-21,31,28.902404567332923,65.0,0,2,57.804809134665845,65.0,False,False,Normal
FOODS_3_688_CA_1_validation,2016-03-28,28,30.50663718678871,62.0,0,2,61.01327437357742,62.0,False,False,Normal
FOODS_3_688_CA_1_validation,2016-04-04,34,29.262131907745665,64.0,0,2,58.52426381549133,64.0,False,False,Normal
FOODS_3_688_CA_1_validation,2016-04-11,62,30.518392503197447,78.0,0,2,61.036785006394894,78.0,False,False,Normal
FOODS_3_688_CA_1_validation,2016-04-18,72,43.17019008934541,98.0,0,2,86.34038017869082,98.0,False,False,Normal
FOODS_3_689_CA_1_validation,2016-03-14,24,16.57701507091596,48.0,0,2,33.15403014183192,48.0,False,False,Normal
FOODS_3_689_CA_1_validation,2016-03-21,22,17.437791330008686,46.0,0,2,34.87558266001737,46.0,False,False,Normal
FOODS_3_689_CA_1_validation,2016-03-28,23,20.130516303967664,46.0,0,2,40.26103260793533,46.0,False,False,Normal
FOODS_3_689_CA_1_validation,2016-04-04,22,21.38355452100258,46.0,0,2,42.76710904200516,46.0,False,False,Normal
FOODS_3_689_CA_1_validation,2016-04-11,22,21.1555538362529,44.0,0,2,42.3111076725058,44.0,False,False,Normal
FOODS_3_689_CA_1_validation,2016-04-18,11,20.733136424615616,39.0,0,2,41.46627284923123,39.0,True,False,Stockout Risk
FOODS_3_690_CA_1_validation,2016-03-14,4,5.183068092511758,8.0,0,2,10.366136185023516,8.0,True,False,Stockout Risk
FOODS_3_690_CA_1_validation,2016-03-21,7,4.911717678957801,11.0,0,2,9.823435357915603,11.0,False,False,Normal
FOODS_3_690_CA_1_validation,2016-03-28,5,5.468012036437797,11.0,0,2,10.936024072875593,11.0,False,False,Normal
FOODS_3_690_CA_1_validation,2016-04-04,6,5.505422848754703,11.0,0,2,11.010845697509406,11.0,True,False,Stockout Risk
FOODS_3_690_CA_1_validation,2016-04-11,4,5.273028983748356,11.0,0,2,10.546057967496711,11.0,False,False,Normal
FOODS_3_690_CA_1_validation,2016-04-18,8,4.927337946304093,12.0,0,2,9.854675892608187,12.0,False,False,Normal
FOODS_3_691_CA_1_validation,2016-03-14,4,4.728960837864329,8.0,0,2,9.457921675728658,8.0,True,False,Stockout Risk
FOODS_3_691_CA_1_validation,2016-03-21,7,4.569240804506608,11.0,0,2,9.138481609013215,11.0,False,False,Normal
FOODS_3_691_CA_1_validation,2016-03-28,4,5.500564274398177,10.0,0,2,11.001128548796354,10.0,True,False,Stockout Risk
FOODS_3_691_CA_1_validation,2016-04-04,5,5.095103436297368,10.0,0,2,10.190206872594736,10.0,True,False,Stockout Risk
FOODS_3_691_CA_1_validation,2016-04-11,1,4.801917513142442,8.0,0,2,9.603835026284884,8.0,True,False,Stockout Risk
FOODS_3_691_CA_1_validation,2016-04-18,3,3.45534859735392,6.0,0,2,6.91069719470784,6.0,True,False,Stockout Risk
FOODS_3_692_CA_1_validation,2016-03-14,31,26.10375259578772,62.0,0,2,52.20750519157544,62.0,False,False,Normal
FOODS_3_692_CA_1_validation,2016-03-21,29,26.44625338301192,60.0,0,2,52.89250676602384,60.0,False,False,Normal
FOODS_3_692_CA_1_validation,2016-03-28,43,29.20232769009878,69.0,0,2,58.40465538019756,69.0,False,False,Normal
FOODS_3_692_CA_1_validation,2016-04-04,37,36.35640073984408,70.0,0,2,72.71280147968815,70.0,True,False,Stockout Risk
FOODS_3_692_CA_1_validation,2016-04-11,46,31.516448258946152,78.0,0,2,63.032896517892304,78.0,False,False,Normal
FOODS_3_692_CA_1_validation,2016-04-18,38,37.25432820249857,82.0,0,2,74.50865640499714,82.0,False,False,Normal
FOODS_3_693_CA_1_validation,2016-03-14,9,4.087239066061096,18.0,0,2,8.174478132122193,18.0,False,False,Normal
FOODS_3_693_CA_1_validation,2016-03-21,6,5.619858572180134,15.0,0,2,11.239717144360268,15.0,False,False,Normal
FOODS_3_693_CA_1_validation,2016-03-28,5,5.618127712735364,13.0,0,2,11.236255425470729,13.0,False,False,Normal
FOODS_3_693_CA_1_validation,2016-04-04,4,5.587782754854971,12.0,0,2,11.175565509709942,12.0,False,False,Normal
FOODS_3_693_CA_1_validation,2016-04-11,2,5.0224120212967485,8.0,0,2,10.044824042593497,8.0,True,False,Stockout Risk
FOODS_3_693_CA_1_validation,2016-04-18,3,4.312166398584045,7.0,0,2,8.62433279716809,7.0,True,False,Stockout Risk
FOODS_3_694_CA_1_validation,2016-03-14,75,64.31001960917627,150.0,0,2,128.62003921835253,150.0,False,False,Normal
FOODS_3_694_CA_1_validation,2016-03-21,79,70.2990156447009,154.0,0,2,140.5980312894018,154.0,False,False,Normal
FOODS_3_694_CA_1_validation,2016-03-28,78,75.44498216877011,155.0,0,2,150.88996433754022,155.0,False,False,Normal
FOODS_3_694_CA_1_validation,2016-04-04,78,75.09482389890758,155.0,0,2,150.18964779781516,155.0,False,False,Normal
FOODS_3_694_CA_1_validation,2016-04-11,80,73.17032324230736,158.0,0,2,146.34064648461472,158.0,False,False,Normal
FOODS_3_694_CA_1_validation,2016-04-18,72,77.34090294491487,154.0,0,2,154.68180588982975,154.0,True,False,Stockout Risk
FOODS_3_695_CA_1_validation,2016-03-14,46,35.696275157369875,92.0,0,2,71.39255031473975,92.0,False,False,Normal
FOODS_3_695_CA_1_validation,2016-03-21,36,38.08006844764537,82.0,0,2,76.16013689529073,82.0,False,False,Normal
FOODS_3_695_CA_1_validation,2016-03-28,40,36.578649187564096,81.0,0,2,73.15729837512819,81.0,False,False,Normal
FOODS_3_695_CA_1_validation,2016-04-04,55,39.821257586619545,88.0,0,2,79.64251517323909,88.0,False,False,Normal
FOODS_3_695_CA_1_validation,2016-04-11,53,46.727179229103214,92.0,0,2,93.45435845820643,92.0,True,False,Stockout Risk
FOODS_3_695_CA_1_validation,2016-04-18,75,45.13490547550801,112.0,0,2,90.26981095101603,112.0,False,False,Normal
FOODS_3_696_CA_1_validation,2016-03-14,10,9.726716196461632,20.0,0,2,19.453432392923265,20.0,False,False,Normal
FOODS_3_696_CA_1_validation,2016-03-21,7,9.493426522979528,17.0,0,2,18.986853045959055,17.0,True,False,Stockout Risk
FOODS_3_696_CA_1_validation,2016-03-28,9,8.790025433386758,17.0,0,2,17.580050866773515,17.0,True,False,Stockout Risk
FOODS_3_696_CA_1_validation,2016-04-04,13,9.489459380967554,20.0,0,2,18.97891876193511,20.0,False,False,Normal
FOODS_3_696_CA_1_validation,2016-04-11,7,9.683599475059212,18.0,0,2,19.367198950118425,18.0,True,False,Stockout Risk
FOODS_3_696_CA_1_validation,2016-04-18,5,8.84185789363358,17.0,0,2,17.68371578726716,17.0,True,False,Stockout Risk
FOODS_3_697_CA_1_validation,2016-03-14,82,79.2716343651631,164.0,0,2,158.5432687303262,164.0,False,False,Normal
FOODS_3_697_CA_1_validation,2016-03-21,103,77.61886657781109,185.0,0,2,155.23773315562218,185.0,False,False,Normal
FOODS_3_697_CA_1_validation,2016-03-28,96,83.775367678134,187.0,0,2,167.550735356268,187.0,False,False,Normal
FOODS_3_697_CA_1_validation,2016-04-04,83,87.65482557044703,182.0,0,2,175.30965114089406,182.0,False,False,Normal
FOODS_3_697_CA_1_validation,2016-04-11,85,83.16643959261354,184.0,0,2,166.33287918522709,184.0,False,False,Normal
FOODS_3_697_CA_1_validation,2016-04-18,90,84.0523125466405,177.0,0,2,168.104625093281,177.0,False,False,Normal
FOODS_3_698_CA_1_validation,2016-03-14,14,7.518982131072084,28.0,0,2,15.037964262144168,28.0,False,False,Normal
FOODS_3_698_CA_1_validation,2016-03-21,17,9.632010800737696,31.0,0,2,19.26402160147539,31.0,False,False,Normal
FOODS_3_698_CA_1_validation,2016-03-28,7,11.415884432638869,25.0,0,2,22.831768865277738,25.0,False,False,Normal
FOODS_3_698_CA_1_validation,2016-04-04,2,9.658131981734556,20.0,0,2,19.316263963469112,20.0,False,False,Normal
FOODS_3_698_CA_1_validation,2016-04-11,4,7.410355308671706,15.0,0,2,14.820710617343412,15.0,False,False,Normal
FOODS_3_698_CA_1_validation,2016-04-18,5,6.362956294314692,9.0,0,2,12.725912588629384,9.0,True,False,Stockout Risk
FOODS_3_700_CA_1_validation,2016-03-14,7,0.3651618097588788,14.0,0,2,0.7303236195177576,14.0,False,False,Normal
FOODS_3_700_CA_1_validation,2016-03-21,7,7.731872722242351,14.0,0,2,15.463745444484703,14.0,True,False,Stockout Risk
FOODS_3_700_CA_1_validation,2016-03-28,10,6.275661106488922,16.0,0,2,12.551322212977844,16.0,False,False,Normal
FOODS_3_700_CA_1_validation,2016-04-04,13,8.42818926460191,18.0,0,2,16.85637852920382,18.0,False,False,Normal
FOODS_3_700_CA_1_validation,2016-04-11,13,9.709649555118029,22.0,0,2,19.419299110236057,22.0,False,False,Normal
FOODS_3_700_CA_1_validation,2016-04-18,12,10.449434335845618,24.0,0,2,20.898868671691236,24.0,False,False,Normal
FOODS_3_701_CA_1_validation,2016-03-14,8,8.464963280988796,16.0,0,2,16.92992656197759,16.0,True,False,Stockout Risk
FOODS_3_701_CA_1_validation,2016-03-21,7,8.483791843896402,15.0,0,2,16.967583687792803,15.0,True,False,Stockout Risk
FOODS_3_701_CA_1_validation,2016-03-28,3,7.936792666414723,12.0,0,2,15.873585332829446,12.0,True,False,Stockout Risk
FOODS_3_701_CA_1_validation,2016-04-04,7,6.244266007131069,12.0,0,2,12.488532014262137,12.0,True,False,Stockout Risk
FOODS_3_701_CA_1_validation,2016-04-11,6,6.608248186608484,12.0,0,2,13.216496373216968,12.0,True,False,Stockout Risk
FOODS_3_701_CA_1_validation,2016-04-18,9,6.255644777974613,12.0,0,2,12.511289555949226,12.0,True,False,Stockout Risk
FOODS_3_702_CA_1_validation,2016-03-14,49,40.636738773272896,98.0,0,2,81.27347754654579,98.0,False,False,Normal
FOODS_3_702_CA_1_validation,2016-03-21,73,47.485408076874144,122.0,0,2,94.97081615374829,122.0,False,False,Normal
FOODS_3_702_CA_1_validation,2016-03-28,58,58.997066770435104,120.0,0,2,117.99413354087021,120.0,False,False,Normal
FOODS_3_702_CA_1_validation,2016-04-04,74,55.7389089187302,127.0,0,2,111.4778178374604,127.0,False,False,Normal
FOODS_3_702_CA_1_validation,2016-04-11,79,57.07682515263547,142.0,0,2,114.15365030527094,142.0,False,False,Normal
FOODS_3_702_CA_1_validation,2016-04-18,91,67.45926829721238,151.0,0,2,134.91853659442475,151.0,False,False,Normal
FOODS_3_703_CA_1_validation,2016-03-14,2,5.694007132286136,4.0,0,2,11.388014264572272,4.0,True,False,Stockout Risk
FOODS_3_703_CA_1_validation,2016-03-21,0,4.953212805575239,2.0,0,2,9.906425611150478,2.0,True,False,Stockout Risk
FOODS_3_703_CA_1_validation,2016-03-28,0,1.8367764176656547,1.0,0,2,3.6735528353313094,1.0,True,False,Stockout Risk
FOODS_3_703_CA_1_validation,2016-04-04,4,1.2912686780929423,3.0,0,2,2.5825373561858846,3.0,False,False,Normal
FOODS_3_703_CA_1_validation,2016-04-11,8,3.543788502332584,6.0,0,2,7.087577004665168,6.0,True,False,Stockout Risk
FOODS_3_703_CA_1_validation,2016-04-18,10,6.363983957908935,11.0,0,2,12.72796791581787,11.0,True,False,Stockout Risk
FOODS_3_704_CA_1_validation,2016-03-14,19,21.704933636472997,38.0,0,2,43.409867272945995,38.0,True,False,Stockout Risk
FOODS_3_704_CA_1_validation,2016-03-21,35,21.25412785493476,54.0,0,2,42.50825570986952,54.0,False,False,Normal
FOODS_3_704_CA_1_validation,2016-03-28,17,26.29357433436092,47.0,0,2,52.58714866872184,47.0,True,False,Stockout Risk
FOODS_3_704_CA_1_validation,2016-04-04,24,22.406268141016977,48.0,0,2,44.81253628203395,48.0,False,False,Normal
FOODS_3_704_CA_1_validation,2016-04-11,21,22.844847592860173,48.0,0,2,45.689695185720346,48.0,False,False,Normal
FOODS_3_704_CA_1_validation,2016-04-18,28,23.792873453042567,45.0,0,2,47.585746906085134,45.0,True,False,Stockout Risk
FOODS_3_705_CA_1_validation,2016-03-14,8,11.59397603221382,16.0,0,2,23.18795206442764,16.0,True,False,Stockout Risk
FOODS_3_705_CA_1_validation,2016-03-21,5,9.472563278512414,13.0,0,2,18.945126557024828,13.0,True,False,Stockout Risk
FOODS_3_705_CA_1_validation,2016-03-28,4,8.993993986245268,11.0,0,2,17.987987972490536,11.0,True,False,Stockout Risk
FOODS_3_705_CA_1_validation,2016-04-04,14,7.641560755771396,16.0,0,2,15.283121511542792,16.0,False,False,Normal
FOODS_3_705_CA_1_validation,2016-04-11,3,9.340937018831566,13.0,0,2,18.681874037663132,13.0,True,False,Stockout Risk
FOODS_3_705_CA_1_validation,2016-04-18,10,6.427197910480288,16.0,0,2,12.854395820960576,16.0,False,False,Normal
FOODS_3_706_CA_1_validation,2016-03-14,0,0.3651618097588788,0.0,0,2,0.7303236195177576,0.0,True,False,Stockout Risk
FOODS_3_706_CA_1_validation,2016-03-21,0,0.3651618097588788,0.0,0,2,0.7303236195177576,0.0,True,False,Stockout Risk
FOODS_3_706_CA_1_validation,2016-03-28,0,0.3651618097588788,0.0,0,2,0.7303236195177576,0.0,True,False,Stockout Risk
FOODS_3_706_CA_1_validation,2016-04-04,0,0.5470073055823366,0.0,0,2,1.0940146111646731,0.0,True,False,Stockout Risk
FOODS_3_706_CA_1_validation,2016-04-11,0,0.3006084123614305,0.0,0,2,0.601216824722861,0.0,True,False,Stockout Risk
FOODS_3_706_CA_1_validation,2016-04-18,7,0.3006084123614305,4.0,0,2,0.601216824722861,4.0,False,False,Normal
FOODS_3_707_CA_1_validation,2016-03-14,0,0.4291420694814084,0.0,0,2,0.8582841389628167,0.0,True,False,Stockout Risk
FOODS_3_707_CA_1_validation,2016-03-21,0,0.5023478579953735,0.0,0,2,1.004695715990747,0.0,True,False,Stockout Risk
FOODS_3_707_CA_1_validation,2016-03-28,0,0.438807456804893,0.0,0,2,0.877614913609786,0.0,True,False,Stockout Risk
FOODS_3_707_CA_1_validation,2016-04-04,0,0.5470073055823366,0.0,0,2,1.0940146111646731,0.0,True,False,Stockout Risk
FOODS_3_707_CA_1_validation,2016-04-11,0,0.3006084123614305,0.0,0,2,0.601216824722861,0.0,True,False,Stockout Risk
FOODS_3_707_CA_1_validation,2016-04-18,0,0.3006084123614305,0.0,0,2,0.601216824722861,0.0,True,False,Stockout Risk
FOODS_3_708_CA_1_validation,2016-03-14,9,15.27162032696456,18.0,0,2,30.54324065392912,18.0,True,False,Stockout Risk
FOODS_3_708_CA_1_validation,2016-03-21,13,13.326387937195262,22.0,0,2,26.652775874390525,22.0,True,False,Stockout Risk
FOODS_3_708_CA_1_validation,2016-03-28,7,14.361794883523148,19.0,0,2,28.723589767046295,19.0,True,False,Stockout Risk
FOODS_3_708_CA_1_validation,2016-04-04,19,11.158784812662669,24.0,0,2,22.317569625325337,24.0,False,False,Normal
FOODS_3_708_CA_1_validation,2016-04-11,14,13.32433891336538,26.0,0,2,26.64867782673076,26.0,True,False,Stockout Risk
FOODS_3_708_CA_1_validation,2016-04-18,14,13.672189577391936,27.0,0,2,27.344379154783873,27.0,True,False,Stockout Risk
FOODS_3_709_CA_1_validation,2016-03-14,7,8.232950907452855,14.0,0,2,16.46590181490571,14.0,True,False,Stockout Risk
FOODS_3_709_CA_1_validation,2016-03-21,8,8.201505526874781,15.0,0,2,16.403011053749562,15.0,True,False,Stockout Risk
FOODS_3_709_CA_1_validation,2016-03-28,10,7.602762623238403,17.0,0,2,15.205525246476807,17.0,False,False,Normal
FOODS_3_709_CA_1_validation,2016-04-04,6,8.470075674342176,16.0,0,2,16.940151348684353,16.0,True,False,Stockout Risk
FOODS_3_709_CA_1_validation,2016-04-11,0,7.620269589187646,12.0,0,2,15.240539178375291,12.0,True,False,Stockout Risk
FOODS_3_709_CA_1_validation,2016-04-18,6,3.267999366989064,11.0,0,2,6.535998733978128,11.0,False,False,Normal
FOODS_3_710_CA_1_validation,2016-03-14,5,3.225827197660982,10.0,0,2,6.451654395321964,10.0,False,False,Normal
FOODS_3_710_CA_1_validation,2016-03-21,1,3.899658826575166,6.0,0,2,7.799317653150332,6.0,True,False,Stockout Risk
FOODS_3_710_CA_1_validation,2016-03-28,0,2.765975987176309,4.0,0,2,5.531951974352618,4.0,True,False,Stockout Risk
FOODS_3_710_CA_1_validation,2016-04-04,7,1.2256955570409458,6.0,0,2,2.4513911140818916,6.0,False,False,Normal
FOODS_3_710_CA_1_validation,2016-04-11,0,5.025981649393136,4.0,0,2,10.051963298786273,4.0,True,False,Stockout Risk
FOODS_3_710_CA_1_validation,2016-04-18,3,1.2319801351908446,5.0,0,2,2.463960270381689,5.0,False,False,Normal
FOODS_3_711_CA_1_validation,2016-03-14,7,63.39067509876554,14.0,0,2,126.78135019753108,14.0,True,False,Stockout Risk
FOODS_3_711_CA_1_validation,2016-03-21,14,23.170138115278323,21.0,0,2,46.34027623055665,21.0,True,False,Stockout Risk
FOODS_3_711_CA_1_validation,2016-03-28,8,30.31950593387957,19.0,0,2,60.63901186775914,19.0,True,False,Stockout Risk
FOODS_3_711_CA_1_validation,2016-04-04,14,22.79919980613252,22.0,0,2,45.59839961226504,22.0,True,False,Stockout Risk
FOODS_3_711_CA_1_validation,2016-04-11,2,20.574849213890587,19.0,0,2,41.149698427781175,19.0,True,False,Stockout Risk
FOODS_3_711_CA_1_validation,2016-04-18,18,9.199174137225777,21.0,0,2,18.398348274451553,21.0,False,False,Normal
FOODS_3_712_CA_1_validation,2016-03-14,7,15.585878234487994,14.0,0,2,31.17175646897599,14.0,True,False,Stockout Risk
FOODS_3_712_CA_1_validation,2016-03-21,11,13.315531720834894,18.0,0,2,26.631063441669788,18.0,True,False,Stockout Risk
FOODS_3_712_CA_1_validation,2016-03-28,17,12.902442476568236,23.0,0,2,25.804884953136472,23.0,True,False,Stockout Risk
FOODS_3_712_CA_1_validation,2016-04-04,9,14.492189205178338,22.0,0,2,28.984378410356676,22.0,True,False,Stockout Risk
FOODS_3_712_CA_1_validation,2016-04-11,11,11.758132414243772,24.0,0,2,23.516264828487543,24.0,False,False,Normal
FOODS_3_712_CA_1_validation,2016-04-18,15,12.208478552279873,26.0,0,2,24.416957104559746,26.0,False,False,Normal
FOODS_3_713_CA_1_validation,2016-03-14,4,6.01206113556499,8.0,0,2,12.02412227112998,8.0,True,False,Stockout Risk
FOODS_3_713_CA_1_validation,2016-03-21,5,5.000677295753752,9.0,0,2,10.001354591507503,9.0,True,False,Stockout Risk
FOODS_3_713_CA_1_validation,2016-03-28,5,5.089267034730812,9.0,0,2,10.178534069461625,9.0,True,False,Stockout Risk
FOODS_3_713_CA_1_validation,2016-04-04,4,5.1228522806613945,9.0,0,2,10.245704561322789,9.0,True,False,Stockout Risk
FOODS_3_713_CA_1_validation,2016-04-11,5,4.847164281560353,10.0,0,2,9.694328563120706,10.0,False,False,Normal
FOODS_3_713_CA_1_validation,2016-04-18,6,4.983166447044463,10.0,0,2,9.966332894088927,10.0,False,False,Normal
FOODS_3_714_CA_1_validation,2016-03-14,127,123.16642493368607,254.0,0,2,246.33284986737215,254.0,False,False,Normal
FOODS_3_714_CA_1_validation,2016-03-21,160,119.99373128523082,287.0,0,2,239.98746257046164,287.0,False,False,Normal
FOODS_3_714_CA_1_validation,2016-03-28,139,132.12803569602002,284.0,0,2,264.25607139204004,284.0,False,False,Normal
FOODS_3_714_CA_1_validation,2016-04-04,150,142.4627428926081,288.0,0,2,284.9254857852162,288.0,False,False,Normal
FOODS_3_714_CA_1_validation,2016-04-11,126,141.46962739764953,288.0,0,2,282.93925479529906,288.0,False,False,Normal
FOODS_3_714_CA_1_validation,2016-04-18,110,124.23704061246131,262.0,0,2,248.47408122492263,262.0,False,False,Normal
FOODS_3_715_CA_1_validation,2016-03-14,8,7.70315212034151,16.0,0,2,15.40630424068302,16.0,False,False,Normal
FOODS_3_715_CA_1_validation,2016-03-21,9,8.138050989612202,17.0,0,2,16.276101979224403,17.0,False,False,Normal
FOODS_3_715_CA_1_validation,2016-03-28,5,8.559219720403416,15.0,0,2,17.11843944080683,15.0,True,False,Stockout Risk
FOODS_3_715_CA_1_validation,2016-04-04,6,7.716501297243379,14.0,0,2,15.433002594486759,14.0,True,False,Stockout Risk
FOODS_3_715_CA_1_validation,2016-04-11,9,6.600012547501746,14.0,0,2,13.200025095003491,14.0,False,False,Normal
FOODS_3_715_CA_1_validation,2016-04-18,12,7.697848713906309,16.0,0,2,15.395697427812618,16.0,False,False,Normal
FOODS_3_716_CA_1_validation,2016-03-14,16,19.06826138955253,32.0,0,2,38.13652277910506,32.0,True,False,Stockout Risk
FOODS_3_716_CA_1_validation,2016-03-21,18,15.956643598761184,34.0,0,2,31.91328719752237,34.0,False,False,Normal
FOODS_3_716_CA_1_validation,2016-03-28,16,15.985984024614318,33.0,0,2,31.971968049228636,33.0,False,False,Normal
FOODS_3_716_CA_1_validation,2016-04-04,20,16.7341444016565,35.0,0,2,33.468288803313,35.0,False,False,Normal
FOODS_3_716_CA_1_validation,2016-04-11,21,17.329041247658783,38.0,0,2,34.658082495317565,38.0,False,False,Normal
FOODS_3_716_CA_1_validation,2016-04-18,20,17.824565375695265,38.0,0,2,35.64913075139053,38.0,False,False,Normal
FOODS_3_717_CA_1_validation,2016-03-14,5,4.703884526570583,10.0,0,2,9.407769053141166,10.0,False,False,Normal
FOODS_3_717_CA_1_validation,2016-03-21,7,4.570098631239493,12.0,0,2,9.140197262478987,12.0,False,False,Normal
FOODS_3_717_CA_1_validation,2016-03-28,1,5.931572990993379,9.0,0,2,11.863145981986758,9.0,True,False,Stockout Risk
FOODS_3_717_CA_1_validation,2016-04-04,7,3.5730624317770854,10.0,0,2,7.146124863554171,10.0,False,False,Normal
FOODS_3_717_CA_1_validation,2016-04-11,3,4.910503839938056,9.0,0,2,9.821007679876113,9.0,True,False,Stockout Risk
FOODS_3_717_CA_1_validation,2016-04-18,9,4.309934017871719,10.0,0,2,8.619868035743439,10.0,False,False,Normal
FOODS_3_718_CA_1_validation,2016-03-14,23,13.620131833447118,46.0,0,2,27.240263666894236,46.0,False,False,Normal
FOODS_3_718_CA_1_validation,2016-03-21,21,17.922594662620558,44.0,0,2,35.845189325241115,44.0,False,False,Normal
FOODS_3_718_CA_1_validation,2016-03-28,21,19.329856336207985,43.0,0,2,38.65971267241597,43.0,False,False,Normal
FOODS_3_718_CA_1_validation,2016-04-04,7,18.63218258343024,36.0,0,2,37.26436516686048,36.0,True,False,Stockout Risk
FOODS_3_718_CA_1_validation,2016-04-11,12,13.984802846312244,30.0,0,2,27.969605692624487,30.0,False,False,Normal
FOODS_3_718_CA_1_validation,2016-04-18,14,13.577518247619375,27.0,0,2,27.15503649523875,27.0,True,False,Stockout Risk
FOODS_3_719_CA_1_validation,2016-03-14,8,6.050894676839602,16.0,0,2,12.101789353679203,16.0,False,False,Normal
FOODS_3_719_CA_1_validation,2016-03-21,6,6.544824273995316,14.0,0,2,13.089648547990633,14.0,False,False,Normal
FOODS_3_719_CA_1_validation,2016-03-28,7,5.830711680114758,14.0,0,2,11.661423360229517,14.0,False,False,Normal
FOODS_3_719_CA_1_validation,2016-04-04,3,6.949438918124065,12.0,0,2,13.89887783624813,12.0,True,False,Stockout Risk
FOODS_3_719_CA_1_validation,2016-04-11,6,5.343407258660148,11.0,0,2,10.686814517320297,11.0,False,False,Normal
FOODS_3_719_CA_1_validation,2016-04-18,5,5.5954366433760425,10.0,0,2,11.190873286752085,10.0,True,False,Stockout Risk
FOODS_3_720_CA_1_validation,2016-03-14,5,6.21669217813062,10.0,0,2,12.43338435626124,10.0,True,False,Stockout Risk
FOODS_3_720_CA_1_validation,2016-03-21,11,5.578441255309282,16.0,0,2,11.156882510618564,16.0,False,False,Normal
FOODS_3_720_CA_1_validation,2016-03-28,2,7.659346365887472,12.0,0,2,15.318692731774943,12.0,True,False,Stockout Risk
FOODS_3_720_CA_1_validation,2016-04-04,13,5.368049629823571,16.0,0,2,10.736099259647142,16.0,False,False,Normal
FOODS_3_720_CA_1_validation,2016-04-11,4,8.35399970714623,15.0,0,2,16.70799941429246,15.0,True,False,Stockout Risk
FOODS_3_720_CA_1_validation,2016-04-18,4,6.504225473308761,12.0,0,2,13.008450946617522,12.0,True,False,Stockout Risk
FOODS_3_721_CA_1_validation,2016-03-14,11,13.025581553262535,22.0,0,2,26.05116310652507,22.0,True,False,Stockout Risk
FOODS_3_721_CA_1_validation,2016-03-21,12,14.239017398932925,23.0,0,2,28.47803479786585,23.0,True,False,Stockout Risk
FOODS_3_721_CA_1_validation,2016-03-28,9,12.109573989691835,21.0,0,2,24.21914797938367,21.0,True,False,Stockout Risk
FOODS_3_721_CA_1_validation,2016-04-04,13,10.286559977130317,22.0,0,2,20.573119954260633,22.0,False,False,Normal
FOODS_3_721_CA_1_validation,2016-04-11,17,11.112117526649506,26.0,0,2,22.22423505329901,26.0,False,False,Normal
FOODS_3_721_CA_1_validation,2016-04-18,2,13.950664105505645,20.0,0,2,27.90132821101129,20.0,True,False,Stockout Risk
FOODS_3_722_CA_1_validation,2016-03-14,4,7.731872722242351,8.0,0,2,15.463745444484703,8.0,True,False,Stockout Risk
FOODS_3_722_CA_1_validation,2016-03-21,3,4.9005195519743925,7.0,0,2,9.801039103948785,7.0,True,False,Stockout Risk
FOODS_3_722_CA_1_validation,2016-03-28,3,4.372950297200896,7.0,0,2,8.745900594401792,7.0,True,False,Stockout Risk
FOODS_3_722_CA_1_validation,2016-04-04,5,4.108820206184681,8.0,0,2,8.217640412369361,8.0,True,False,Stockout Risk
FOODS_3_722_CA_1_validation,2016-04-11,5,4.02437467572144,8.0,0,2,8.04874935144288,8.0,True,False,Stockout Risk
FOODS_3_722_CA_1_validation,2016-04-18,6,4.656817092265793,10.0,0,2,9.313634184531587,10.0,False,False,Normal
FOODS_3_723_CA_1_validation,2016-03-14,78,92.67471434443604,156.0,0,2,185.34942868887208,156.0,True,False,Stockout Risk
FOODS_3_723_CA_1_validation,2016-03-21,129,82.18117227494132,207.0,0,2,164.36234454988264,207.0,False,False,Normal
FOODS_3_723_CA_1_validation,2016-03-28,62,104.9806612945958,179.0,0,2,209.9613225891916,179.0,True,False,Stockout Risk
FOODS_3_723_CA_1_validation,2016-04-04,74,79.79865269659965,172.0,0,2,159.5973053931993,172.0,False,False,Normal
FOODS_3_723_CA_1_validation,2016-04-11,80,76.63395852414256,172.0,0,2,153.2679170482851,172.0,False,False,Normal
FOODS_3_723_CA_1_validation,2016-04-18,102,83.33133055433956,159.0,0,2,166.66266110867912,159.0,True,False,Stockout Risk
FOODS_3_724_CA_1_validation,2016-03-14,1,4.1442924410493145,2.0,0,2,8.288584882098629,2.0,True,False,Stockout Risk
FOODS_3_724_CA_1_validation,2016-03-21,5,2.8534825756052595,6.0,0,2,5.706965151210519,6.0,False,False,Normal
FOODS_3_724_CA_1_validation,2016-03-28,2,4.283757306656029,5.0,0,2,8.567514613312058,5.0,True,False,Stockout Risk
FOODS_3_724_CA_1_validation,2016-04-04,4,3.849938727815253,6.0,0,2,7.699877455630506,6.0,True,False,Stockout Risk
FOODS_3_724_CA_1_validation,2016-04-11,2,4.082959539466181,6.0,0,2,8.165919078932362,6.0,True,False,Stockout Risk
FOODS_3_724_CA_1_validation,2016-04-18,2,3.188041883715648,5.0,0,2,6.376083767431296,5.0,True,False,Stockout Risk
FOODS_3_725_CA_1_validation,2016-03-14,29,45.70298474676689,58.0,0,2,91.40596949353377,58.0,True,False,Stockout Risk
FOODS_3_725_CA_1_validation,2016-03-21,30,38.78235476601134,59.0,0,2,77.56470953202268,59.0,True,False,Stockout Risk
FOODS_3_725_CA_1_validation,2016-03-28,24,37.68036583476059,55.0,0,2,75.36073166952119,55.0,True,False,Stockout Risk
FOODS_3_725_CA_1_validation,2016-04-04,29,30.148812874819573,56.0,0,2,60.297625749639145,56.0,True,False,Stockout Risk
FOODS_3_725_CA_1_validation,2016-04-11,29,34.40513499279411,56.0,0,2,68.81026998558822,56.0,True,False,Stockout Risk
FOODS_3_725_CA_1_validation,2016-04-18,14,31.877166735748222,48.0,0,2,63.754333471496444,48.0,True,False,Stockout Risk
FOODS_3_726_CA_1_validation,2016-03-14,3,7.731872722242351,6.0,0,2,15.463745444484703,6.0,True,False,Stockout Risk
FOODS_3_726_CA_1_validation,2016-03-21,6,4.664591842990588,9.0,0,2,9.329183685981176,9.0,True,False,Stockout Risk
FOODS_3_726_CA_1_validation,2016-03-28,4,5.518678996357102,9.0,0,2,11.037357992714204,9.0,True,False,Stockout Risk
FOODS_3_726_CA_1_validation,2016-04-04,9,4.587190610255243,11.0,0,2,9.174381220510487,11.0,False,False,Normal
FOODS_3_726_CA_1_validation,2016-04-11,8,5.79414183536672,14.0,0,2,11.58828367073344,14.0,False,False,Normal
FOODS_3_726_CA_1_validation,2016-04-18,4,7.09472040016229,12.0,0,2,14.18944080032458,12.0,True,False,Stockout Risk
FOODS_3_727_CA_1_validation,2016-03-14,12,17.93804550493586,24.0,0,2,35.87609100987172,24.0,True,False,Stockout Risk
FOODS_3_727_CA_1_validation,2016-03-21,22,16.188091244425422,34.0,0,2,32.376182488850844,34.0,False,False,Normal
FOODS_3_727_CA_1_validation,2016-03-28,23,17.57109585957434,38.0,0,2,35.14219171914868,38.0,False,False,Normal
FOODS_3_727_CA_1_validation,2016-04-04,27,20.092901443176757,42.0,0,2,40.185802886353514,42.0,False,False,Normal
FOODS_3_727_CA_1_validation,2016-04-11,21,21.993724102396754,46.0,0,2,43.98744820479351,46.0,False,False,Normal
FOODS_3_727_CA_1_validation,2016-04-18,20,22.966497675389142,46.0,0,2,45.932995350778285,46.0,False,False,Normal
FOODS_3_729_CA_1_validation,2016-03-14,1,5.407177831654519,2.0,0,2,10.814355663309039,2.0,True,False,Stockout Risk
FOODS_3_729_CA_1_validation,2016-03-21,9,3.150074467257172,10.0,0,2,6.300148934514344,10.0,False,False,Normal
FOODS_3_729_CA_1_validation,2016-03-28,12,5.792244457102823,15.0,0,2,11.584488914205647,15.0,False,False,Normal
FOODS_3_729_CA_1_validation,2016-04-04,6,7.922900913406218,14.0,0,2,15.845801826812435,14.0,True,False,Stockout Risk
FOODS_3_729_CA_1_validation,2016-04-11,3,6.6258448901710665,15.0,0,2,13.251689780342133,15.0,False,False,Normal
FOODS_3_729_CA_1_validation,2016-04-18,3,5.630616468000128,12.0,0,2,11.261232936000257,12.0,False,False,Normal
FOODS_3_730_CA_1_validation,2016-03-14,10,11.87432449227855,20.0,0,2,23.7486489845571,20.0,True,False,Stockout Risk
FOODS_3_730_CA_1_validation,2016-03-21,10,11.525193608174613,20.0,0,2,23.050387216349225,20.0,True,False,Stockout Risk
FOODS_3_730_CA_1_validation,2016-03-28,15,11.491223289781482,23.0,0,2,22.982446579562964,23.0,False,False,Normal
FOODS_3_730_CA_1_validation,2016-04-04,14,12.63825007812552,24.0,0,2,25.27650015625104,24.0,True,False,Stockout Risk
FOODS_3_730_CA_1_validation,2016-04-11,9,11.65313149773269,24.0,0,2,23.30626299546538,24.0,False,False,Normal
FOODS_3_730_CA_1_validation,2016-04-18,8,10.531797477906824,23.0,0,2,21.06359495581365,23.0,False,False,Normal
FOODS_3_731_CA_1_validation,2016-03-14,12,11.019764580425043,24.0,0,2,22.039529160850087,24.0,False,False,Normal
FOODS_3_731_CA_1_validation,2016-03-21,11,11.333569843498404,23.0,0,2,22.66713968699681,23.0,False,False,Normal
FOODS_3_731_CA_1_validation,2016-03-28,10,11.720389994228114,22.0,0,2,23.440779988456228,22.0,True,False,Stockout Risk
FOODS_3_731_CA_1_validation,2016-04-04,13,10.604884367686596,23.0,0,2,21.209768735373192,23.0,False,False,Normal
FOODS_3_731_CA_1_validation,2016-04-11,20,11.081963830449016,27.0,0,2,22.163927660898032,27.0,False,False,Normal
FOODS_3_731_CA_1_validation,2016-04-18,13,14.273647938918256,28.0,0,2,28.54729587783651,28.0,True,False,Stockout Risk
FOODS_3_732_CA_1_validation,2016-03-14,0,0.3651618097588788,0.0,0,2,0.7303236195177576,0.0,True,False,Stockout Risk
FOODS_3_732_CA_1_validation,2016-03-21,0,0.3651618097588788,0.0,0,2,0.7303236195177576,0.0,True,False,Stockout Risk
FOODS_3_732_CA_1_validation,2016-03-28,0,0.3651618097588788,0.0,0,2,0.7303236195177576,0.0,True,False,Stockout Risk
FOODS_3_732_CA_1_validation,2016-04-04,0,0.5470073055823366,0.0,0,2,1.0940146111646731,0.0,True,False,Stockout Risk
FOODS_3_732_CA_1_validation,2016-04-11,0,0.3006084123614305,0.0,0,2,0.601216824722861,0.0,True,False,Stockout Risk
FOODS_3_732_CA_1_validation,2016-04-18,0,0.3006084123614305,0.0,0,2,0.601216824722861,0.0,True,False,Stockout Risk
FOODS_3_733_CA_1_validation,2016-03-14,2,4.933664295766585,4.0,0,2,9.86732859153317,4.0,True,False,Stockout Risk
FOODS_3_733_CA_1_validation,2016-03-21,4,4.075597720711738,6.0,0,2,8.151195441423477,6.0,True,False,Stockout Risk
FOODS_3_733_CA_1_validation,2016-03-28,2,4.357731652882167,5.0,0,2,8.715463305764334,5.0,True,False,Stockout Risk
FOODS_3_733_CA_1_validation,2016-04-04,7,3.8462608898595647,8.0,0,2,7.692521779719129,8.0,False,False,Normal
FOODS_3_733_CA_1_validation,2016-04-11,8,4.6400112531169855,10.0,0,2,9.280022506233971,10.0,False,False,Normal
FOODS_3_733_CA_1_validation,2016-04-18,1,5.766629089576447,9.0,0,2,11.533258179152893,9.0,True,False,Stockout Risk
FOODS_3_734_CA_1_validation,2016-03-14,35,28.419685391187816,70.0,0,2,56.83937078237563,70.0,False,False,Normal
FOODS_3_734_CA_1_validation,2016-03-21,33,29.730182655668365,68.0,0,2,59.46036531133673,68.0,False,False,Normal
FOODS_3_734_CA_1_validation,2016-03-28,36,30.744328541148437,69.0,0,2,61.488657082296875,69.0,False,False,Normal
FOODS_3_734_CA_1_validation,2016-04-04,32,34.055738550298365,68.0,0,2,68.11147710059673,68.0,True,False,Stockout Risk
FOODS_3_734_CA_1_validation,2016-04-11,28,33.923778765284,64.0,0,2,67.847557530568,64.0,True,False,Stockout Risk
FOODS_3_734_CA_1_validation,2016-04-18,30,30.28182620482829,63.0,0,2,60.56365240965658,63.0,False,False,Normal
FOODS_3_735_CA_1_validation,2016-03-14,0,0.438807456804893,0.0,0,2,0.877614913609786,0.0,True,False,Stockout Risk
FOODS_3_735_CA_1_validation,2016-03-21,0,0.3651618097588788,0.0,0,2,0.7303236195177576,0.0,True,False,Stockout Risk
FOODS_3_735_CA_1_validation,2016-03-28,0,0.3651618097588788,0.0,0,2,0.7303236195177576,0.0,True,False,Stockout Risk
FOODS_3_735_CA_1_validation,2016-04-04,0,0.5470073055823366,0.0,0,2,1.0940146111646731,0.0,True,False,Stockout Risk
FOODS_3_735_CA_1_validation,2016-04-11,0,0.3006084123614305,0.0,0,2,0.601216824722861,0.0,True,False,Stockout Risk
FOODS_3_735_CA_1_validation,2016-04-18,2,0.3006084123614305,1.0,0,2,0.601216824722861,1.0,False,False,Normal
FOODS_3_736_CA_1_validation,2016-03-14,3,3.570477323196968,6.0,0,2,7.140954646393936,6.0,True,False,Stockout Risk
FOODS_3_736_CA_1_validation,2016-03-21,4,3.5530874405867063,7.0,0,2,7.106174881173413,7.0,True,False,Stockout Risk
FOODS_3_736_CA_1_validation,2016-03-28,2,4.214295639576372,6.0,0,2,8.428591279152744,6.0,True,False,Stockout Risk
FOODS_3_736_CA_1_validation,2016-04-04,7,3.864254825663454,8.0,0,2,7.728509651326908,8.0,False,False,Normal
FOODS_3_736_CA_1_validation,2016-04-11,4,5.13111129577324,8.0,0,2,10.26222259154648,8.0,True,False,Stockout Risk
FOODS_3_736_CA_1_validation,2016-04-18,10,4.1763215489311545,12.0,0,2,8.352643097862309,12.0,False,False,Normal
FOODS_3_737_CA_1_validation,2016-03-14,0,0.3651618097588788,0.0,0,2,0.7303236195177576,0.0,True,False,Stockout Risk
FOODS_3_737_CA_1_validation,2016-03-21,0,0.3651618097588788,0.0,0,2,0.7303236195177576,0.0,True,False,Stockout Risk
FOODS_3_737_CA_1_validation,2016-03-28,0,0.3651618097588788,0.0,0,2,0.7303236195177576,0.0,True,False,Stockout Risk
FOODS_3_737_CA_1_validation,2016-04-04,0,0.5470073055823366,0.0,0,2,1.0940146111646731,0.0,True,False,Stockout Risk
FOODS_3_737_CA_1_validation,2016-04-11,0,0.3006084123614305,0.0,0,2,0.601216824722861,0.0,True,False,Stockout Risk
FOODS_3_737_CA_1_validation,2016-04-18,1,0.3006084123614305,0.0,0,2,0.601216824722861,0.0,True,False,Stockout Risk
FOODS_3_738_CA_1_validation,2016-03-14,17,31.79853136892564,34.0,0,2,63.59706273785128,34.0,True,False,Stockout Risk
FOODS_3_738_CA_1_validation,2016-03-21,24,26.002329759220984,41.0,0,2,52.00465951844197,41.0,True,False,Stockout Risk
FOODS_3_738_CA_1_validation,2016-03-28,30,27.508713743684428,47.0,0,2,55.017427487368856,47.0,True,False,Stockout Risk
FOODS_3_738_CA_1_validation,2016-04-04,2,28.74585581239633,36.0,0,2,57.49171162479266,36.0,True,False,Stockout Risk
FOODS_3_738_CA_1_validation,2016-04-11,16,12.954543642733192,36.0,0,2,25.909087285466384,36.0,False,False,Normal
FOODS_3_738_CA_1_validation,2016-04-18,37,19.058581456897027,42.0,0,2,38.117162913794054,42.0,False,False,Normal
FOODS_3_739_CA_1_validation,2016-03-14,104,108.38214486059373,208.0,0,2,216.76428972118745,208.0,True,False,Stockout Risk
FOODS_3_739_CA_1_validation,2016-03-21,103,101.58465677800196,207.0,0,2,203.1693135560039,207.0,False,False,Normal
FOODS_3_739_CA_1_validation,2016-03-28,104,102.05673113412018,207.0,0,2,204.11346226824037,207.0,False,False,Normal
FOODS_3_739_CA_1_validation,2016-04-04,108,109.20112208331676,210.0,0,2,218.40224416663352,210.0,True,False,Stockout Risk
FOODS_3_739_CA_1_validation,2016-04-11,101,104.0032501144979,208.0,0,2,208.0065002289958,208.0,True,False,Stockout Risk
FOODS_3_739_CA_1_validation,2016-04-18,93,99.23001115893476,203.0,0,2,198.46002231786952,203.0,False,False,Normal
FOODS_3_741_CA_1_validation,2016-03-14,82,77.66475720135631,164.0,0,2,155.32951440271262,164.0,False,False,Normal
FOODS_3_741_CA_1_validation,2016-03-21,144,80.38813892176297,226.0,0,2,160.77627784352595,226.0,False,False,Normal
FOODS_3_741_CA_1_validation,2016-03-28,168,113.78837123186588,263.0,0,2,227.57674246373176,263.0,False,False,Normal
FOODS_3_741_CA_1_validation,2016-04-04,87,142.19313189197914,240.0,0,2,284.38626378395827,240.0,True,False,Stockout Risk
FOODS_3_741_CA_1_validation,2016-04-11,108,92.3597648975648,254.0,0,2,184.7195297951296,254.0,False,False,Normal
FOODS_3_741_CA_1_validation,2016-04-18,101,106.34724376995533,232.0,0,2,212.69448753991065,232.0,False,False,Normal
FOODS_3_742_CA_1_validation,2016-03-14,23,19.52507377177328,46.0,0,2,39.05014754354656,46.0,False,False,Normal
FOODS_3_742_CA_1_validation,2016-03-21,30,21.79602852256657,53.0,0,2,43.59205704513314,53.0,False,False,Normal
FOODS_3_742_CA_1_validation,2016-03-28,14,23.638260621115386,45.0,0,2,47.27652124223077,45.0,True,False,Stockout Risk
FOODS_3_742_CA_1_validation,2016-04-04,24,20.28447970377392,46.0,0,2,40.56895940754784,46.0,False,False,Normal
FOODS_3_742_CA_1_validation,2016-04-11,20,22.41976809598772,44.0,0,2,44.83953619197544,44.0,True,False,Stockout Risk
FOODS_3_742_CA_1_validation,2016-04-18,18,22.596933124101664,38.0,0,2,45.19386624820333,38.0,True,False,Stockout Risk
FOODS_3_743_CA_1_validation,2016-03-14,6,11.370373393908173,12.0,0,2,22.740746787816345,12.0,True,False,Stockout Risk
FOODS_3_743_CA_1_validation,2016-03-21,10,10.059343150412651,16.0,0,2,20.118686300825303,16.0,True,False,Stockout Risk
FOODS_3_743_CA_1_validation,2016-03-28,8,9.836961733904545,16.0,0,2,19.67392346780909,16.0,True,False,Stockout Risk
FOODS_3_743_CA_1_validation,2016-04-04,7,9.902551794455444,16.0,0,2,19.80510358891089,16.0,True,False,Stockout Risk
FOODS_3_743_CA_1_validation,2016-04-11,17,8.598495084258069,21.0,0,2,17.196990168516137,21.0,False,False,Normal
FOODS_3_743_CA_1_validation,2016-04-18,16,11.886506595643556,24.0,0,2,23.773013191287113,24.0,False,False,Normal
FOODS_3_744_CA_1_validation,2016-03-14,78,97.0493463585938,156.0,0,2,194.0986927171876,156.0,True,False,Stockout Risk
FOODS_3_744_CA_1_validation,2016-03-21,93,81.72819953740493,171.0,0,2,163.45639907480987,171.0,False,False,Normal
FOODS_3_744_CA_1_validation,2016-03-28,81,92.1728074010928,168.0,0,2,184.3456148021856,168.0,True,False,Stockout Risk
FOODS_3_744_CA_1_validation,2016-04-04,70,87.92614284832631,161.0,0,2,175.85228569665261,161.0,True,False,Stockout Risk
FOODS_3_744_CA_1_validation,2016-04-11,54,76.77383836102614,149.0,0,2,153.54767672205227,149.0,True,False,Stockout Risk
FOODS_3_744_CA_1_validation,2016-04-18,62,66.37275493272769,134.0,0,2,132.74550986545538,134.0,False,False,Normal
FOODS_3_745_CA_1_validation,2016-03-14,0,0.438807456804893,0.0,0,2,0.877614913609786,0.0,True,False,Stockout Risk
FOODS_3_745_CA_1_validation,2016-03-21,0,0.3651618097588788,0.0,0,2,0.7303236195177576,0.0,True,False,Stockout Risk
FOODS_3_745_CA_1_validation,2016-03-28,0,0.3651618097588788,0.0,0,2,0.7303236195177576,0.0,True,False,Stockout Risk
FOODS_3_745_CA_1_validation,2016-04-04,0,0.5470073055823366,0.0,0,2,1.0940146111646731,0.0,True,False,Stockout Risk
FOODS_3_745_CA_1_validation,2016-04-11,0,0.3006084123614305,0.0,0,2,0.601216824722861,0.0,True,False,Stockout Risk
FOODS_3_745_CA_1_validation,2016-04-18,0,0.3006084123614305,0.0,0,2,0.601216824722861,0.0,True,False,Stockout Risk
FOODS_3_746_CA_1_validation,2016-03-14,27,19.817992000962573,54.0,0,2,39.635984001925145,54.0,False,False,Normal
FOODS_3_746_CA_1_validation,2016-03-21,23,22.45981864846482,50.0,0,2,44.91963729692964,50.0,False,False,Normal
FOODS_3_746_CA_1_validation,2016-03-28,26,22.40975603592004,51.0,0,2,44.81951207184008,51.0,False,False,Normal
FOODS_3_746_CA_1_validation,2016-04-04,19,23.906145459719266,48.0,0,2,47.81229091943853,48.0,False,False,Normal
FOODS_3_746_CA_1_validation,2016-04-11,26,22.545191080900576,47.0,0,2,45.09038216180115,47.0,False,False,Normal
FOODS_3_746_CA_1_validation,2016-04-18,12,23.19597718294388,42.0,0,2,46.39195436588776,42.0,True,False,Stockout Risk
FOODS_3_747_CA_1_validation,2016-03-14,42,29.672939889298647,84.0,0,2,59.34587977859729,84.0,False,False,Normal
FOODS_3_747_CA_1_validation,2016-03-21,21,34.751021530269206,63.0,0,2,69.50204306053841,63.0,True,False,Stockout Risk
FOODS_3_747_CA_1_validation,2016-03-28,46,28.653035209379865,73.0,0,2,57.30607041875973,73.0,False,False,Normal
FOODS_3_747_CA_1_validation,2016-04-04,45,37.9006726658262,77.0,0,2,75.8013453316524,77.0,False,False,Normal
FOODS_3_747_CA_1_validation,2016-04-11,30,37.0307854347313,71.0,0,2,74.0615708694626,71.0,True,False,Stockout Risk
FOODS_3_747_CA_1_validation,2016-04-18,35,33.418361779589034,78.0,0,2,66.83672355917807,78.0,False,False,Normal
FOODS_3_748_CA_1_validation,2016-03-14,14,11.692236800422195,28.0,0,2,23.38447360084439,28.0,False,False,Normal
FOODS_3_748_CA_1_validation,2016-03-21,6,11.96833765964774,20.0,0,2,23.93667531929548,20.0,True,False,Stockout Risk
FOODS_3_748_CA_1_validation,2016-03-28,7,9.610516828346231,18.0,0,2,19.221033656692462,18.0,True,False,Stockout Risk
FOODS_3_748_CA_1_validation,2016-04-04,8,9.551424559017272,18.0,0,2,19.102849118034545,18.0,True,False,Stockout Risk
FOODS_3_748_CA_1_validation,2016-04-11,9,9.005458190569673,15.0,0,2,18.010916381139346,15.0,True,False,Stockout Risk
FOODS_3_748_CA_1_validation,2016-04-18,9,8.71253440301577,16.0,0,2,17.42506880603154,16.0,True,False,Stockout Risk
FOODS_3_749_CA_1_validation,2016-03-14,2,5.664937668740071,4.0,0,2,11.329875337480143,4.0,True,False,Stockout Risk
FOODS_3_749_CA_1_validation,2016-03-21,4,6.263290579075757,6.0,0,2,12.526581158151513,6.0,True,False,Stockout Risk
FOODS_3_749_CA_1_validation,2016-03-28,5,4.974254412393713,7.0,0,2,9.948508824787426,7.0,True,False,Stockout Risk
FOODS_3_749_CA_1_validation,2016-04-04,12,5.742853202252812,12.0,0,2,11.485706404505624,12.0,False,False,Normal
FOODS_3_749_CA_1_validation,2016-04-11,13,7.523160083712398,17.0,0,2,15.046320167424795,17.0,False,False,Normal
FOODS_3_749_CA_1_validation,2016-04-18,5,10.309902379604248,18.0,0,2,20.619804759208495,18.0,True,False,Stockout Risk
FOODS_3_750_CA_1_validation,2016-03-14,9,0.3651618097588788,18.0,0,2,0.7303236195177576,18.0,False,False,Normal
FOODS_3_750_CA_1_validation,2016-03-21,23,8.791866256798492,32.0,0,2,17.583732513596985,32.0,False,False,Normal
FOODS_3_750_CA_1_validation,2016-03-28,12,18.565953195110858,29.0,0,2,37.131906390221715,29.0,True,False,Stockout Risk
FOODS_3_750_CA_1_validation,2016-04-04,17,12.79334724524742,30.0,0,2,25.58669449049484,30.0,False,False,Normal
FOODS_3_750_CA_1_validation,2016-04-11,23,13.902835862140307,38.0,0,2,27.805671724280614,38.0,False,False,Normal
FOODS_3_750_CA_1_validation,2016-04-18,15,18.450988127294224,34.0,0,2,36.90197625458845,34.0,True,False,Stockout Risk
FOODS_3_751_CA_1_validation,2016-03-14,8,7.540925773444209,16.0,0,2,15.081851546888418,16.0,False,False,Normal
FOODS_3_751_CA_1_validation,2016-03-21,8,7.881987180144594,16.0,0,2,15.763974360289188,16.0,False,False,Normal
FOODS_3_751_CA_1_validation,2016-03-28,19,7.340482056896002,23.0,0,2,14.680964113792005,23.0,False,False,Normal
FOODS_3_751_CA_1_validation,2016-04-04,12,12.321404584467189,24.0,0,2,24.642809168934377,24.0,True,False,Stockout Risk
FOODS_3_751_CA_1_validation,2016-04-11,9,10.493365760701687,24.0,0,2,20.986731521403375,24.0,False,False,Normal
FOODS_3_751_CA_1_validation,2016-04-18,21,10.522748026206743,30.0,0,2,21.045496052413487,30.0,False,False,Normal
FOODS_3_752_CA_1_validation,2016-03-14,65,44.36056112630624,130.0,0,2,88.72112225261247,130.0,False,False,Normal
FOODS_3_752_CA_1_validation,2016-03-21,46,56.32046679108628,111.0,0,2,112.64093358217256,111.0,True,False,Stockout Risk
FOODS_3_752_CA_1_validation,2016-03-28,26,52.73849173915074,91.0,0,2,105.47698347830148,91.0,True,False,Stockout Risk
FOODS_3_752_CA_1_validation,2016-04-04,37,45.11833475299718,87.0,0,2,90.23666950599436,87.0,True,False,Stockout Risk
FOODS_3_752_CA_1_validation,2016-04-11,23,38.80883251421636,66.0,0,2,77.61766502843273,66.0,True,False,Stockout Risk
FOODS_3_752_CA_1_validation,2016-04-18,40,34.541327295156414,63.0,0,2,69.08265459031283,63.0,True,False,Stockout Risk
FOODS_3_753_CA_1_validation,2016-03-14,10,10.160369961388788,20.0,0,2,20.320739922777577,20.0,True,False,Stockout Risk
FOODS_3_753_CA_1_validation,2016-03-21,6,10.56964440171047,16.0,0,2,21.13928880342094,16.0,True,False,Stockout Risk
FOODS_3_753_CA_1_validation,2016-03-28,8,9.667849370915622,16.0,0,2,19.335698741831244,16.0,True,False,Stockout Risk
FOODS_3_753_CA_1_validation,2016-04-04,18,9.36623642714958,21.0,0,2,18.73247285429916,21.0,False,False,Normal
FOODS_3_753_CA_1_validation,2016-04-11,17,11.73317347351774,24.0,0,2,23.46634694703548,24.0,False,False,Normal
FOODS_3_753_CA_1_validation,2016-04-18,22,13.03062545173954,32.0,0,2,26.06125090347908,32.0,False,False,Normal
FOODS_3_754_CA_1_validation,2016-03-14,2,3.761303600044278,4.0,0,2,7.522607200088556,4.0,True,False,Stockout Risk
FOODS_3_754_CA_1_validation,2016-03-21,2,3.940304850691161,4.0,0,2,7.880609701382322,4.0,True,False,Stockout Risk
FOODS_3_754_CA_1_validation,2016-03-28,7,3.655253961713601,7.0,0,2,7.310507923427202,7.0,True,False,Stockout Risk
FOODS_3_754_CA_1_validation,2016-04-04,4,5.207246898362719,8.0,0,2,10.414493796725438,8.0,True,False,Stockout Risk
FOODS_3_754_CA_1_validation,2016-04-11,2,4.374704080707576,8.0,0,2,8.749408161415152,8.0,True,False,Stockout Risk
FOODS_3_754_CA_1_validation,2016-04-18,5,3.6324142345990382,9.0,0,2,7.2648284691980765,9.0,False,False,Normal
FOODS_3_755_CA_1_validation,2016-03-14,64,67.99567676708517,128.0,0,2,135.99135353417034,128.0,True,False,Stockout Risk
FOODS_3_755_CA_1_validation,2016-03-21,66,69.67514335708299,130.0,0,2,139.35028671416597,130.0,True,False,Stockout Risk
FOODS_3_755_CA_1_validation,2016-03-28,81,71.55929535166196,141.0,0,2,143.11859070332392,141.0,True,False,Stockout Risk
FOODS_3_755_CA_1_validation,2016-04-04,64,79.93135309518053,138.0,0,2,159.86270619036105,138.0,True,False,Stockout Risk
FOODS_3_755_CA_1_validation,2016-04-11,61,64.39616542983,136.0,0,2,128.79233085966,136.0,False,False,Normal
FOODS_3_755_CA_1_validation,2016-04-18,109,64.0295538170096,158.0,0,2,128.0591076340192,158.0,False,False,Normal
FOODS_3_756_CA_1_validation,2016-03-14,44,38.3906355521356,88.0,0,2,76.7812711042712,88.0,False,False,Normal
FOODS_3_756_CA_1_validation,2016-03-21,34,39.72365770610256,78.0,0,2,79.44731541220511,78.0,True,False,Stockout Risk
FOODS_3_756_CA_1_validation,2016-03-28,32,36.10421631252711,73.0,0,2,72.20843262505421,73.0,False,False,Normal
FOODS_3_756_CA_1_validation,2016-04-04,41,35.85765778543973,76.0,0,2,71.71531557087945,76.0,False,False,Normal
FOODS_3_756_CA_1_validation,2016-04-11,38,39.401065635009566,72.0,0,2,78.80213127001913,72.0,True,False,Stockout Risk
FOODS_3_756_CA_1_validation,2016-04-18,29,36.06416680958216,70.0,0,2,72.12833361916432,70.0,True,False,Stockout Risk
FOODS_3_757_CA_1_validation,2016-03-14,23,0.3651618097588788,46.0,0,2,0.7303236195177576,46.0,False,False,Normal
FOODS_3_757_CA_1_validation,2016-03-21,41,30.26755574332802,64.0,0,2,60.53511148665604,64.0,False,False,Normal
FOODS_3_757_CA_1_validation,2016-03-28,30,34.01410391850513,63.0,0,2,68.02820783701026,63.0,True,False,Stockout Risk
FOODS_3_757_CA_1_validation,2016-04-04,81,31.811249022423603,88.0,0,2,63.622498044847205,88.0,False,False,Normal
FOODS_3_757_CA_1_validation,2016-04-11,64,56.37552705610638,108.0,0,2,112.75105411221276,108.0,True,False,Stockout Risk
FOODS_3_757_CA_1_validation,2016-04-18,64,52.84696726656957,120.0,0,2,105.69393453313914,120.0,False,False,Normal
FOODS_3_758_CA_1_validation,2016-03-14,4,2.3235931315761564,8.0,0,2,4.647186263152313,8.0,False,False,Normal
FOODS_3_758_CA_1_validation,2016-03-21,1,3.594185916033372,5.0,0,2,7.188371832066744,5.0,True,False,Stockout Risk
FOODS_3_758_CA_1_validation,2016-03-28,6,2.375251267416651,7.0,0,2,4.750502534833302,7.0,False,False,Normal
FOODS_3_758_CA_1_validation,2016-04-04,1,4.79654367859972,6.0,0,2,9.59308735719944,6.0,True,False,Stockout Risk
FOODS_3_758_CA_1_validation,2016-04-11,3,2.7350532242078622,6.0,0,2,5.4701064484157245,6.0,False,False,Normal
FOODS_3_758_CA_1_validation,2016-04-18,5,3.356116449284248,8.0,0,2,6.712232898568496,8.0,False,False,Normal
FOODS_3_759_CA_1_validation,2016-03-14,3,14.326317035058686,6.0,0,2,28.652634070117372,6.0,True,False,Stockout Risk
FOODS_3_759_CA_1_validation,2016-03-21,5,9.067881185311318,8.0,0,2,18.135762370622636,8.0,True,False,Stockout Risk
FOODS_3_759_CA_1_validation,2016-03-28,8,9.739281875654546,11.0,0,2,19.478563751309093,11.0,True,False,Stockout Risk
FOODS_3_759_CA_1_validation,2016-04-04,11,9.568160304831911,14.0,0,2,19.136320609663823,14.0,True,False,Stockout Risk
FOODS_3_759_CA_1_validation,2016-04-11,11,8.664350641109548,18.0,0,2,17.328701282219097,18.0,False,False,Normal
FOODS_3_759_CA_1_validation,2016-04-18,8,9.646452072396714,19.0,0,2,19.29290414479343,19.0,True,False,Stockout Risk
FOODS_3_760_CA_1_validation,2016-03-14,76,111.9797538734444,152.0,0,2,223.9595077468888,152.0,True,False,Stockout Risk
FOODS_3_760_CA_1_validation,2016-03-21,64,90.98702131385134,140.0,0,2,181.9740426277027,140.0,True,False,Stockout Risk
FOODS_3_760_CA_1_validation,2016-03-28,46,82.44189482000208,124.0,0,2,164.88378964000415,124.0,True,False,Stockout Risk
FOODS_3_760_CA_1_validation,2016-04-04,67,64.09856658439496,126.0,0,2,128.19713316878992,126.0,True,False,Stockout Risk
FOODS_3_760_CA_1_validation,2016-04-11,79,72.26198188830624,128.0,0,2,144.52396377661248,128.0,True,False,Stockout Risk
FOODS_3_760_CA_1_validation,2016-04-18,65,76.2376805531971,128.0,0,2,152.4753611063942,128.0,True,False,Stockout Risk
FOODS_3_761_CA_1_validation,2016-03-14,3,5.575847777736721,6.0,0,2,11.151695555473442,6.0,True,False,Stockout Risk
FOODS_3_761_CA_1_validation,2016-03-21,5,4.755963634717737,8.0,0,2,9.511927269435475,8.0,True,False,Stockout Risk
FOODS_3_761_CA_1_validation,2016-03-28,4,5.237806941955243,8.0,0,2,10.475613883910485,8.0,True,False,Stockout Risk
FOODS_3_761_CA_1_validation,2016-04-04,10,5.168395347740283,11.0,0,2,10.336790695480566,11.0,False,False,Normal
FOODS_3_761_CA_1_validation,2016-04-11,5,5.957114568881375,12.0,0,2,11.91422913776275,12.0,False,False,Normal
FOODS_3_761_CA_1_validation,2016-04-18,1,5.575534580179801,10.0,0,2,11.151069160359603,10.0,True,False,Stockout Risk
FOODS_3_762_CA_1_validation,2016-03-14,12,5.700749832606357,24.0,0,2,11.401499665212715,24.0,False,False,Normal
FOODS_3_762_CA_1_validation,2016-03-21,9,8.584207968779175,21.0,0,2,17.16841593755835,21.0,False,False,Normal
FOODS_3_762_CA_1_validation,2016-03-28,7,8.582701470050896,19.0,0,2,17.165402940101792,19.0,False,False,Normal
FOODS_3_762_CA_1_validation,2016-04-04,8,8.447228374486805,18.0,0,2,16.89445674897361,18.0,False,False,Normal
FOODS_3_762_CA_1_validation,2016-04-11,13,7.794720892812119,18.0,0,2,15.589441785624238,18.0,False,False,Normal
FOODS_3_762_CA_1_validation,2016-04-18,7,9.327666037080869,18.0,0,2,18.655332074161738,18.0,True,False,Stockout Risk
FOODS_3_763_CA_1_validation,2016-03-14,6,4.84065136074465,12.0,0,2,9.6813027214893,12.0,False,False,Normal
FOODS_3_763_CA_1_validation,2016-03-21,7,5.375476110890901,13.0,0,2,10.750952221781802,13.0,False,False,Normal
FOODS_3_763_CA_1_validation,2016-03-28,3,5.641254014252739,11.0,0,2,11.282508028505479,11.0,True,False,Stockout Risk
FOODS_3_763_CA_1_validation,2016-04-04,1,4.816895792314919,8.0,0,2,9.633791584629838,8.0,True,False,Stockout Risk
FOODS_3_763_CA_1_validation,2016-04-11,5,3.385454321401247,8.0,0,2,6.770908642802494,8.0,False,False,Normal
FOODS_3_763_CA_1_validation,2016-04-18,5,4.589031436752775,7.0,0,2,9.17806287350555,7.0,True,False,Stockout Risk
FOODS_3_764_CA_1_validation,2016-03-14,51,51.21648812798279,102.0,0,2,102.43297625596558,102.0,True,False,Stockout Risk
FOODS_3_764_CA_1_validation,2016-03-21,48,51.93841573009907,99.0,0,2,103.87683146019813,99.0,True,False,Stockout Risk
FOODS_3_764_CA_1_validation,2016-03-28,53,51.44373302466877,101.0,0,2,102.88746604933753,101.0,True,False,Stockout Risk
FOODS_3_764_CA_1_validation,2016-04-04,95,55.31206212552329,124.0,0,2,110.62412425104658,124.0,False,False,Normal
FOODS_3_764_CA_1_validation,2016-04-11,49,70.68647770845939,122.0,0,2,141.37295541691878,122.0,True,False,Stockout Risk
FOODS_3_764_CA_1_validation,2016-04-18,41,54.03827849502675,119.0,0,2,108.0765569900535,119.0,False,False,Normal
FOODS_3_765_CA_1_validation,2016-03-14,10,7.502902678459818,20.0,0,2,15.005805356919636,20.0,False,False,Normal
FOODS_3_765_CA_1_validation,2016-03-21,11,7.826522425787598,21.0,0,2,15.653044851575196,21.0,False,False,Normal
FOODS_3_765_CA_1_validation,2016-03-28,6,8.860120916765222,18.0,0,2,17.720241833530444,18.0,False,False,Normal
FOODS_3_765_CA_1_validation,2016-04-04,14,8.29255519155733,20.0,0,2,16.58511038311466,20.0,False,False,Normal
FOODS_3_765_CA_1_validation,2016-04-11,11,9.862709338717467,21.0,0,2,19.725418677434934,21.0,False,False,Normal
FOODS_3_765_CA_1_validation,2016-04-18,10,9.650836002649807,20.0,0,2,19.301672005299615,20.0,False,False,Normal
FOODS_3_766_CA_1_validation,2016-03-14,4,6.593878530993601,8.0,0,2,13.187757061987202,8.0,True,False,Stockout Risk
FOODS_3_766_CA_1_validation,2016-03-21,5,5.669186825164327,9.0,0,2,11.338373650328654,9.0,True,False,Stockout Risk
FOODS_3_766_CA_1_validation,2016-03-28,5,5.524643659058877,9.0,0,2,11.049287318117754,9.0,True,False,Stockout Risk
FOODS_3_766_CA_1_validation,2016-04-04,5,5.465329155112587,10.0,0,2,10.930658310225175,10.0,True,False,Stockout Risk
FOODS_3_766_CA_1_validation,2016-04-11,5,5.16557861979557,10.0,0,2,10.33115723959114,10.0,True,False,Stockout Risk
FOODS_3_766_CA_1_validation,2016-04-18,4,5.16557861979557,10.0,0,2,10.33115723959114,10.0,True,False,Stockout Risk
FOODS_3_767_CA_1_validation,2016-03-14,31,19.18921032966531,62.0,0,2,38.37842065933062,62.0,False,False,Normal
FOODS_3_767_CA_1_validation,2016-03-21,24,26.15185725474637,55.0,0,2,52.30371450949274,55.0,False,False,Normal
FOODS_3_767_CA_1_validation,2016-03-28,9,23.79259001091083,43.0,0,2,47.58518002182166,43.0,True,False,Stockout Risk
FOODS_3_767_CA_1_validation,2016-04-04,0,16.833196064133386,32.0,0,2,33.66639212826677,32.0,True,False,Stockout Risk
FOODS_3_767_CA_1_validation,2016-04-11,0,6.369516448625376,16.0,0,2,12.739032897250752,16.0,False,False,Normal
FOODS_3_767_CA_1_validation,2016-04-18,0,4.226529480591472,4.0,0,2,8.453058961182943,4.0,True,False,Stockout Risk
FOODS_3_768_CA_1_validation,2016-03-14,21,24.06522996403323,42.0,0,2,48.13045992806646,42.0,True,False,Stockout Risk
FOODS_3_768_CA_1_validation,2016-03-21,23,22.527168913532744,44.0,0,2,45.05433782706549,44.0,True,False,Stockout Risk
FOODS_3_768_CA_1_validation,2016-03-28,18,23.946799896334078,41.0,0,2,47.893599792668155,41.0,True,False,Stockout Risk
FOODS_3_768_CA_1_validation,2016-04-04,26,20.708429285374947,44.0,0,2,41.416858570749895,44.0,False,False,Normal
FOODS_3_768_CA_1_validation,2016-04-11,17,23.09181829874896,42.0,0,2,46.18363659749792,42.0,True,False,Stockout Risk
FOODS_3_768_CA_1_validation,2016-04-18,24,19.80276004371587,42.0,0,2,39.60552008743174,42.0,False,False,Normal
FOODS_3_769_CA_1_validation,2016-03-14,15,25.43311429110381,30.0,0,2,50.86622858220762,30.0,True,False,Stockout Risk
FOODS_3_769_CA_1_validation,2016-03-21,31,18.73249557884875,46.0,0,2,37.4649911576975,46.0,False,False,Normal
FOODS_3_769_CA_1_validation,2016-03-28,26,25.181767733427584,48.0,0,2,50.36353546685517,48.0,True,False,Stockout Risk
FOODS_3_769_CA_1_validation,2016-04-04,36,24.45758634048684,54.0,0,2,48.91517268097368,54.0,False,False,Normal
FOODS_3_769_CA_1_validation,2016-04-11,28,27.683220011567823,60.0,0,2,55.366440023135645,60.0,False,False,Normal
FOODS_3_769_CA_1_validation,2016-04-18,28,27.27639995027352,59.0,0,2,54.55279990054704,59.0,False,False,Normal
FOODS_3_770_CA_1_validation,2016-03-14,10,9.124991052480958,20.0,0,2,18.249982104961916,20.0,False,False,Normal
FOODS_3_770_CA_1_validation,2016-03-21,12,9.051915500850654,22.0,0,2,18.10383100170131,22.0,False,False,Normal
FOODS_3_770_CA_1_validation,2016-03-28,5,9.69464073881386,18.0,0,2,19.38928147762772,18.0,True,False,Stockout Risk
FOODS_3_770_CA_1_validation,2016-04-04,8,8.586375949290938,18.0,0,2,17.172751898581875,18.0,False,False,Normal
FOODS_3_770_CA_1_validation,2016-04-11,12,8.319478756542592,18.0,0,2,16.638957513085185,18.0,False,False,Normal
FOODS_3_770_CA_1_validation,2016-04-18,6,10.091427032157403,16.0,0,2,20.182854064314807,16.0,True,False,Stockout Risk
FOODS_3_771_CA_1_validation,2016-03-14,9,30.26755574332802,18.0,0,2,60.53511148665604,18.0,True,False,Stockout Risk
FOODS_3_771_CA_1_validation,2016-03-21,12,10.257519839346577,21.0,0,2,20.515039678693153,21.0,False,False,Normal
FOODS_3_771_CA_1_validation,2016-03-28,22,11.330362050754196,29.0,0,2,22.660724101508393,29.0,False,False,Normal
FOODS_3_771_CA_1_validation,2016-04-04,13,17.53964841047365,28.0,0,2,35.0792968209473,28.0,True,False,Stockout Risk
FOODS_3_771_CA_1_validation,2016-04-11,26,12.64653902375519,36.0,0,2,25.29307804751038,36.0,False,False,Normal
FOODS_3_771_CA_1_validation,2016-04-18,22,19.734960257652656,42.0,0,2,39.46992051530531,42.0,False,False,Normal
FOODS_3_772_CA_1_validation,2016-03-14,13,16.203554283204657,26.0,0,2,32.40710856640931,26.0,True,False,Stockout Risk
FOODS_3_772_CA_1_validation,2016-03-21,15,14.979892588164631,28.0,0,2,29.959785176329262,28.0,True,False,Stockout Risk
FOODS_3_772_CA_1_validation,2016-03-28,17,16.119857763786666,30.0,0,2,32.23971552757333,30.0,True,False,Stockout Risk
FOODS_3_772_CA_1_validation,2016-04-04,26,16.035747620011538,36.0,0,2,32.071495240023076,36.0,False,False,Normal
FOODS_3_772_CA_1_validation,2016-04-11,28,18.93094694726425,43.0,0,2,37.8618938945285,43.0,False,False,Normal
FOODS_3_772_CA_1_validation,2016-04-18,29,20.840241690872546,50.0,0,2,41.68048338174509,50.0,False,False,Normal
FOODS_3_773_CA_1_validation,2016-03-14,3,4.952825571695968,6.0,0,2,9.905651143391935,6.0,True,False,Stockout Risk
FOODS_3_773_CA_1_validation,2016-03-21,0,4.455766695265186,3.0,0,2,8.911533390530373,3.0,True,False,Stockout Risk
FOODS_3_773_CA_1_validation,2016-03-28,6,1.711614155632446,6.0,0,2,3.423228311264892,6.0,False,False,Normal
FOODS_3_773_CA_1_validation,2016-04-04,4,5.038639725350063,6.0,0,2,10.077279450700127,6.0,True,False,Stockout Risk
FOODS_3_773_CA_1_validation,2016-04-11,3,4.263748670153601,6.0,0,2,8.527497340307201,6.0,True,False,Stockout Risk
FOODS_3_773_CA_1_validation,2016-04-18,7,4.245085070988228,10.0,0,2,8.490170141976456,10.0,False,False,Normal
FOODS_3_774_CA_1_validation,2016-03-14,4,3.8635735193975065,8.0,0,2,7.727147038795013,8.0,False,False,Normal
FOODS_3_774_CA_1_validation,2016-03-21,6,5.076681547832798,10.0,0,2,10.153363095665595,10.0,True,False,Stockout Risk
FOODS_3_774_CA_1_validation,2016-03-28,5,5.443244117937035,10.0,0,2,10.88648823587407,10.0,True,False,Stockout Risk
FOODS_3_774_CA_1_validation,2016-04-04,8,5.612000313473758,12.0,0,2,11.224000626947516,12.0,False,False,Normal
FOODS_3_774_CA_1_validation,2016-04-11,3,5.8761997418523775,11.0,0,2,11.752399483704755,11.0,True,False,Stockout Risk
FOODS_3_774_CA_1_validation,2016-04-18,1,4.591584964713558,8.0,0,2,9.183169929427116,8.0,True,False,Stockout Risk
FOODS_3_775_CA_1_validation,2016-03-14,5,15.82755655717285,10.0,0,2,31.6551131143457,10.0,True,False,Stockout Risk
FOODS_3_775_CA_1_validation,2016-03-21,12,11.660177061901573,17.0,0,2,23.320354123803146,17.0,True,False,Stockout Risk
FOODS_3_775_CA_1_validation,2016-03-28,8,13.230695973653608,17.0,0,2,26.461391947307217,17.0,True,False,Stockout Risk
FOODS_3_775_CA_1_validation,2016-04-04,8,10.640332650937044,16.0,0,2,21.280665301874087,16.0,True,False,Stockout Risk
FOODS_3_775_CA_1_validation,2016-04-11,5,10.024891345165782,16.0,0,2,20.049782690331565,16.0,True,False,Stockout Risk
FOODS_3_775_CA_1_validation,2016-04-18,9,8.833131020471988,15.0,0,2,17.666262040943977,15.0,True,False,Stockout Risk
FOODS_3_776_CA_1_validation,2016-03-14,3,7.080854147013667,6.0,0,2,14.161708294027335,6.0,True,False,Stockout Risk
FOODS_3_776_CA_1_validation,2016-03-21,10,5.774840629149215,13.0,0,2,11.54968125829843,13.0,False,False,Normal
FOODS_3_776_CA_1_validation,2016-03-28,5,7.122961337467822,12.0,0,2,14.245922674935644,12.0,True,False,Stockout Risk
FOODS_3_776_CA_1_validation,2016-04-04,11,6.82175816936797,14.0,0,2,13.64351633873594,14.0,False,False,Normal
FOODS_3_776_CA_1_validation,2016-04-11,8,7.4232102417573715,17.0,0,2,14.846420483514743,17.0,False,False,Normal
FOODS_3_776_CA_1_validation,2016-04-18,4,8.168513232965193,14.0,0,2,16.337026465930386,14.0,True,False,Stockout Risk
FOODS_3_777_CA_1_validation,2016-03-14,2,6.863613142913059,4.0,0,2,13.727226285826118,4.0,True,False,Stockout Risk
FOODS_3_777_CA_1_validation,2016-03-21,9,5.343251752158165,11.0,0,2,10.68650350431633,11.0,False,False,Normal
FOODS_3_777_CA_1_validation,2016-03-28,13,7.0098162938814506,16.0,0,2,14.019632587762901,16.0,False,False,Normal
FOODS_3_777_CA_1_validation,2016-04-04,6,8.456667672298963,15.0,0,2,16.913335344597925,15.0,True,False,Stockout Risk
FOODS_3_777_CA_1_validation,2016-04-11,13,7.297354872836046,20.0,0,2,14.594709745672091,20.0,False,False,Normal
FOODS_3_777_CA_1_validation,2016-04-18,11,9.334780291903297,22.0,0,2,18.669560583806593,22.0,False,False,Normal
FOODS_3_778_CA_1_validation,2016-03-14,3,4.750451195423045,6.0,0,2,9.50090239084609,6.0,True,False,Stockout Risk
FOODS_3_778_CA_1_validation,2016-03-21,4,4.742490475125263,7.0,0,2,9.484980950250526,7.0,True,False,Stockout Risk
FOODS_3_778_CA_1_validation,2016-03-28,3,4.531898766514314,7.0,0,2,9.063797533028628,7.0,True,False,Stockout Risk
FOODS_3_778_CA_1_validation,2016-04-04,8,4.084814988741247,9.0,0,2,8.169629977482494,9.0,False,False,Normal
FOODS_3_778_CA_1_validation,2016-04-11,3,5.450323944123808,9.0,0,2,10.900647888247615,9.0,True,False,Stockout Risk
FOODS_3_778_CA_1_validation,2016-04-18,3,5.032248742271322,8.0,0,2,10.064497484542644,8.0,True,False,Stockout Risk
FOODS_3_779_CA_1_validation,2016-03-14,3,3.5939453901042424,6.0,0,2,7.187890780208485,6.0,True,False,Stockout Risk
FOODS_3_779_CA_1_validation,2016-03-21,3,3.481771179152926,6.0,0,2,6.963542358305852,6.0,True,False,Stockout Risk
FOODS_3_779_CA_1_validation,2016-03-28,1,3.481771179152926,5.0,0,2,6.963542358305852,5.0,True,False,Stockout Risk
FOODS_3_779_CA_1_validation,2016-04-04,1,3.0103582164356784,4.0,0,2,6.020716432871357,4.0,True,False,Stockout Risk
FOODS_3_779_CA_1_validation,2016-04-11,1,2.305582764493448,3.0,0,2,4.611165528986896,3.0,True,False,Stockout Risk
FOODS_3_779_CA_1_validation,2016-04-18,4,2.305582764493448,4.0,0,2,4.611165528986896,4.0,True,False,Stockout Risk
FOODS_3_780_CA_1_validation,2016-03-14,10,4.608934231339986,20.0,0,2,9.217868462679972,20.0,False,False,Normal
FOODS_3_780_CA_1_validation,2016-03-21,7,6.405403665340185,17.0,0,2,12.81080733068037,17.0,False,False,Normal
FOODS_3_780_CA_1_validation,2016-03-28,5,6.589415438609105,15.0,0,2,13.17883087721821,15.0,False,False,Normal
FOODS_3_780_CA_1_validation,2016-04-04,5,5.947419928500768,14.0,0,2,11.894839857001536,14.0,False,False,Normal
FOODS_3_780_CA_1_validation,2016-04-11,7,6.455966435746679,12.0,0,2,12.911932871493358,12.0,True,False,Stockout Risk
FOODS_3_780_CA_1_validation,2016-04-18,15,5.75537517057122,16.0,0,2,11.51075034114244,16.0,False,False,Normal
FOODS_3_781_CA_1_validation,2016-03-14,2,2.6538017762249915,4.0,0,2,5.307603552449983,4.0,True,False,Stockout Risk
FOODS_3_781_CA_1_validation,2016-03-21,1,3.18637884311611,3.0,0,2,6.37275768623222,3.0,True,False,Stockout Risk
FOODS_3_781_CA_1_validation,2016-03-28,3,2.370136161890896,4.0,0,2,4.740272323781792,4.0,True,False,Stockout Risk
FOODS_3_781_CA_1_validation,2016-04-04,6,3.4076726934844404,6.0,0,2,6.815345386968881,6.0,True,False,Stockout Risk
FOODS_3_781_CA_1_validation,2016-04-11,2,4.391712133696516,6.0,0,2,8.783424267393032,6.0,True,False,Stockout Risk
FOODS_3_781_CA_1_validation,2016-04-18,6,3.3564532564123644,8.0,0,2,6.712906512824729,8.0,False,False,Normal
FOODS_3_782_CA_1_validation,2016-03-14,21,26.847131267998133,42.0,0,2,53.694262535996266,42.0,True,False,Stockout Risk
FOODS_3_782_CA_1_validation,2016-03-21,27,24.534334941434707,48.0,0,2,49.068669882869415,48.0,True,False,Stockout Risk
FOODS_3_782_CA_1_validation,2016-03-28,32,25.35213107306124,53.0,0,2,50.70426214612248,53.0,False,False,Normal
FOODS_3_782_CA_1_validation,2016-04-04,32,28.42342995404378,56.0,0,2,56.84685990808756,56.0,True,False,Stockout Risk
FOODS_3_782_CA_1_validation,2016-04-11,20,27.748085471592265,56.0,0,2,55.49617094318453,56.0,False,False,Normal
FOODS_3_782_CA_1_validation,2016-04-18,26,23.76391622134648,55.0,0,2,47.52783244269296,55.0,False,False,Normal
FOODS_3_783_CA_1_validation,2016-03-14,32,26.263383004363188,64.0,0,2,52.526766008726376,64.0,False,False,Normal
FOODS_3_783_CA_1_validation,2016-03-21,19,29.583658709778657,51.0,0,2,59.167317419557314,51.0,True,False,Stockout Risk
FOODS_3_783_CA_1_validation,2016-03-28,26,24.803453076709744,51.0,0,2,49.60690615341949,51.0,False,False,Normal
FOODS_3_783_CA_1_validation,2016-04-04,41,27.090959380726236,59.0,0,2,54.18191876145247,59.0,False,False,Normal
FOODS_3_783_CA_1_validation,2016-04-11,29,32.64974898899892,58.0,0,2,65.29949797799785,58.0,True,False,Stockout Risk
FOODS_3_783_CA_1_validation,2016-04-18,35,28.878422475099008,66.0,0,2,57.756844950198015,66.0,False,False,Normal
FOODS_3_784_CA_1_validation,2016-03-14,12,7.850063770886447,24.0,0,2,15.700127541772893,24.0,False,False,Normal
FOODS_3_784_CA_1_validation,2016-03-21,21,8.973164048893935,33.0,0,2,17.94632809778787,33.0,False,False,Normal
FOODS_3_784_CA_1_validation,2016-03-28,12,15.246454380730164,30.0,0,2,30.492908761460328,30.0,True,False,Stockout Risk
FOODS_3_784_CA_1_validation,2016-04-04,18,12.640223368828488,32.0,0,2,25.280446737656977,32.0,False,False,Normal
FOODS_3_784_CA_1_validation,2016-04-11,8,14.386201657497208,30.0,0,2,28.772403314994417,30.0,False,False,Normal
FOODS_3_784_CA_1_validation,2016-04-18,13,11.757579823987925,26.0,0,2,23.51515964797585,26.0,False,False,Normal
FOODS_3_785_CA_1_validation,2016-03-14,0,2.0215173218620293,0.0,0,2,4.0430346437240585,0.0,True,False,Stockout Risk
FOODS_3_785_CA_1_validation,2016-03-21,0,0.3651618097588788,0.0,0,2,0.7303236195177576,0.0,True,False,Stockout Risk
FOODS_3_785_CA_1_validation,2016-03-28,0,0.3651618097588788,0.0,0,2,0.7303236195177576,0.0,True,False,Stockout Risk
FOODS_3_785_CA_1_validation,2016-04-04,0,0.5470073055823366,0.0,0,2,1.0940146111646731,0.0,True,False,Stockout Risk
FOODS_3_785_CA_1_validation,2016-04-11,0,0.3006084123614305,0.0,0,2,0.601216824722861,0.0,True,False,Stockout Risk
FOODS_3_785_CA_1_validation,2016-04-18,108,0.3006084123614305,54.0,0,2,0.601216824722861,54.0,False,False,Normal
FOODS_3_786_CA_1_validation,2016-03-14,21,14.047923555060638,42.0,0,2,28.095847110121277,42.0,False,False,Normal
FOODS_3_786_CA_1_validation,2016-03-21,9,15.651411993666589,30.0,0,2,31.302823987333177,30.0,True,False,Stockout Risk
FOODS_3_786_CA_1_validation,2016-03-28,12,12.97252101859486,28.0,0,2,25.94504203718972,28.0,False,False,Normal
FOODS_3_786_CA_1_validation,2016-04-04,14,13.158091345551863,28.0,0,2,26.316182691103727,28.0,False,False,Normal
FOODS_3_786_CA_1_validation,2016-04-11,20,13.64955968512965,28.0,0,2,27.2991193702593,28.0,False,False,Normal
FOODS_3_786_CA_1_validation,2016-04-18,15,14.672452668382371,30.0,0,2,29.344905336764743,30.0,False,False,Normal
FOODS_3_787_CA_1_validation,2016-03-14,29,15.490242490795156,58.0,0,2,30.980484981590312,58.0,False,False,Normal
FOODS_3_787_CA_1_validation,2016-03-21,19,20.03194000498479,48.0,0,2,40.06388000996958,48.0,False,False,Normal
FOODS_3_787_CA_1_validation,2016-03-28,10,17.942683059726715,39.0,0,2,35.88536611945343,39.0,False,False,Normal
FOODS_3_787_CA_1_validation,2016-04-04,21,16.43670640621776,40.0,0,2,32.87341281243552,40.0,False,False,Normal
FOODS_3_787_CA_1_validation,2016-04-11,12,17.175186304972737,31.0,0,2,34.350372609945474,31.0,True,False,Stockout Risk
FOODS_3_787_CA_1_validation,2016-04-18,10,14.184441997980343,26.0,0,2,28.368883995960687,26.0,True,False,Stockout Risk
FOODS_3_788_CA_1_validation,2016-03-14,2,9.358617629506988,4.0,0,2,18.717235259013975,4.0,True,False,Stockout Risk
FOODS_3_788_CA_1_validation,2016-03-21,1,6.435675547945092,3.0,0,2,12.871351095890184,3.0,True,False,Stockout Risk
FOODS_3_788_CA_1_validation,2016-03-28,4,4.694521968583392,5.0,0,2,9.389043937166784,5.0,True,False,Stockout Risk
FOODS_3_788_CA_1_validation,2016-04-04,3,5.481403128480933,5.0,0,2,10.962806256961866,5.0,True,False,Stockout Risk
FOODS_3_788_CA_1_validation,2016-04-11,0,5.033971799454931,4.0,0,2,10.067943598909862,4.0,True,False,Stockout Risk
FOODS_3_788_CA_1_validation,2016-04-18,8,1.5100647822935824,8.0,0,2,3.020129564587165,8.0,False,False,Normal
FOODS_3_789_CA_1_validation,2016-03-14,28,29.50320461390633,56.0,0,2,59.00640922781266,56.0,True,False,Stockout Risk
FOODS_3_789_CA_1_validation,2016-03-21,30,28.687123606924526,58.0,0,2,57.37424721384905,58.0,False,False,Normal
FOODS_3_789_CA_1_validation,2016-03-28,32,28.92975566447086,60.0,0,2,57.85951132894172,60.0,False,False,Normal
FOODS_3_789_CA_1_validation,2016-04-04,52,31.87212889008573,71.0,0,2,63.74425778017146,71.0,False,False,Normal
FOODS_3_789_CA_1_validation,2016-04-11,33,38.205344361773264,74.0,0,2,76.41068872354653,74.0,True,False,Stockout Risk
FOODS_3_789_CA_1_validation,2016-04-18,25,33.33301593266698,71.0,0,2,66.66603186533396,71.0,False,False,Normal
FOODS_3_790_CA_1_validation,2016-03-14,0,0.3651618097588788,0.0,0,2,0.7303236195177576,0.0,True,False,Stockout Risk
FOODS_3_790_CA_1_validation,2016-03-21,0,0.3651618097588788,0.0,0,2,0.7303236195177576,0.0,True,False,Stockout Risk
FOODS_3_790_CA_1_validation,2016-03-28,1,0.3651618097588788,1.0,0,2,0.7303236195177576,1.0,False,False,Normal
FOODS_3_790_CA_1_validation,2016-04-04,8,3.6711382029390656,4.0,0,2,7.342276405878131,4.0,True,False,Stockout Risk
FOODS_3_790_CA_1_validation,2016-04-11,7,5.864545528039978,8.0,0,2,11.729091056079955,8.0,True,False,Stockout Risk
FOODS_3_790_CA_1_validation,2016-04-18,1,6.7021417063560405,8.0,0,2,13.404283412712081,8.0,True,False,Stockout Risk
FOODS_3_791_CA_1_validation,2016-03-14,0,0.4553433990161183,0.0,0,2,0.9106867980322366,0.0,True,False,Stockout Risk
FOODS_3_791_CA_1_validation,2016-03-21,0,0.438807456804893,0.0,0,2,0.877614913609786,0.0,True,False,Stockout Risk
FOODS_3_791_CA_1_validation,2016-03-28,6,0.438807456804893,4.0,0,2,0.877614913609786,4.0,False,False,Normal
FOODS_3_791_CA_1_validation,2016-04-04,5,6.328270382409887,6.0,0,2,12.656540764819773,6.0,True,False,Stockout Risk
FOODS_3_791_CA_1_validation,2016-04-11,12,4.896472463764536,12.0,0,2,9.792944927529073,12.0,False,False,Normal
FOODS_3_791_CA_1_validation,2016-04-18,4,8.781043103328631,14.0,0,2,17.562086206657263,14.0,True,False,Stockout Risk
FOODS_3_792_CA_1_validation,2016-03-14,11,14.56085317098761,22.0,0,2,29.12170634197522,22.0,True,False,Stockout Risk
FOODS_3_792_CA_1_validation,2016-03-21,18,12.494820078270047,29.0,0,2,24.989640156540094,29.0,False,False,Normal
FOODS_3_792_CA_1_validation,2016-03-28,13,15.147822182662187,28.0,0,2,30.295644365324375,28.0,True,False,Stockout Risk
FOODS_3_792_CA_1_validation,2016-04-04,16,14.318255220926524,29.0,0,2,28.636510441853048,29.0,False,False,Normal
FOODS_3_792_CA_1_validation,2016-04-11,20,14.653989254315348,34.0,0,2,29.307978508630697,34.0,False,False,Normal
FOODS_3_792_CA_1_validation,2016-04-18,13,15.998136264022849,31.0,0,2,31.996272528045697,31.0,True,False,Stockout Risk
FOODS_3_793_CA_1_validation,2016-03-14,13,17.32477998753311,26.0,0,2,34.64955997506622,26.0,True,False,Stockout Risk
FOODS_3_793_CA_1_validation,2016-03-21,8,16.293938035752944,21.0,0,2,32.58787607150589,21.0,True,False,Stockout Risk
FOODS_3_793_CA_1_validation,2016-03-28,11,13.957589768875776,21.0,0,2,27.915179537751552,21.0,True,False,Stockout Risk
FOODS_3_793_CA_1_validation,2016-04-04,18,13.083798879536594,25.0,0,2,26.16759775907319,25.0,True,False,Stockout Risk
FOODS_3_793_CA_1_validation,2016-04-11,12,14.12486497334233,24.0,0,2,28.24972994668466,24.0,True,False,Stockout Risk
FOODS_3_793_CA_1_validation,2016-04-18,15,12.654125729558158,28.0,0,2,25.308251459116317,28.0,False,False,Normal
FOODS_3_794_CA_1_validation,2016-03-14,11,10.544837936925983,22.0,0,2,21.089675873851967,22.0,False,False,Normal
FOODS_3_794_CA_1_validation,2016-03-21,4,10.50396046205064,15.0,0,2,21.00792092410128,15.0,True,False,Stockout Risk
FOODS_3_794_CA_1_validation,2016-03-28,11,8.43829882486901,17.0,0,2,16.87659764973802,17.0,False,False,Normal
FOODS_3_794_CA_1_validation,2016-04-04,18,10.114335049180315,22.0,0,2,20.22867009836063,22.0,False,False,Normal
FOODS_3_794_CA_1_validation,2016-04-11,8,11.867961709559395,20.0,0,2,23.73592341911879,20.0,True,False,Stockout Risk
FOODS_3_794_CA_1_validation,2016-04-18,12,10.34838701886208,24.0,0,2,20.69677403772416,24.0,False,False,Normal
FOODS_3_795_CA_1_validation,2016-03-14,30,31.47349027088348,60.0,0,2,62.94698054176696,60.0,True,False,Stockout Risk
FOODS_3_795_CA_1_validation,2016-03-21,39,29.752579524453825,69.0,0,2,59.50515904890765,69.0,False,False,Normal
FOODS_3_795_CA_1_validation,2016-03-28,31,33.36012580677344,67.0,0,2,66.72025161354688,67.0,False,False,Normal
FOODS_3_795_CA_1_validation,2016-04-04,32,32.475493767000074,66.0,0,2,64.95098753400015,66.0,False,False,Normal
FOODS_3_795_CA_1_validation,2016-04-11,34,33.378108362993586,68.0,0,2,66.75621672598717,68.0,False,False,Normal
FOODS_3_795_CA_1_validation,2016-04-18,28,33.26189292946726,62.0,0,2,66.52378585893452,62.0,True,False,Stockout Risk
FOODS_3_796_CA_1_validation,2016-03-14,4,6.287681438247111,8.0,0,2,12.575362876494221,8.0,True,False,Stockout Risk
FOODS_3_796_CA_1_validation,2016-03-21,1,7.20287068898663,5.0,0,2,14.40574137797326,5.0,True,False,Stockout Risk
FOODS_3_796_CA_1_validation,2016-03-28,9,5.683163685596853,9.0,0,2,11.366327371193705,9.0,True,False,Stockout Risk
FOODS_3_796_CA_1_validation,2016-04-04,3,7.218935661245342,8.0,0,2,14.437871322490684,8.0,True,False,Stockout Risk
FOODS_3_796_CA_1_validation,2016-04-11,4,4.966614077125133,8.0,0,2,9.933228154250266,8.0,True,False,Stockout Risk
FOODS_3_796_CA_1_validation,2016-04-18,11,4.467345369116866,14.0,0,2,8.934690738233732,14.0,False,False,Normal
FOODS_3_797_CA_1_validation,2016-03-14,10,5.074392178008628,20.0,0,2,10.148784356017256,20.0,False,False,Normal
FOODS_3_797_CA_1_validation,2016-03-21,10,6.397941041545527,20.0,0,2,12.795882083091055,20.0,False,False,Normal
FOODS_3_797_CA_1_validation,2016-03-28,10,7.5816511157668,20.0,0,2,15.1633022315336,20.0,False,False,Normal
FOODS_3_797_CA_1_validation,2016-04-04,16,8.647467418953376,23.0,0,2,17.29493483790675,23.0,False,False,Normal
FOODS_3_797_CA_1_validation,2016-04-11,8,10.555419430634046,22.0,0,2,21.110838861268093,22.0,False,False,Normal
FOODS_3_797_CA_1_validation,2016-04-18,14,9.14941878419034,24.0,0,2,18.29883756838068,24.0,False,False,Normal
FOODS_3_798_CA_1_validation,2016-03-14,0,0.438807456804893,0.0,0,2,0.877614913609786,0.0,True,False,Stockout Risk
FOODS_3_798_CA_1_validation,2016-03-21,0,0.438807456804893,0.0,0,2,0.877614913609786,0.0,True,False,Stockout Risk
FOODS_3_798_CA_1_validation,2016-03-28,0,0.438807456804893,0.0,0,2,0.877614913609786,0.0,True,False,Stockout Risk
FOODS_3_798_CA_1_validation,2016-04-04,2,0.5470073055823366,1.0,0,2,1.0940146111646731,1.0,True,False,Stockout Risk
FOODS_3_798_CA_1_validation,2016-04-11,2,3.957316376609276,2.0,0,2,7.914632753218552,2.0,True,False,Stockout Risk
FOODS_3_798_CA_1_validation,2016-04-18,2,3.330728376899495,3.0,0,2,6.66145675379899,3.0,True,False,Stockout Risk
FOODS_3_799_CA_1_validation,2016-03-14,0,2.862704707405826,0.0,0,2,5.725409414811652,0.0,True,False,Stockout Risk
FOODS_3_799_CA_1_validation,2016-03-21,1,1.1241322714248425,1.0,0,2,2.248264542849685,1.0,True,False,Stockout Risk
FOODS_3_799_CA_1_validation,2016-03-28,0,2.5413035371386936,1.0,0,2,5.082607074277387,1.0,True,False,Stockout Risk
FOODS_3_799_CA_1_validation,2016-04-04,0,1.2091454856713904,0.0,0,2,2.4182909713427807,0.0,True,False,Stockout Risk
FOODS_3_799_CA_1_validation,2016-04-11,0,1.064996876750888,0.0,0,2,2.129993753501776,0.0,True,False,Stockout Risk
FOODS_3_799_CA_1_validation,2016-04-18,0,0.9026045081591122,0.0,0,2,1.8052090163182244,0.0,True,False,Stockout Risk
FOODS_3_800_CA_1_validation,2016-03-14,10,10.573103412566269,20.0,0,2,21.146206825132538,20.0,True,False,Stockout Risk
FOODS_3_800_CA_1_validation,2016-03-21,15,10.054723529000492,25.0,0,2,20.109447058000985,25.0,False,False,Normal
FOODS_3_800_CA_1_validation,2016-03-28,18,12.012520061961755,29.0,0,2,24.02504012392351,29.0,False,False,Normal
FOODS_3_800_CA_1_validation,2016-04-04,23,13.964114158008828,33.0,0,2,27.928228316017655,33.0,False,False,Normal
FOODS_3_800_CA_1_validation,2016-04-11,15,16.356063777055276,36.0,0,2,32.71212755411055,36.0,False,False,Normal
FOODS_3_800_CA_1_validation,2016-04-18,14,15.11453186264689,35.0,0,2,30.22906372529378,35.0,False,False,Normal
FOODS_3_801_CA_1_validation,2016-03-14,20,16.98126740174769,40.0,0,2,33.96253480349538,40.0,False,False,Normal
FOODS_3_801_CA_1_validation,2016-03-21,13,17.593498503127446,33.0,0,2,35.18699700625489,33.0,True,False,Stockout Risk
FOODS_3_801_CA_1_validation,2016-03-28,11,15.489431275836209,29.0,0,2,30.978862551672417,29.0,True,False,Stockout Risk
FOODS_3_801_CA_1_validation,2016-04-04,20,15.199858355843062,32.0,0,2,30.399716711686125,32.0,False,False,Normal
FOODS_3_801_CA_1_validation,2016-04-11,13,16.027610520396077,28.0,0,2,32.055221040792155,28.0,True,False,Stockout Risk
FOODS_3_801_CA_1_validation,2016-04-18,20,14.374032139461354,32.0,0,2,28.74806427892271,32.0,False,False,Normal
FOODS_3_802_CA_1_validation,2016-03-14,0,3.178202583092217,0.0,0,2,6.356405166184434,0.0,True,False,Stockout Risk
FOODS_3_802_CA_1_validation,2016-03-21,0,0.9994463211354212,0.0,0,2,1.9988926422708424,0.0,True,False,Stockout Risk
FOODS_3_802_CA_1_validation,2016-03-28,0,0.983707976926116,0.0,0,2,1.967415953852232,0.0,True,False,Stockout Risk
FOODS_3_802_CA_1_validation,2016-04-04,0,1.2290938739400552,0.0,0,2,2.4581877478801104,0.0,True,False,Stockout Risk
FOODS_3_802_CA_1_validation,2016-04-11,0,0.39079000161867,0.0,0,2,0.78158000323734,0.0,True,False,Stockout Risk
FOODS_3_802_CA_1_validation,2016-04-18,5,0.39079000161867,2.0,0,2,0.78158000323734,2.0,False,False,Normal
FOODS_3_803_CA_1_validation,2016-03-14,13,15.826623981421738,26.0,0,2,31.653247962843476,26.0,True,False,Stockout Risk
FOODS_3_803_CA_1_validation,2016-03-21,19,14.623859136725605,32.0,0,2,29.24771827345121,32.0,False,False,Normal
FOODS_3_803_CA_1_validation,2016-03-28,21,15.70086591937364,35.0,0,2,31.40173183874728,35.0,False,False,Normal
FOODS_3_803_CA_1_validation,2016-04-04,21,17.329205513106043,37.0,0,2,34.658411026212086,37.0,False,False,Normal
FOODS_3_803_CA_1_validation,2016-04-11,21,18.059711450223578,41.0,0,2,36.119422900447155,41.0,False,False,Normal
FOODS_3_803_CA_1_validation,2016-04-18,38,18.179312619550306,50.0,0,2,36.35862523910061,50.0,False,False,Normal
FOODS_3_804_CA_1_validation,2016-03-14,21,7.277657458355648,42.0,0,2,14.555314916711296,42.0,False,False,Normal
FOODS_3_804_CA_1_validation,2016-03-21,19,18.390067465256266,40.0,0,2,36.78013493051253,40.0,False,False,Normal
FOODS_3_804_CA_1_validation,2016-03-28,14,17.355250513345972,36.0,0,2,34.710501026691944,36.0,False,False,Normal
FOODS_3_804_CA_1_validation,2016-04-04,20,13.88307545017518,37.0,0,2,27.76615090035036,37.0,False,False,Normal
FOODS_3_804_CA_1_validation,2016-04-11,21,17.46061478205785,37.0,0,2,34.9212295641157,37.0,False,False,Normal
FOODS_3_804_CA_1_validation,2016-04-18,16,18.68172382337177,36.0,0,2,37.36344764674354,36.0,True,False,Stockout Risk
FOODS_3_805_CA_1_validation,2016-03-14,12,3.125351747959964,24.0,0,2,6.250703495919928,24.0,False,False,Normal
FOODS_3_805_CA_1_validation,2016-03-21,13,8.252685748356683,25.0,0,2,16.505371496713366,25.0,False,False,Normal
FOODS_3_805_CA_1_validation,2016-03-28,4,9.845968212875782,19.0,0,2,19.691936425751564,19.0,True,False,Stockout Risk
FOODS_3_805_CA_1_validation,2016-04-04,4,6.409042853560973,16.0,0,2,12.818085707121947,16.0,False,False,Normal
FOODS_3_805_CA_1_validation,2016-04-11,2,6.763386674141043,12.0,0,2,13.526773348282086,12.0,True,False,Stockout Risk
FOODS_3_805_CA_1_validation,2016-04-18,4,4.488691033198705,7.0,0,2,8.97738206639741,7.0,True,False,Stockout Risk
FOODS_3_806_CA_1_validation,2016-03-14,1,1.1651243172785788,2.0,0,2,2.3302486345571576,2.0,True,False,Stockout Risk
FOODS_3_806_CA_1_validation,2016-03-21,3,2.441424765710489,4.0,0,2,4.882849531420978,4.0,True,False,Stockout Risk
FOODS_3_806_CA_1_validation,2016-03-28,2,3.3582582070495666,4.0,0,2,6.716516414099133,4.0,True,False,Stockout Risk
FOODS_3_806_CA_1_validation,2016-04-04,3,3.577127270120401,4.0,0,2,7.154254540240802,4.0,True,False,Stockout Risk
FOODS_3_806_CA_1_validation,2016-04-11,4,3.293704809652118,6.0,0,2,6.587409619304236,6.0,True,False,Stockout Risk
FOODS_3_806_CA_1_validation,2016-04-18,3,3.6385871885827914,6.0,0,2,7.277174377165583,6.0,True,False,Stockout Risk
FOODS_3_807_CA_1_validation,2016-03-14,0,18.021077758924164,0.0,0,2,36.04215551784833,0.0,True,False,Stockout Risk
FOODS_3_807_CA_1_validation,2016-03-21,19,6.61384211107972,19.0,0,2,13.22768422215944,19.0,False,False,Normal
FOODS_3_807_CA_1_validation,2016-03-28,61,20.204874003020453,53.0,0,2,40.40974800604091,53.0,False,False,Normal
FOODS_3_807_CA_1_validation,2016-04-04,72,43.47591557989478,76.0,0,2,86.95183115978956,76.0,True,False,Stockout Risk
FOODS_3_807_CA_1_validation,2016-04-11,40,52.772687745100505,96.0,0,2,105.54537549020101,96.0,True,False,Stockout Risk
FOODS_3_807_CA_1_validation,2016-04-18,37,39.38172795212499,105.0,0,2,78.76345590424998,105.0,False,False,Normal
FOODS_3_808_CA_1_validation,2016-03-14,3,22.20241971555684,6.0,0,2,44.40483943111368,6.0,True,False,Stockout Risk
FOODS_3_808_CA_1_validation,2016-03-21,15,12.195727876402486,18.0,0,2,24.391455752804973,18.0,True,False,Stockout Risk
FOODS_3_808_CA_1_validation,2016-03-28,39,17.52201292183367,38.0,0,2,35.04402584366734,38.0,False,False,Normal
FOODS_3_808_CA_1_validation,2016-04-04,0,31.242834504216912,28.0,0,2,62.485669008433824,28.0,True,False,Stockout Risk
FOODS_3_808_CA_1_validation,2016-04-11,0,7.5891127828794,27.0,0,2,15.1782255657588,27.0,False,False,Normal
FOODS_3_808_CA_1_validation,2016-04-18,0,5.841123673805879,20.0,0,2,11.682247347611758,20.0,False,False,Normal
FOODS_3_809_CA_1_validation,2016-03-14,15,17.92441315736614,30.0,0,2,35.84882631473228,30.0,True,False,Stockout Risk
FOODS_3_809_CA_1_validation,2016-03-21,18,14.510827372352855,33.0,0,2,29.02165474470571,33.0,False,False,Normal
FOODS_3_809_CA_1_validation,2016-03-28,15,15.342622835903551,32.0,0,2,30.685245671807102,32.0,False,False,Normal
FOODS_3_809_CA_1_validation,2016-04-04,27,16.638426781996166,38.0,0,2,33.27685356399233,38.0,False,False,Normal
FOODS_3_809_CA_1_validation,2016-04-11,24,19.31248194752664,42.0,0,2,38.62496389505328,42.0,False,False,Normal
FOODS_3_809_CA_1_validation,2016-04-18,25,18.967167866962296,46.0,0,2,37.93433573392459,46.0,False,False,Normal
FOODS_3_810_CA_1_validation,2016-03-14,25,41.277913133912406,50.0,0,2,82.55582626782481,50.0,True,False,Stockout Risk
FOODS_3_810_CA_1_validation,2016-03-21,40,22.6497731173261,65.0,0,2,45.2995462346522,65.0,False,False,Normal
FOODS_3_810_CA_1_validation,2016-03-28,37,34.982230853593975,68.0,0,2,69.96446170718795,68.0,True,False,Stockout Risk
FOODS_3_810_CA_1_validation,2016-04-04,34,37.3169677182269,68.0,0,2,74.6339354364538,68.0,True,False,Stockout Risk
FOODS_3_810_CA_1_validation,2016-04-11,39,31.009937619868115,75.0,0,2,62.01987523973623,75.0,False,False,Normal
FOODS_3_810_CA_1_validation,2016-04-18,29,35.06139083378565,70.0,0,2,70.1227816675713,70.0,True,False,Stockout Risk
FOODS_3_811_CA_1_validation,2016-03-14,53,55.3851279631204,106.0,0,2,110.7702559262408,106.0,True,False,Stockout Risk
FOODS_3_811_CA_1_validation,2016-03-21,69,52.19040932921661,122.0,0,2,104.38081865843321,122.0,False,False,Normal
FOODS_3_811_CA_1_validation,2016-03-28,59,62.50701904096195,121.0,0,2,125.0140380819239,121.0,True,False,Stockout Risk
FOODS_3_811_CA_1_validation,2016-04-04,43,60.5007968788294,112.0,0,2,121.0015937576588,112.0,True,False,Stockout Risk
FOODS_3_811_CA_1_validation,2016-04-11,159,48.99095831954941,165.0,0,2,97.98191663909881,165.0,False,False,Normal
FOODS_3_811_CA_1_validation,2016-04-18,148,106.93191963840944,204.0,0,2,213.86383927681888,204.0,True,False,Stockout Risk
FOODS_3_812_CA_1_validation,2016-03-14,21,14.728438890662312,42.0,0,2,29.456877781324625,42.0,False,False,Normal
FOODS_3_812_CA_1_validation,2016-03-21,18,17.476253313960946,39.0,0,2,34.95250662792189,39.0,False,False,Normal
FOODS_3_812_CA_1_validation,2016-03-28,9,16.286911142462554,32.0,0,2,32.57382228492511,32.0,True,False,Stockout Risk
FOODS_3_812_CA_1_validation,2016-04-04,16,14.807713276743316,32.0,0,2,29.615426553486632,32.0,False,False,Normal
FOODS_3_812_CA_1_validation,2016-04-11,11,15.086975214088646,27.0,0,2,30.173950428177292,27.0,True,False,Stockout Risk
FOODS_3_812_CA_1_validation,2016-04-18,15,12.849210843430466,26.0,0,2,25.698421686860932,26.0,False,False,Normal
FOODS_3_813_CA_1_validation,2016-03-14,14,16.585008824430776,28.0,0,2,33.17001764886155,28.0,True,False,Stockout Risk
FOODS_3_813_CA_1_validation,2016-03-21,20,14.832981423038936,34.0,0,2,29.66596284607787,34.0,False,False,Normal
FOODS_3_813_CA_1_validation,2016-03-28,21,16.211014037346434,37.0,0,2,32.42202807469287,37.0,False,False,Normal
FOODS_3_813_CA_1_validation,2016-04-04,28,18.083376293080363,42.0,0,2,36.166752586160726,42.0,False,False,Normal
FOODS_3_813_CA_1_validation,2016-04-11,12,20.493464929933,40.0,0,2,40.986929859866,40.0,True,False,Stockout Risk
FOODS_3_813_CA_1_validation,2016-04-18,8,16.19931099445548,34.0,0,2,32.39862198891096,34.0,False,False,Normal
FOODS_3_814_CA_1_validation,2016-03-14,11,14.42869026303346,22.0,0,2,28.85738052606692,22.0,True,False,Stockout Risk
FOODS_3_814_CA_1_validation,2016-03-21,11,13.427668091300836,22.0,0,2,26.855336182601672,22.0,True,False,Stockout Risk
FOODS_3_814_CA_1_validation,2016-03-28,12,12.444736698515968,23.0,0,2,24.889473397031935,23.0,True,False,Stockout Risk
FOODS_3_814_CA_1_validation,2016-04-04,9,13.044376113079275,22.0,0,2,26.08875222615855,22.0,True,False,Stockout Risk
FOODS_3_814_CA_1_validation,2016-04-11,14,11.153802852826605,23.0,0,2,22.30760570565321,23.0,False,False,Normal
FOODS_3_814_CA_1_validation,2016-04-18,7,11.8097710948811,21.0,0,2,23.6195421897622,21.0,True,False,Stockout Risk
FOODS_3_815_CA_1_validation,2016-03-14,10,4.143960472242518,20.0,0,2,8.287920944485036,20.0,False,False,Normal
FOODS_3_815_CA_1_validation,2016-03-21,1,6.188052657035886,11.0,0,2,12.376105314071772,11.0,True,False,Stockout Risk
FOODS_3_815_CA_1_validation,2016-03-28,3,3.948490600669604,9.0,0,2,7.896981201339208,9.0,False,False,Normal
FOODS_3_815_CA_1_validation,2016-04-04,5,4.9872064881999645,10.0,0,2,9.974412976399929,10.0,False,False,Normal
FOODS_3_815_CA_1_validation,2016-04-11,2,4.763742381140004,6.0,0,2,9.527484762280007,6.0,True,False,Stockout Risk
FOODS_3_815_CA_1_validation,2016-04-18,2,3.944620008621296,6.0,0,2,7.889240017242592,6.0,True,False,Stockout Risk
FOODS_3_816_CA_1_validation,2016-03-14,6,14.33192021115567,12.0,0,2,28.66384042231134,12.0,True,False,Stockout Risk
FOODS_3_816_CA_1_validation,2016-03-21,14,13.147439564327769,20.0,0,2,26.294879128655538,20.0,True,False,Stockout Risk
FOODS_3_816_CA_1_validation,2016-03-28,18,12.615203180720211,25.0,0,2,25.230406361440423,25.0,True,False,Stockout Risk
FOODS_3_816_CA_1_validation,2016-04-04,28,17.07213984523798,33.0,0,2,34.14427969047596,33.0,True,False,Stockout Risk
FOODS_3_816_CA_1_validation,2016-04-11,1,19.485425754466625,30.0,0,2,38.97085150893325,30.0,True,False,Stockout Risk
FOODS_3_816_CA_1_validation,2016-04-18,11,10.548039624808489,29.0,0,2,21.096079249616977,29.0,False,False,Normal
FOODS_3_817_CA_1_validation,2016-03-14,0,1.4133902391418594,0.0,0,2,2.8267804782837187,0.0,True,False,Stockout Risk
FOODS_3_817_CA_1_validation,2016-03-21,5,0.983707976926116,5.0,0,2,1.967415953852232,5.0,False,False,Normal
FOODS_3_817_CA_1_validation,2016-03-28,4,4.001963608517221,6.0,0,2,8.003927217034443,6.0,True,False,Stockout Risk
FOODS_3_817_CA_1_validation,2016-04-04,0,4.3564118259242965,4.0,0,2,8.712823651848593,4.0,True,False,Stockout Risk
FOODS_3_817_CA_1_validation,2016-04-11,2,1.1005709198811304,6.0,0,2,2.201141839762261,6.0,False,False,Normal
FOODS_3_817_CA_1_validation,2016-04-18,3,3.071738846264493,4.0,0,2,6.143477692528986,4.0,True,False,Stockout Risk
FOODS_3_818_CA_1_validation,2016-03-14,16,22.111080788293386,32.0,0,2,44.22216157658677,32.0,True,False,Stockout Risk
FOODS_3_818_CA_1_validation,2016-03-21,30,19.62448984035573,46.0,0,2,39.24897968071146,46.0,False,False,Normal
FOODS_3_818_CA_1_validation,2016-03-28,19,25.085238159442184,43.0,0,2,50.17047631888437,43.0,True,False,Stockout Risk
FOODS_3_818_CA_1_validation,2016-04-04,15,24.03055829405642,40.0,0,2,48.06111658811284,40.0,True,False,Stockout Risk
FOODS_3_818_CA_1_validation,2016-04-11,12,18.03060008354499,38.0,0,2,36.06120016708998,38.0,False,False,Normal
FOODS_3_818_CA_1_validation,2016-04-18,31,17.468862126188963,38.0,0,2,34.937724252377926,38.0,False,False,Normal
FOODS_3_819_CA_1_validation,2016-03-14,12,12.16599719224109,24.0,0,2,24.33199438448218,24.0,True,False,Stockout Risk
FOODS_3_819_CA_1_validation,2016-03-21,12,12.872276497794424,24.0,0,2,25.744552995588847,24.0,True,False,Stockout Risk
FOODS_3_819_CA_1_validation,2016-03-28,17,12.670786255346812,27.0,0,2,25.341572510693624,27.0,False,False,Normal
FOODS_3_819_CA_1_validation,2016-04-04,12,13.630627200633224,26.0,0,2,27.26125440126645,26.0,True,False,Stockout Risk
FOODS_3_819_CA_1_validation,2016-04-11,6,12.768438059451016,24.0,0,2,25.536876118902033,24.0,True,False,Stockout Risk
FOODS_3_819_CA_1_validation,2016-04-18,11,10.23386863765402,23.0,0,2,20.46773727530804,23.0,False,False,Normal
FOODS_3_820_CA_1_validation,2016-03-14,11,8.163977028758795,22.0,0,2,16.32795405751759,22.0,False,False,Normal
FOODS_3_820_CA_1_validation,2016-03-21,15,9.1057945434826,26.0,0,2,18.2115890869652,26.0,False,False,Normal
FOODS_3_820_CA_1_validation,2016-03-28,10,10.623141019138297,24.0,0,2,21.246282038276593,24.0,False,False,Normal
FOODS_3_820_CA_1_validation,2016-04-04,10,10.099192043955515,23.0,0,2,20.19838408791103,23.0,False,False,Normal
FOODS_3_820_CA_1_validation,2016-04-11,9,9.7121085886449,22.0,0,2,19.4242171772898,22.0,False,False,Normal
FOODS_3_820_CA_1_validation,2016-04-18,15,9.827103255873103,22.0,0,2,19.654206511746207,22.0,False,False,Normal
FOODS_3_821_CA_1_validation,2016-03-14,8,10.051456975401296,16.0,0,2,20.10291395080259,16.0,True,False,Stockout Risk
FOODS_3_821_CA_1_validation,2016-03-21,17,9.32414208457354,25.0,0,2,18.64828416914708,25.0,False,False,Normal
FOODS_3_821_CA_1_validation,2016-03-28,13,11.458588875997334,25.0,0,2,22.917177751994668,25.0,False,False,Normal
FOODS_3_821_CA_1_validation,2016-04-04,7,11.110020399080108,22.0,0,2,22.220040798160216,22.0,True,False,Stockout Risk
FOODS_3_821_CA_1_validation,2016-04-11,12,9.6596038342755,24.0,0,2,19.319207668551,24.0,False,False,Normal
FOODS_3_821_CA_1_validation,2016-04-18,15,10.51614771104175,24.0,0,2,21.0322954220835,24.0,False,False,Normal
FOODS_3_822_CA_1_validation,2016-03-14,19,20.31169950923907,38.0,0,2,40.62339901847814,38.0,True,False,Stockout Risk
FOODS_3_822_CA_1_validation,2016-03-21,17,20.16020753925157,36.0,0,2,40.32041507850314,36.0,True,False,Stockout Risk
FOODS_3_822_CA_1_validation,2016-03-28,22,18.57309430751562,39.0,0,2,37.14618861503124,39.0,False,False,Normal
FOODS_3_822_CA_1_validation,2016-04-04,27,19.9923722315296,42.0,0,2,39.9847444630592,42.0,False,False,Normal
FOODS_3_822_CA_1_validation,2016-04-11,24,21.85602695882803,45.0,0,2,43.71205391765606,45.0,False,False,Normal
FOODS_3_822_CA_1_validation,2016-04-18,21,22.34520263852259,47.0,0,2,44.69040527704518,47.0,False,False,Normal
FOODS_3_823_CA_1_validation,2016-03-14,0,4.154695219778057,0.0,0,2,8.309390439556115,0.0,True,False,Stockout Risk
FOODS_3_823_CA_1_validation,2016-03-21,0,2.836194749278661,0.0,0,2,5.672389498557322,0.0,True,False,Stockout Risk
FOODS_3_823_CA_1_validation,2016-03-28,0,2.302315674288599,0.0,0,2,4.604631348577198,0.0,True,False,Stockout Risk
FOODS_3_823_CA_1_validation,2016-04-04,0,1.5217374277926097,0.0,0,2,3.0434748555852194,0.0,True,False,Stockout Risk
FOODS_3_823_CA_1_validation,2016-04-11,13,0.3742540594074448,6.0,0,2,0.7485081188148895,6.0,False,False,Normal
FOODS_3_823_CA_1_validation,2016-04-18,9,12.939877436320591,11.0,0,2,25.879754872641183,11.0,True,False,Stockout Risk
FOODS_3_824_CA_1_validation,2016-03-14,0,0.3651618097588788,0.0,0,2,0.7303236195177576,0.0,True,False,Stockout Risk
FOODS_3_824_CA_1_validation,2016-03-21,0,0.3651618097588788,0.0,0,2,0.7303236195177576,0.0,True,False,Stockout Risk
FOODS_3_824_CA_1_validation,2016-03-28,4,0.3651618097588788,3.0,0,2,0.7303236195177576,3.0,False,False,Normal
FOODS_3_824_CA_1_validation,2016-04-04,12,5.322628725646177,8.0,0,2,10.645257451292354,8.0,True,False,Stockout Risk
FOODS_3_824_CA_1_validation,2016-04-11,2,8.545279288481412,9.0,0,2,17.090558576962824,9.0,True,False,Stockout Risk
FOODS_3_824_CA_1_validation,2016-04-18,6,5.128531329293893,12.0,0,2,10.257062658587786,12.0,False,False,Normal
FOODS_3_825_CA_1_validation,2016-03-14,6,7.130481735154817,12.0,0,2,14.260963470309633,12.0,True,False,Stockout Risk
FOODS_3_825_CA_1_validation,2016-03-21,6,6.515054008416559,12.0,0,2,13.030108016833118,12.0,True,False,Stockout Risk
FOODS_3_825_CA_1_validation,2016-03-28,7,6.517911234045352,13.0,0,2,13.035822468090704,13.0,True,False,Stockout Risk
FOODS_3_825_CA_1_validation,2016-04-04,8,6.949438918124065,14.0,0,2,13.89887783624813,14.0,False,False,Normal
FOODS_3_825_CA_1_validation,2016-04-11,10,6.900600447631798,16.0,0,2,13.801200895263596,16.0,False,False,Normal
FOODS_3_825_CA_1_validation,2016-04-18,8,7.971800712861441,16.0,0,2,15.943601425722882,16.0,False,False,Normal
FOODS_3_826_CA_1_validation,2016-03-14,11,7.626137176855743,22.0,0,2,15.252274353711487,22.0,False,False,Normal
FOODS_3_826_CA_1_validation,2016-03-21,12,9.006163727816483,23.0,0,2,18.012327455632967,23.0,False,False,Normal
FOODS_3_826_CA_1_validation,2016-03-28,11,11.138651058347916,23.0,0,2,22.277302116695832,23.0,False,False,Normal
FOODS_3_826_CA_1_validation,2016-04-04,4,9.573160652584978,19.0,0,2,19.146321305169955,19.0,True,False,Stockout Risk
FOODS_3_826_CA_1_validation,2016-04-11,6,7.929606473214978,16.0,0,2,15.859212946429956,16.0,False,False,Normal
FOODS_3_826_CA_1_validation,2016-04-18,7,7.613874486633557,14.0,0,2,15.227748973267113,14.0,True,False,Stockout Risk
FOODS_3_827_CA_1_validation,2016-03-14,27,34.38113365643219,54.0,0,2,68.76226731286438,54.0,True,False,Stockout Risk
FOODS_3_827_CA_1_validation,2016-03-21,26,26.57779036949562,53.0,0,2,53.15558073899124,53.0,True,False,Stockout Risk
FOODS_3_827_CA_1_validation,2016-03-28,20,25.57895681936944,49.0,0,2,51.15791363873888,49.0,True,False,Stockout Risk
FOODS_3_827_CA_1_validation,2016-04-04,36,24.49832955111009,54.0,0,2,48.99665910222018,54.0,False,False,Normal
FOODS_3_827_CA_1_validation,2016-04-11,52,29.45587297958283,67.0,0,2,58.91174595916566,67.0,False,False,Normal
FOODS_3_827_CA_1_validation,2016-04-18,49,38.205344361773264,78.0,0,2,76.41068872354653,78.0,False,False,Normal
